,dt,equity,balance
0,2021-11-16 02:34:00,0,0
1,2021-11-16 02:35:00,0,0
2,2021-11-16 02:36:00,0,0
3,2021-11-16 02:37:00,0,0
4,2021-11-16 02:38:00,0,0
5,2021-11-16 02:39:00,0,0
6,2021-11-16 02:40:00,0,0
7,2021-11-16 02:41:00,0,0
8,2021-11-16 02:42:00,0,0
9,2021-11-16 02:43:00,0,0
10,2021-11-16 02:44:00,0,0
11,2021-11-16 02:45:00,0,0
12,2021-11-16 02:46:00,0,0
13,2021-11-16 02:47:00,0,0
14,2021-11-16 02:48:00,0,0
15,2021-11-16 02:49:00,0,0
16,2021-11-16 02:50:00,0,0
17,2021-11-16 02:51:00,0,0
18,2021-11-16 02:52:00,0,0
19,2021-11-16 02:53:00,0,0
20,2021-11-16 02:54:00,0,0
21,2021-11-16 02:55:00,0,0
22,2021-11-16 02:56:00,0,0
23,2021-11-16 02:57:00,0,0
24,2021-11-16 02:58:00,0,0
25,2021-11-16 02:59:00,0,0
26,2021-11-16 03:00:00,0,0
27,2021-11-16 03:01:00,0,0
28,2021-11-16 03:02:00,0,0
29,2021-11-16 03:03:00,0,0
30,2021-11-16 03:04:00,0,0
31,2021-11-16 03:05:00,0,0
32,2021-11-16 03:06:00,0,0
33,2021-11-16 03:07:00,0,0
34,2021-11-16 03:08:00,0,0
35,2021-11-16 03:09:00,0,0
36,2021-11-16 03:10:00,0,0
37,2021-11-16 03:11:00,0,0
38,2021-11-16 03:12:00,0,0
39,2021-11-16 03:13:00,0,0
40,2021-11-16 03:14:00,0,0
41,2021-11-16 03:15:00,0,0
42,2021-11-16 03:16:00,0,0
43,2021-11-16 03:17:00,0,0
44,2021-11-16 03:18:00,0,0
45,2021-11-16 03:19:00,0,0
46,2021-11-16 03:20:00,0,0
47,2021-11-16 03:21:00,0,0
48,2021-11-16 03:22:00,0,0
49,2021-11-16 03:23:00,0,0
50,2021-11-16 03:24:00,0,0
51,2021-11-16 03:25:00,0,0
52,2021-11-16 03:26:00,0,0
53,2021-11-16 03:27:00,0,0
54,2021-11-16 03:28:00,0,0
55,2021-11-16 03:29:00,0,0
56,2021-11-16 03:30:00,0,0
57,2021-11-16 03:31:00,0,0
58,2021-11-16 03:32:00,0,0
59,2021-11-16 03:33:00,0,0
60,2021-11-16 03:34:00,0,0
61,2021-11-16 03:35:00,0,0
62,2021-11-16 03:36:00,0,0
63,2021-11-16 03:37:00,0,0
64,2021-11-16 03:38:00,0,0
65,2021-11-16 03:39:00,0,0
66,2021-11-16 03:40:00,0,0
67,2021-11-16 03:41:00,0,0
68,2021-11-16 03:42:00,0,0
69,2021-11-16 03:43:00,0,0
70,2021-11-16 03:44:00,0,0
71,2021-11-16 03:45:00,0,0
72,2021-11-16 03:46:00,0,0
73,2021-11-16 03:47:00,0,0
74,2021-11-16 03:48:00,0,0
75,2021-11-16 03:49:00,0,0
76,2021-11-16 03:50:00,0,0
77,2021-11-16 03:51:00,0,0
78,2021-11-16 03:52:00,0,0
79,2021-11-16 03:53:00,0,0
80,2021-11-16 03:54:00,0,0
81,2021-11-16 03:55:00,0,0
82,2021-11-16 03:56:00,0,0
83,2021-11-16 03:57:00,0,0
84,2021-11-16 03:58:00,0,0
85,2021-11-16 03:59:00,0,0
86,2021-11-16 04:00:00,0,0
87,2021-11-16 04:01:00,0,0
88,2021-11-16 04:02:00,0,0
89,2021-11-16 04:03:00,0,0
90,2021-11-16 04:04:00,-7.200000000000273,0
91,2021-11-16 04:05:00,-16.499999999998636,0
92,2021-11-16 04:06:00,-7.799999999999726,0
93,2021-11-16 04:07:00,0.8999999999991815,0
94,2021-11-16 04:08:00,4.800000000002456,0
95,2021-11-16 04:09:00,5.700000000001637,0
96,2021-11-16 04:10:00,3.9000000000032737,0
97,2021-11-16 04:11:00,10.80000000000382,0
98,2021-11-16 04:12:00,12.300000000002456,0
99,2021-11-16 04:13:00,13.500000000001364,0
100,2021-11-16 04:14:00,17.399999999997817,0
101,2021-11-16 04:15:00,22.799999999999727,22.799999999999727
102,2021-11-16 04:16:00,22.799999999999727,22.799999999999727
103,2021-11-16 04:17:00,22.799999999999727,22.799999999999727
104,2021-11-16 04:18:00,22.799999999999727,22.799999999999727
105,2021-11-16 04:19:00,22.799999999999727,22.799999999999727
106,2021-11-16 04:20:00,22.799999999999727,22.799999999999727
107,2021-11-16 04:21:00,22.799999999999727,22.799999999999727
108,2021-11-16 04:22:00,22.799999999999727,22.799999999999727
109,2021-11-16 04:23:00,22.799999999999727,22.799999999999727
110,2021-11-16 04:24:00,22.799999999999727,22.799999999999727
111,2021-11-16 04:25:00,22.799999999999727,22.799999999999727
112,2021-11-16 04:26:00,22.799999999999727,22.799999999999727
113,2021-11-16 04:27:00,22.799999999999727,22.799999999999727
114,2021-11-16 04:28:00,22.799999999999727,22.799999999999727
115,2021-11-16 04:29:00,22.799999999999727,22.799999999999727
116,2021-11-16 04:30:00,22.799999999999727,22.799999999999727
117,2021-11-16 04:31:00,22.799999999999727,22.799999999999727
118,2021-11-16 04:32:00,22.799999999999727,22.799999999999727
119,2021-11-16 04:33:00,-0.8999999999991815,22.799999999999727
120,2021-11-16 04:34:00,1.799999999998363,22.799999999999727
121,2021-11-16 04:35:00,15.0,22.799999999999727
122,2021-11-16 04:36:00,7.799999999999727,22.799999999999727
123,2021-11-16 04:37:00,-6.300000000001091,22.799999999999727
124,2021-11-16 04:38:00,-18.000000000004093,22.799999999999727
125,2021-11-16 04:39:00,-12.90000000000191,22.799999999999727
126,2021-11-16 04:40:00,-5.700000000001637,22.799999999999727
127,2021-11-16 04:41:00,22.5,22.799999999999727
128,2021-11-16 04:42:00,5.399999999995089,22.799999999999727
129,2021-11-16 04:43:00,20.699999999994816,22.799999999999727
130,2021-11-16 04:44:00,23.69999999999891,22.799999999999727
131,2021-11-16 04:45:00,19.19999999999618,22.799999999999727
132,2021-11-16 04:46:00,8.099999999999456,22.799999999999727
133,2021-11-16 04:47:00,7.799999999999727,22.799999999999727
134,2021-11-16 04:48:00,13.199999999994816,22.799999999999727
135,2021-11-16 04:49:00,16.19999999999891,22.799999999999727
136,2021-11-16 04:50:00,14.100000000000819,22.799999999999727
137,2021-11-16 04:51:00,20.999999999994543,22.799999999999727
138,2021-11-16 04:52:00,16.499999999998636,22.799999999999727
139,2021-11-16 04:53:00,17.699999999997544,22.799999999999727
140,2021-11-16 04:54:00,17.699999999997544,22.799999999999727
141,2021-11-16 04:55:00,20.999999999994543,22.799999999999727
142,2021-11-16 04:56:00,23.099999999999454,22.799999999999727
143,2021-11-16 04:57:00,25.799999999997,22.799999999999727
144,2021-11-16 04:58:00,13.499999999994543,22.799999999999727
145,2021-11-16 04:59:00,20.999999999994543,22.799999999999727
146,2021-11-16 05:00:00,11.099999999996726,22.799999999999727
147,2021-11-16 05:01:00,11.69999999999618,22.799999999999727
148,2021-11-16 05:02:00,6.300000000001091,22.799999999999727
149,2021-11-16 05:03:00,9.899999999997817,22.799999999999727
150,2021-11-16 05:04:00,10.199999999997546,22.799999999999727
151,2021-11-16 05:05:00,10.799999999996999,22.799999999999727
152,2021-11-16 05:06:00,15.299999999999727,22.799999999999727
153,2021-11-16 05:07:00,16.499999999998636,22.799999999999727
154,2021-11-16 05:08:00,30.0,22.799999999999727
155,2021-11-16 05:09:00,34.799999999995634,22.799999999999727
156,2021-11-16 05:10:00,26.399999999996453,22.799999999999727
157,2021-11-16 05:11:00,13.800000000001091,22.799999999999727
158,2021-11-16 05:12:00,15.899999999999181,22.799999999999727
159,2021-11-16 05:13:00,17.09999999999809,22.799999999999727
160,2021-11-16 05:14:00,11.399999999996453,22.799999999999727
161,2021-11-16 05:15:00,9.599999999998092,22.799999999999727
162,2021-11-16 05:16:00,0.2999999999997307,22.799999999999727
163,2021-11-16 05:17:00,2.09999999999809,22.799999999999727
164,2021-11-16 05:18:00,8.399999999999181,22.799999999999727
165,2021-11-16 05:19:00,20.39999999999509,22.799999999999727
166,2021-11-16 05:20:00,24.299999999998363,22.799999999999727
167,2021-11-16 05:21:00,25.199999999997544,22.799999999999727
168,2021-11-16 05:22:00,27.59999999999536,22.799999999999727
169,2021-11-16 05:23:00,36.30000000000109,22.799999999999727
170,2021-11-16 05:24:00,49.799999999995634,22.799999999999727
171,2021-11-16 05:25:00,55.49999999999727,22.799999999999727
172,2021-11-16 05:26:00,56.099999999996726,22.799999999999727
173,2021-11-16 05:27:00,51.30000000000109,22.799999999999727
174,2021-11-16 05:28:00,53.39999999999918,22.799999999999727
175,2021-11-16 05:29:00,48.599999999996726,22.799999999999727
176,2021-11-16 05:30:00,49.49999999999591,22.799999999999727
177,2021-11-16 05:31:00,49.49999999999591,22.799999999999727
178,2021-11-16 05:32:00,55.799999999997,55.799999999997
179,2021-11-16 05:33:00,55.799999999997,55.799999999997
180,2021-11-16 05:34:00,55.799999999997,55.799999999997
181,2021-11-16 05:35:00,55.799999999997,55.799999999997
182,2021-11-16 05:36:00,55.799999999997,55.799999999997
183,2021-11-16 05:37:00,55.799999999997,55.799999999997
184,2021-11-16 05:38:00,55.799999999997,55.799999999997
185,2021-11-16 05:39:00,55.799999999997,55.799999999997
186,2021-11-16 05:40:00,55.799999999997,55.799999999997
187,2021-11-16 05:41:00,55.799999999997,55.799999999997
188,2021-11-16 05:42:00,55.799999999997,55.799999999997
189,2021-11-16 05:43:00,55.799999999997,55.799999999997
190,2021-11-16 05:44:00,55.799999999997,55.799999999997
191,2021-11-16 05:45:00,55.799999999997,55.799999999997
192,2021-11-16 05:46:00,55.799999999997,55.799999999997
193,2021-11-16 05:47:00,55.799999999997,55.799999999997
194,2021-11-16 05:48:00,55.799999999997,55.799999999997
195,2021-11-16 05:49:00,55.799999999997,55.799999999997
196,2021-11-16 05:50:00,55.799999999997,55.799999999997
197,2021-11-16 05:51:00,55.799999999997,55.799999999997
198,2021-11-16 05:52:00,55.799999999997,55.799999999997
199,2021-11-16 05:53:00,55.799999999997,55.799999999997
200,2021-11-16 05:54:00,55.799999999997,55.799999999997
201,2021-11-16 05:55:00,55.799999999997,55.799999999997
202,2021-11-16 05:56:00,55.799999999997,55.799999999997
203,2021-11-16 05:57:00,55.799999999997,55.799999999997
204,2021-11-16 05:58:00,55.799999999997,55.799999999997
205,2021-11-16 05:59:00,55.799999999997,55.799999999997
206,2021-11-16 06:00:00,55.799999999997,55.799999999997
207,2021-11-16 06:01:00,55.799999999997,55.799999999997
208,2021-11-16 06:02:00,55.799999999997,55.799999999997
209,2021-11-16 06:03:00,55.799999999997,55.799999999997
210,2021-11-16 06:04:00,55.799999999997,55.799999999997
211,2021-11-16 06:05:00,55.799999999997,55.799999999997
212,2021-11-16 06:06:00,55.799999999997,55.799999999997
213,2021-11-16 06:07:00,55.799999999997,55.799999999997
214,2021-11-16 06:08:00,55.799999999997,55.799999999997
215,2021-11-16 06:09:00,55.799999999997,55.799999999997
216,2021-11-16 06:10:00,55.799999999997,55.799999999997
217,2021-11-16 06:11:00,55.799999999997,55.799999999997
218,2021-11-16 06:12:00,55.799999999997,55.799999999997
219,2021-11-16 06:13:00,55.799999999997,55.799999999997
220,2021-11-16 06:14:00,55.799999999997,55.799999999997
221,2021-11-16 06:15:00,55.799999999997,55.799999999997
222,2021-11-16 06:16:00,55.799999999997,55.799999999997
223,2021-11-16 06:17:00,55.799999999997,55.799999999997
224,2021-11-16 06:18:00,55.799999999997,55.799999999997
225,2021-11-16 06:19:00,55.799999999997,55.799999999997
226,2021-11-16 06:20:00,55.799999999997,55.799999999997
227,2021-11-16 06:21:00,55.799999999997,55.799999999997
228,2021-11-16 06:22:00,55.799999999997,55.799999999997
229,2021-11-16 06:23:00,55.799999999997,55.799999999997
230,2021-11-16 06:24:00,55.799999999997,55.799999999997
231,2021-11-16 06:25:00,55.799999999997,55.799999999997
232,2021-11-16 06:26:00,55.799999999997,55.799999999997
233,2021-11-16 06:27:00,55.799999999997,55.799999999997
234,2021-11-16 06:28:00,55.799999999997,55.799999999997
235,2021-11-16 06:29:00,55.799999999997,55.799999999997
236,2021-11-16 06:30:00,55.799999999997,55.799999999997
237,2021-11-16 06:31:00,55.799999999997,55.799999999997
238,2021-11-16 06:32:00,55.799999999997,55.799999999997
239,2021-11-16 06:33:00,55.799999999997,55.799999999997
240,2021-11-16 06:34:00,54.29999999999836,55.799999999997
241,2021-11-16 06:35:00,54.89999999999782,55.799999999997
242,2021-11-16 06:36:00,48.599999999996726,55.799999999997
243,2021-11-16 06:37:00,50.99999999999454,55.799999999997
244,2021-11-16 06:38:00,62.09999999999809,55.799999999997
245,2021-11-16 06:39:00,58.79999999999427,55.799999999997
246,2021-11-16 06:40:00,62.699999999997544,55.799999999997
247,2021-11-16 06:41:00,67.19999999999345,55.799999999997
248,2021-11-16 06:42:00,69.89999999999782,55.799999999997
249,2021-11-16 06:43:00,76.49999999999864,76.49999999999864
250,2021-11-16 06:44:00,76.49999999999864,76.49999999999864
251,2021-11-16 06:45:00,76.49999999999864,76.49999999999864
252,2021-11-16 06:46:00,76.49999999999864,76.49999999999864
253,2021-11-16 06:47:00,76.49999999999864,76.49999999999864
254,2021-11-16 06:48:00,76.49999999999864,76.49999999999864
255,2021-11-16 06:49:00,76.49999999999864,76.49999999999864
256,2021-11-16 06:50:00,76.49999999999864,76.49999999999864
257,2021-11-16 06:51:00,76.49999999999864,76.49999999999864
258,2021-11-16 06:52:00,76.49999999999864,76.49999999999864
259,2021-11-16 06:53:00,76.49999999999864,76.49999999999864
260,2021-11-16 06:54:00,76.49999999999864,76.49999999999864
261,2021-11-16 06:55:00,76.49999999999864,76.49999999999864
262,2021-11-16 06:56:00,76.49999999999864,76.49999999999864
263,2021-11-16 06:57:00,76.49999999999864,76.49999999999864
264,2021-11-16 06:58:00,76.49999999999864,76.49999999999864
265,2021-11-16 06:59:00,76.49999999999864,76.49999999999864
266,2021-11-16 07:00:00,76.49999999999864,76.49999999999864
267,2021-11-16 07:01:00,76.49999999999864,76.49999999999864
268,2021-11-16 07:02:00,76.49999999999864,76.49999999999864
269,2021-11-16 07:03:00,76.49999999999864,76.49999999999864
270,2021-11-16 07:04:00,76.49999999999864,76.49999999999864
271,2021-11-16 07:05:00,76.49999999999864,76.49999999999864
272,2021-11-16 07:06:00,76.49999999999864,76.49999999999864
273,2021-11-16 07:07:00,76.49999999999864,76.49999999999864
274,2021-11-16 07:08:00,76.49999999999864,76.49999999999864
275,2021-11-16 07:09:00,76.49999999999864,76.49999999999864
276,2021-11-16 07:10:00,76.49999999999864,76.49999999999864
277,2021-11-16 07:11:00,76.49999999999864,76.49999999999864
278,2021-11-16 07:12:00,76.49999999999864,76.49999999999864
279,2021-11-16 07:13:00,76.49999999999864,76.49999999999864
280,2021-11-16 07:14:00,76.49999999999864,76.49999999999864
281,2021-11-16 07:15:00,76.49999999999864,76.49999999999864
282,2021-11-16 07:16:00,76.49999999999864,76.49999999999864
283,2021-11-16 07:17:00,76.49999999999864,76.49999999999864
284,2021-11-16 07:18:00,76.49999999999864,76.49999999999864
285,2021-11-16 07:19:00,76.49999999999864,76.49999999999864
286,2021-11-16 07:20:00,76.49999999999864,76.49999999999864
287,2021-11-16 07:21:00,76.49999999999864,76.49999999999864
288,2021-11-16 07:22:00,76.49999999999864,76.49999999999864
289,2021-11-16 07:23:00,76.49999999999864,76.49999999999864
290,2021-11-16 07:24:00,76.49999999999864,76.49999999999864
291,2021-11-16 07:25:00,76.49999999999864,76.49999999999864
292,2021-11-16 07:26:00,76.49999999999864,76.49999999999864
293,2021-11-16 07:27:00,76.49999999999864,76.49999999999864
294,2021-11-16 07:28:00,76.49999999999864,76.49999999999864
295,2021-11-16 07:29:00,76.49999999999864,76.49999999999864
296,2021-11-16 07:30:00,76.49999999999864,76.49999999999864
297,2021-11-16 07:31:00,76.49999999999864,76.49999999999864
298,2021-11-16 07:32:00,76.49999999999864,76.49999999999864
299,2021-11-16 07:33:00,76.49999999999864,76.49999999999864
300,2021-11-16 07:34:00,76.49999999999864,76.49999999999864
301,2021-11-16 07:35:00,76.49999999999864,76.49999999999864
302,2021-11-16 07:36:00,76.49999999999864,76.49999999999864
303,2021-11-16 07:37:00,76.49999999999864,76.49999999999864
304,2021-11-16 07:38:00,76.49999999999864,76.49999999999864
305,2021-11-16 07:39:00,76.49999999999864,76.49999999999864
306,2021-11-16 07:40:00,76.49999999999864,76.49999999999864
307,2021-11-16 07:41:00,76.49999999999864,76.49999999999864
308,2021-11-16 07:42:00,76.49999999999864,76.49999999999864
309,2021-11-16 07:43:00,76.49999999999864,76.49999999999864
310,2021-11-16 07:44:00,76.49999999999864,76.49999999999864
311,2021-11-16 07:45:00,76.49999999999864,76.49999999999864
312,2021-11-16 07:46:00,76.49999999999864,76.49999999999864
313,2021-11-16 07:47:00,76.49999999999864,76.49999999999864
314,2021-11-16 07:48:00,76.49999999999864,76.49999999999864
315,2021-11-16 07:49:00,76.49999999999864,76.49999999999864
316,2021-11-16 07:50:00,76.49999999999864,76.49999999999864
317,2021-11-16 07:51:00,76.49999999999864,76.49999999999864
318,2021-11-16 07:52:00,76.49999999999864,76.49999999999864
319,2021-11-16 07:53:00,76.49999999999864,76.49999999999864
320,2021-11-16 07:54:00,76.49999999999864,76.49999999999864
321,2021-11-16 07:55:00,76.49999999999864,76.49999999999864
322,2021-11-16 07:56:00,76.49999999999864,76.49999999999864
323,2021-11-16 07:57:00,76.49999999999864,76.49999999999864
324,2021-11-16 07:58:00,76.49999999999864,76.49999999999864
325,2021-11-16 07:59:00,76.49999999999864,76.49999999999864
326,2021-11-16 08:00:00,76.49999999999864,76.49999999999864
327,2021-11-16 08:01:00,76.49999999999864,76.49999999999864
328,2021-11-16 08:02:00,76.49999999999864,76.49999999999864
329,2021-11-16 08:03:00,76.49999999999864,76.49999999999864
330,2021-11-16 08:04:00,76.49999999999864,76.49999999999864
331,2021-11-16 08:05:00,76.49999999999864,76.49999999999864
332,2021-11-16 08:06:00,76.49999999999864,76.49999999999864
333,2021-11-16 08:07:00,76.49999999999864,76.49999999999864
334,2021-11-16 08:08:00,76.49999999999864,76.49999999999864
335,2021-11-16 08:09:00,76.49999999999864,76.49999999999864
336,2021-11-16 08:10:00,76.49999999999864,76.49999999999864
337,2021-11-16 08:11:00,76.49999999999864,76.49999999999864
338,2021-11-16 08:12:00,76.49999999999864,76.49999999999864
339,2021-11-16 08:13:00,76.49999999999864,76.49999999999864
340,2021-11-16 08:14:00,76.49999999999864,76.49999999999864
341,2021-11-16 08:15:00,76.49999999999864,76.49999999999864
342,2021-11-16 08:16:00,76.49999999999864,76.49999999999864
343,2021-11-16 08:17:00,76.49999999999864,76.49999999999864
344,2021-11-16 08:18:00,76.49999999999864,76.49999999999864
345,2021-11-16 08:19:00,76.49999999999864,76.49999999999864
346,2021-11-16 08:20:00,76.49999999999864,76.49999999999864
347,2021-11-16 08:21:00,76.49999999999864,76.49999999999864
348,2021-11-16 08:22:00,76.49999999999864,76.49999999999864
349,2021-11-16 08:23:00,76.49999999999864,76.49999999999864
350,2021-11-16 08:24:00,76.49999999999864,76.49999999999864
351,2021-11-16 08:25:00,76.49999999999864,76.49999999999864
352,2021-11-16 08:26:00,76.49999999999864,76.49999999999864
353,2021-11-16 08:27:00,76.49999999999864,76.49999999999864
354,2021-11-16 08:28:00,76.49999999999864,76.49999999999864
355,2021-11-16 08:29:00,76.49999999999864,76.49999999999864
356,2021-11-16 08:30:00,76.49999999999864,76.49999999999864
357,2021-11-16 08:31:00,76.49999999999864,76.49999999999864
358,2021-11-16 08:32:00,76.49999999999864,76.49999999999864
359,2021-11-16 08:33:00,76.49999999999864,76.49999999999864
360,2021-11-16 08:34:00,76.49999999999864,76.49999999999864
361,2021-11-16 08:35:00,76.49999999999864,76.49999999999864
362,2021-11-16 08:36:00,76.49999999999864,76.49999999999864
363,2021-11-16 08:37:00,76.49999999999864,76.49999999999864
364,2021-11-16 08:38:00,76.49999999999864,76.49999999999864
365,2021-11-16 08:39:00,76.49999999999864,76.49999999999864
366,2021-11-16 08:40:00,76.49999999999864,76.49999999999864
367,2021-11-16 08:41:00,76.49999999999864,76.49999999999864
368,2021-11-16 08:42:00,76.49999999999864,76.49999999999864
369,2021-11-16 08:43:00,76.49999999999864,76.49999999999864
370,2021-11-16 08:44:00,76.49999999999864,76.49999999999864
371,2021-11-16 08:45:00,76.49999999999864,76.49999999999864
372,2021-11-16 08:46:00,76.49999999999864,76.49999999999864
373,2021-11-16 08:47:00,76.49999999999864,76.49999999999864
374,2021-11-16 08:48:00,76.49999999999864,76.49999999999864
375,2021-11-16 08:49:00,76.49999999999864,76.49999999999864
376,2021-11-16 08:50:00,76.49999999999864,76.49999999999864
377,2021-11-16 08:51:00,76.49999999999864,76.49999999999864
378,2021-11-16 08:52:00,76.49999999999864,76.49999999999864
379,2021-11-16 08:53:00,76.49999999999864,76.49999999999864
380,2021-11-16 08:54:00,76.49999999999864,76.49999999999864
381,2021-11-16 08:55:00,76.49999999999864,76.49999999999864
382,2021-11-16 08:56:00,76.49999999999864,76.49999999999864
383,2021-11-16 08:57:00,76.49999999999864,76.49999999999864
384,2021-11-16 08:58:00,76.49999999999864,76.49999999999864
385,2021-11-16 08:59:00,76.49999999999864,76.49999999999864
386,2021-11-16 09:00:00,76.49999999999864,76.49999999999864
387,2021-11-16 09:01:00,76.49999999999864,76.49999999999864
388,2021-11-16 09:02:00,76.49999999999864,76.49999999999864
389,2021-11-16 09:03:00,76.49999999999864,76.49999999999864
390,2021-11-16 09:04:00,76.49999999999864,76.49999999999864
391,2021-11-16 09:05:00,76.49999999999864,76.49999999999864
392,2021-11-16 09:06:00,76.49999999999864,76.49999999999864
393,2021-11-16 09:07:00,76.49999999999864,76.49999999999864
394,2021-11-16 09:08:00,76.49999999999864,76.49999999999864
395,2021-11-16 09:09:00,76.49999999999864,76.49999999999864
396,2021-11-16 09:10:00,76.49999999999864,76.49999999999864
397,2021-11-16 09:11:00,76.49999999999864,76.49999999999864
398,2021-11-16 09:12:00,76.49999999999864,76.49999999999864
399,2021-11-16 09:13:00,76.49999999999864,76.49999999999864
400,2021-11-16 09:14:00,76.49999999999864,76.49999999999864
401,2021-11-16 09:15:00,76.49999999999864,76.49999999999864
402,2021-11-16 09:16:00,76.49999999999864,76.49999999999864
403,2021-11-16 09:17:00,76.49999999999864,76.49999999999864
404,2021-11-16 09:18:00,76.49999999999864,76.49999999999864
405,2021-11-16 09:19:00,76.49999999999864,76.49999999999864
406,2021-11-16 09:20:00,76.49999999999864,76.49999999999864
407,2021-11-16 09:21:00,76.49999999999864,76.49999999999864
408,2021-11-16 09:22:00,76.49999999999864,76.49999999999864
409,2021-11-16 09:23:00,76.49999999999864,76.49999999999864
410,2021-11-16 09:24:00,76.49999999999864,76.49999999999864
411,2021-11-16 09:25:00,76.49999999999864,76.49999999999864
412,2021-11-16 09:26:00,76.49999999999864,76.49999999999864
413,2021-11-16 09:27:00,76.49999999999864,76.49999999999864
414,2021-11-16 09:28:00,76.49999999999864,76.49999999999864
415,2021-11-16 09:29:00,76.49999999999864,76.49999999999864
416,2021-11-16 09:30:00,75.0,76.49999999999864
417,2021-11-16 09:31:00,68.39999999999918,76.49999999999864
418,2021-11-16 09:32:00,60.599999999999454,76.49999999999864
419,2021-11-16 09:33:00,65.10000000000218,76.49999999999864
420,2021-11-16 09:34:00,55.50000000000409,76.49999999999864
421,2021-11-16 09:35:00,47.99999999999727,76.49999999999864
422,2021-11-16 09:36:00,44.400000000000546,76.49999999999864
423,2021-11-16 09:37:00,52.80000000000655,76.49999999999864
424,2021-11-16 09:38:00,71.40000000000327,76.49999999999864
425,2021-11-16 09:39:00,78.60000000001037,76.49999999999864
426,2021-11-16 09:40:00,132.1500000000026,126.15000000000123
427,2021-11-16 09:41:00,138.30000000000382,126.15000000000123
428,2021-11-16 09:42:00,141.3000000000011,141.3000000000011
429,2021-11-16 09:43:00,141.3000000000011,141.3000000000011
430,2021-11-16 09:44:00,141.3000000000011,141.3000000000011
431,2021-11-16 09:45:00,141.3000000000011,141.3000000000011
432,2021-11-16 09:46:00,141.3000000000011,141.3000000000011
433,2021-11-16 09:47:00,141.3000000000011,141.3000000000011
434,2021-11-16 09:48:00,141.3000000000011,141.3000000000011
435,2021-11-16 09:49:00,141.3000000000011,141.3000000000011
436,2021-11-16 09:50:00,141.3000000000011,141.3000000000011
437,2021-11-16 09:51:00,141.3000000000011,141.3000000000011
438,2021-11-16 09:52:00,141.3000000000011,141.3000000000011
439,2021-11-16 09:53:00,141.3000000000011,141.3000000000011
440,2021-11-16 09:54:00,141.3000000000011,141.3000000000011
441,2021-11-16 09:55:00,141.3000000000011,141.3000000000011
442,2021-11-16 09:56:00,141.3000000000011,141.3000000000011
443,2021-11-16 09:57:00,141.3000000000011,141.3000000000011
444,2021-11-16 09:58:00,141.3000000000011,141.3000000000011
445,2021-11-16 09:59:00,141.3000000000011,141.3000000000011
446,2021-11-16 10:00:00,141.3000000000011,141.3000000000011
447,2021-11-16 10:01:00,141.3000000000011,141.3000000000011
448,2021-11-16 10:02:00,141.3000000000011,141.3000000000011
449,2021-11-16 10:03:00,141.3000000000011,141.3000000000011
450,2021-11-16 10:04:00,141.3000000000011,141.3000000000011
451,2021-11-16 10:05:00,141.3000000000011,141.3000000000011
452,2021-11-16 10:06:00,141.3000000000011,141.3000000000011
453,2021-11-16 10:07:00,141.3000000000011,141.3000000000011
454,2021-11-16 10:08:00,141.3000000000011,141.3000000000011
455,2021-11-16 10:09:00,141.3000000000011,141.3000000000011
456,2021-11-16 10:10:00,141.3000000000011,141.3000000000011
457,2021-11-16 10:11:00,141.3000000000011,141.3000000000011
458,2021-11-16 10:12:00,141.3000000000011,141.3000000000011
459,2021-11-16 10:13:00,141.3000000000011,141.3000000000011
460,2021-11-16 10:14:00,141.3000000000011,141.3000000000011
461,2021-11-16 10:15:00,141.3000000000011,141.3000000000011
462,2021-11-16 10:16:00,141.3000000000011,141.3000000000011
463,2021-11-16 10:17:00,141.3000000000011,141.3000000000011
464,2021-11-16 10:18:00,141.3000000000011,141.3000000000011
465,2021-11-16 10:19:00,141.3000000000011,141.3000000000011
466,2021-11-16 10:20:00,141.3000000000011,141.3000000000011
467,2021-11-16 10:21:00,141.3000000000011,141.3000000000011
468,2021-11-16 10:22:00,141.3000000000011,141.3000000000011
469,2021-11-16 10:23:00,141.3000000000011,141.3000000000011
470,2021-11-16 10:24:00,141.3000000000011,141.3000000000011
471,2021-11-16 10:25:00,141.3000000000011,141.3000000000011
472,2021-11-16 10:26:00,141.3000000000011,141.3000000000011
473,2021-11-16 10:27:00,141.3000000000011,141.3000000000011
474,2021-11-16 10:28:00,141.3000000000011,141.3000000000011
475,2021-11-16 10:29:00,141.3000000000011,141.3000000000011
476,2021-11-16 10:30:00,141.3000000000011,141.3000000000011
477,2021-11-16 10:31:00,141.3000000000011,141.3000000000011
478,2021-11-16 10:32:00,141.3000000000011,141.3000000000011
479,2021-11-16 10:33:00,141.3000000000011,141.3000000000011
480,2021-11-16 10:34:00,141.3000000000011,141.3000000000011
481,2021-11-16 10:35:00,141.3000000000011,141.3000000000011
482,2021-11-16 10:36:00,141.3000000000011,141.3000000000011
483,2021-11-16 10:37:00,141.3000000000011,141.3000000000011
484,2021-11-16 10:38:00,141.3000000000011,141.3000000000011
485,2021-11-16 10:39:00,141.3000000000011,141.3000000000011
486,2021-11-16 10:40:00,141.3000000000011,141.3000000000011
487,2021-11-16 10:41:00,141.3000000000011,141.3000000000011
488,2021-11-16 10:42:00,141.3000000000011,141.3000000000011
489,2021-11-16 10:43:00,141.3000000000011,141.3000000000011
490,2021-11-16 10:44:00,141.3000000000011,141.3000000000011
491,2021-11-16 10:45:00,141.3000000000011,141.3000000000011
492,2021-11-16 10:46:00,141.3000000000011,141.3000000000011
493,2021-11-16 10:47:00,141.3000000000011,141.3000000000011
494,2021-11-16 10:48:00,141.3000000000011,141.3000000000011
495,2021-11-16 10:49:00,141.3000000000011,141.3000000000011
496,2021-11-16 10:50:00,141.3000000000011,141.3000000000011
497,2021-11-16 10:51:00,141.3000000000011,141.3000000000011
498,2021-11-16 10:52:00,141.3000000000011,141.3000000000011
499,2021-11-16 10:53:00,141.3000000000011,141.3000000000011
500,2021-11-16 10:54:00,141.3000000000011,141.3000000000011
501,2021-11-16 10:55:00,141.3000000000011,141.3000000000011
502,2021-11-16 10:56:00,141.3000000000011,141.3000000000011
503,2021-11-16 10:57:00,141.3000000000011,141.3000000000011
504,2021-11-16 10:58:00,141.3000000000011,141.3000000000011
505,2021-11-16 10:59:00,141.3000000000011,141.3000000000011
506,2021-11-16 11:00:00,141.3000000000011,141.3000000000011
507,2021-11-16 11:01:00,141.3000000000011,141.3000000000011
508,2021-11-16 11:02:00,141.3000000000011,141.3000000000011
509,2021-11-16 11:03:00,141.3000000000011,141.3000000000011
510,2021-11-16 11:04:00,141.3000000000011,141.3000000000011
511,2021-11-16 11:05:00,141.3000000000011,141.3000000000011
512,2021-11-16 11:06:00,141.3000000000011,141.3000000000011
513,2021-11-16 11:07:00,118.50000000000136,141.3000000000011
514,2021-11-16 11:08:00,54.00000000000546,141.3000000000011
515,2021-11-16 11:09:00,67.49999999999318,141.3000000000011
516,2021-11-16 11:10:00,79.200000000003,141.3000000000011
517,2021-11-16 11:11:00,100.80000000000382,141.3000000000011
518,2021-11-16 11:12:00,2.700000000011187,141.3000000000011
519,2021-11-16 11:13:00,25.500000000013216,162.30000000000473
520,2021-11-16 11:14:00,172.5000000000091,185.10000000000446
521,2021-11-16 11:15:00,152.70000000001346,185.10000000000446
522,2021-11-16 11:16:00,125.70000000001073,185.10000000000446
523,2021-11-16 11:17:00,142.5000000000091,185.10000000000446
524,2021-11-16 11:18:00,186.3000000000102,185.10000000000446
525,2021-11-16 11:19:00,191.10000000000582,185.10000000000446
526,2021-11-16 11:20:00,210.00000000000227,215.7000000000039
527,2021-11-16 11:21:00,216.90000000000282,215.7000000000039
528,2021-11-16 11:22:00,210.300000000002,215.7000000000039
529,2021-11-16 11:23:00,206.40000000000555,215.7000000000039
530,2021-11-16 11:24:00,209.70000000000255,215.7000000000039
531,2021-11-16 11:25:00,221.70000000000528,221.70000000000528
532,2021-11-16 11:26:00,221.70000000000528,221.70000000000528
533,2021-11-16 11:27:00,221.70000000000528,221.70000000000528
534,2021-11-16 11:28:00,221.70000000000528,221.70000000000528
535,2021-11-16 11:29:00,221.70000000000528,221.70000000000528
536,2021-11-16 11:30:00,221.70000000000528,221.70000000000528
537,2021-11-16 11:31:00,221.70000000000528,221.70000000000528
538,2021-11-16 11:32:00,221.70000000000528,221.70000000000528
539,2021-11-16 11:33:00,221.70000000000528,221.70000000000528
540,2021-11-16 11:34:00,221.70000000000528,221.70000000000528
541,2021-11-16 11:35:00,212.50000000000455,221.70000000000528
542,2021-11-16 11:36:00,243.100000000004,243.100000000004
543,2021-11-16 11:37:00,243.100000000004,243.100000000004
544,2021-11-16 11:38:00,243.100000000004,243.100000000004
545,2021-11-16 11:39:00,243.100000000004,243.100000000004
546,2021-11-16 11:40:00,243.100000000004,243.100000000004
547,2021-11-16 11:41:00,243.100000000004,243.100000000004
548,2021-11-16 11:42:00,243.100000000004,243.100000000004
549,2021-11-16 11:43:00,243.100000000004,243.100000000004
550,2021-11-16 11:44:00,243.100000000004,243.100000000004
551,2021-11-16 11:45:00,243.100000000004,243.100000000004
552,2021-11-16 11:46:00,243.100000000004,243.100000000004
553,2021-11-16 11:47:00,243.100000000004,243.100000000004
554,2021-11-16 11:48:00,243.100000000004,243.100000000004
555,2021-11-16 11:49:00,243.100000000004,243.100000000004
556,2021-11-16 11:50:00,243.100000000004,243.100000000004
557,2021-11-16 11:51:00,243.100000000004,243.100000000004
558,2021-11-16 11:52:00,243.100000000004,243.100000000004
559,2021-11-16 11:53:00,243.100000000004,243.100000000004
560,2021-11-16 11:54:00,243.100000000004,243.100000000004
561,2021-11-16 11:55:00,243.100000000004,243.100000000004
562,2021-11-16 11:56:00,243.100000000004,243.100000000004
563,2021-11-16 11:57:00,243.100000000004,243.100000000004
564,2021-11-16 11:58:00,243.100000000004,243.100000000004
565,2021-11-16 11:59:00,243.100000000004,243.100000000004
566,2021-11-16 12:00:00,243.100000000004,243.100000000004
567,2021-11-16 12:01:00,243.100000000004,243.100000000004
568,2021-11-16 12:02:00,243.100000000004,243.100000000004
569,2021-11-16 12:03:00,243.100000000004,243.100000000004
570,2021-11-16 12:04:00,243.100000000004,243.100000000004
571,2021-11-16 12:05:00,243.100000000004,243.100000000004
572,2021-11-16 12:06:00,243.100000000004,243.100000000004
573,2021-11-16 12:07:00,243.100000000004,243.100000000004
574,2021-11-16 12:08:00,243.100000000004,243.100000000004
575,2021-11-16 12:09:00,243.100000000004,243.100000000004
576,2021-11-16 12:10:00,243.100000000004,243.100000000004
577,2021-11-16 12:11:00,243.100000000004,243.100000000004
578,2021-11-16 12:12:00,243.100000000004,243.100000000004
579,2021-11-16 12:13:00,243.100000000004,243.100000000004
580,2021-11-16 12:14:00,243.100000000004,243.100000000004
581,2021-11-16 12:15:00,243.100000000004,243.100000000004
582,2021-11-16 12:16:00,243.100000000004,243.100000000004
583,2021-11-16 12:17:00,243.100000000004,243.100000000004
584,2021-11-16 12:18:00,243.100000000004,243.100000000004
585,2021-11-16 12:19:00,243.100000000004,243.100000000004
586,2021-11-16 12:20:00,243.100000000004,243.100000000004
587,2021-11-16 12:21:00,243.100000000004,243.100000000004
588,2021-11-16 12:22:00,243.100000000004,243.100000000004
589,2021-11-16 12:23:00,243.100000000004,243.100000000004
590,2021-11-16 12:24:00,243.100000000004,243.100000000004
591,2021-11-16 12:25:00,243.100000000004,243.100000000004
592,2021-11-16 12:26:00,243.100000000004,243.100000000004
593,2021-11-16 12:27:00,243.100000000004,243.100000000004
594,2021-11-16 12:28:00,243.100000000004,243.100000000004
595,2021-11-16 12:29:00,243.100000000004,243.100000000004
596,2021-11-16 12:30:00,243.100000000004,243.100000000004
597,2021-11-16 12:31:00,243.100000000004,243.100000000004
598,2021-11-16 12:32:00,243.100000000004,243.100000000004
599,2021-11-16 12:33:00,243.100000000004,243.100000000004
600,2021-11-16 12:34:00,243.100000000004,243.100000000004
601,2021-11-16 12:35:00,243.100000000004,243.100000000004
602,2021-11-16 12:36:00,243.100000000004,243.100000000004
603,2021-11-16 12:37:00,243.100000000004,243.100000000004
604,2021-11-16 12:38:00,243.100000000004,243.100000000004
605,2021-11-16 12:39:00,243.100000000004,243.100000000004
606,2021-11-16 12:40:00,243.100000000004,243.100000000004
607,2021-11-16 12:41:00,243.100000000004,243.100000000004
608,2021-11-16 12:42:00,243.100000000004,243.100000000004
609,2021-11-16 12:43:00,243.100000000004,243.100000000004
610,2021-11-16 12:44:00,243.100000000004,243.100000000004
611,2021-11-16 12:45:00,243.100000000004,243.100000000004
612,2021-11-16 12:46:00,243.100000000004,243.100000000004
613,2021-11-16 12:47:00,243.100000000004,243.100000000004
614,2021-11-16 12:48:00,243.100000000004,243.100000000004
615,2021-11-16 12:49:00,243.100000000004,243.100000000004
616,2021-11-16 12:50:00,243.100000000004,243.100000000004
617,2021-11-16 12:51:00,243.100000000004,243.100000000004
618,2021-11-16 12:52:00,243.100000000004,243.100000000004
619,2021-11-16 12:53:00,243.100000000004,243.100000000004
620,2021-11-16 12:54:00,243.100000000004,243.100000000004
621,2021-11-16 12:55:00,243.100000000004,243.100000000004
622,2021-11-16 12:56:00,243.100000000004,243.100000000004
623,2021-11-16 12:57:00,243.100000000004,243.100000000004
624,2021-11-16 12:58:00,243.100000000004,243.100000000004
625,2021-11-16 12:59:00,243.100000000004,243.100000000004
626,2021-11-16 13:00:00,243.100000000004,243.100000000004
627,2021-11-16 13:01:00,243.100000000004,243.100000000004
628,2021-11-16 13:02:00,243.100000000004,243.100000000004
629,2021-11-16 13:03:00,243.100000000004,243.100000000004
630,2021-11-16 13:04:00,243.100000000004,243.100000000004
631,2021-11-16 13:05:00,243.100000000004,243.100000000004
632,2021-11-16 13:06:00,243.100000000004,243.100000000004
633,2021-11-16 13:07:00,243.100000000004,243.100000000004
634,2021-11-16 13:08:00,243.100000000004,243.100000000004
635,2021-11-16 13:09:00,243.100000000004,243.100000000004
636,2021-11-16 13:10:00,243.100000000004,243.100000000004
637,2021-11-16 13:11:00,243.100000000004,243.100000000004
638,2021-11-16 13:12:00,243.100000000004,243.100000000004
639,2021-11-16 13:13:00,243.100000000004,243.100000000004
640,2021-11-16 13:14:00,243.100000000004,243.100000000004
641,2021-11-16 13:15:00,243.100000000004,243.100000000004
642,2021-11-16 13:16:00,243.100000000004,243.100000000004
643,2021-11-16 13:17:00,243.100000000004,243.100000000004
644,2021-11-16 13:18:00,243.100000000004,243.100000000004
645,2021-11-16 13:19:00,243.100000000004,243.100000000004
646,2021-11-16 13:20:00,243.100000000004,243.100000000004
647,2021-11-16 13:21:00,243.100000000004,243.100000000004
648,2021-11-16 13:22:00,243.100000000004,243.100000000004
649,2021-11-16 13:23:00,243.100000000004,243.100000000004
650,2021-11-16 13:24:00,243.100000000004,243.100000000004
651,2021-11-16 13:25:00,243.100000000004,243.100000000004
652,2021-11-16 13:26:00,243.100000000004,243.100000000004
653,2021-11-16 13:27:00,243.100000000004,243.100000000004
654,2021-11-16 13:28:00,243.100000000004,243.100000000004
655,2021-11-16 13:29:00,243.100000000004,243.100000000004
656,2021-11-16 13:30:00,243.100000000004,243.100000000004
657,2021-11-16 13:31:00,243.100000000004,243.100000000004
658,2021-11-16 13:32:00,243.100000000004,243.100000000004
659,2021-11-16 13:33:00,243.100000000004,243.100000000004
660,2021-11-16 13:34:00,243.100000000004,243.100000000004
661,2021-11-16 13:35:00,243.100000000004,243.100000000004
662,2021-11-16 13:36:00,243.100000000004,243.100000000004
663,2021-11-16 13:37:00,243.100000000004,243.100000000004
664,2021-11-16 13:38:00,243.100000000004,243.100000000004
665,2021-11-16 13:39:00,243.100000000004,243.100000000004
666,2021-11-16 13:40:00,243.100000000004,243.100000000004
667,2021-11-16 13:41:00,243.100000000004,243.100000000004
668,2021-11-16 13:42:00,243.100000000004,243.100000000004
669,2021-11-16 13:43:00,243.100000000004,243.100000000004
670,2021-11-16 13:44:00,243.100000000004,243.100000000004
671,2021-11-16 13:45:00,243.100000000004,243.100000000004
672,2021-11-16 13:46:00,243.100000000004,243.100000000004
673,2021-11-16 13:47:00,243.100000000004,243.100000000004
674,2021-11-16 13:48:00,243.100000000004,243.100000000004
675,2021-11-16 13:49:00,243.100000000004,243.100000000004
676,2021-11-16 13:50:00,243.100000000004,243.100000000004
677,2021-11-16 13:51:00,243.100000000004,243.100000000004
678,2021-11-16 13:52:00,243.100000000004,243.100000000004
679,2021-11-16 13:53:00,243.100000000004,243.100000000004
680,2021-11-16 13:54:00,243.100000000004,243.100000000004
681,2021-11-16 13:55:00,243.100000000004,243.100000000004
682,2021-11-16 13:56:00,243.100000000004,243.100000000004
683,2021-11-16 13:57:00,243.100000000004,243.100000000004
684,2021-11-16 13:58:00,243.100000000004,243.100000000004
685,2021-11-16 13:59:00,243.100000000004,243.100000000004
686,2021-11-16 14:00:00,243.100000000004,243.100000000004
687,2021-11-16 14:01:00,243.100000000004,243.100000000004
688,2021-11-16 14:02:00,243.100000000004,243.100000000004
689,2021-11-16 14:03:00,243.100000000004,243.100000000004
690,2021-11-16 14:04:00,243.100000000004,243.100000000004
691,2021-11-16 14:05:00,243.100000000004,243.100000000004
692,2021-11-16 14:06:00,243.100000000004,243.100000000004
693,2021-11-16 14:07:00,243.100000000004,243.100000000004
694,2021-11-16 14:08:00,243.100000000004,243.100000000004
695,2021-11-16 14:09:00,243.100000000004,243.100000000004
696,2021-11-16 14:10:00,243.100000000004,243.100000000004
697,2021-11-16 14:11:00,243.100000000004,243.100000000004
698,2021-11-16 14:12:00,243.100000000004,243.100000000004
699,2021-11-16 14:13:00,243.100000000004,243.100000000004
700,2021-11-16 14:14:00,243.100000000004,243.100000000004
701,2021-11-16 14:15:00,243.100000000004,243.100000000004
702,2021-11-16 14:16:00,243.100000000004,243.100000000004
703,2021-11-16 14:17:00,243.100000000004,243.100000000004
704,2021-11-16 14:18:00,243.100000000004,243.100000000004
705,2021-11-16 14:19:00,243.100000000004,243.100000000004
706,2021-11-16 14:20:00,243.100000000004,243.100000000004
707,2021-11-16 14:21:00,243.100000000004,243.100000000004
708,2021-11-16 14:22:00,243.100000000004,243.100000000004
709,2021-11-16 14:23:00,243.100000000004,243.100000000004
710,2021-11-16 14:24:00,243.100000000004,243.100000000004
711,2021-11-16 14:25:00,243.100000000004,243.100000000004
712,2021-11-16 14:26:00,243.100000000004,243.100000000004
713,2021-11-16 14:27:00,243.100000000004,243.100000000004
714,2021-11-16 14:28:00,243.100000000004,243.100000000004
715,2021-11-16 14:29:00,243.100000000004,243.100000000004
716,2021-11-16 14:30:00,243.100000000004,243.100000000004
717,2021-11-16 14:31:00,243.100000000004,243.100000000004
718,2021-11-16 14:32:00,243.100000000004,243.100000000004
719,2021-11-16 14:33:00,243.100000000004,243.100000000004
720,2021-11-16 14:34:00,243.100000000004,243.100000000004
721,2021-11-16 14:35:00,243.100000000004,243.100000000004
722,2021-11-16 14:36:00,243.100000000004,243.100000000004
723,2021-11-16 14:37:00,243.100000000004,243.100000000004
724,2021-11-16 14:38:00,243.100000000004,243.100000000004
725,2021-11-16 14:39:00,243.100000000004,243.100000000004
726,2021-11-16 14:40:00,243.100000000004,243.100000000004
727,2021-11-16 14:41:00,243.100000000004,243.100000000004
728,2021-11-16 14:42:00,243.100000000004,243.100000000004
729,2021-11-16 14:43:00,243.100000000004,243.100000000004
730,2021-11-16 14:44:00,243.100000000004,243.100000000004
731,2021-11-16 14:45:00,243.100000000004,243.100000000004
732,2021-11-16 14:46:00,243.100000000004,243.100000000004
733,2021-11-16 14:47:00,243.100000000004,243.100000000004
734,2021-11-16 14:48:00,243.100000000004,243.100000000004
735,2021-11-16 14:49:00,243.100000000004,243.100000000004
736,2021-11-16 14:50:00,243.100000000004,243.100000000004
737,2021-11-16 14:51:00,240.600000000004,243.100000000004
738,2021-11-16 14:52:00,243.70000000000346,243.100000000004
739,2021-11-16 14:53:00,245.5000000000041,243.100000000004
740,2021-11-16 14:54:00,245.00000000000455,243.100000000004
741,2021-11-16 14:55:00,258.80000000000337,258.80000000000337
742,2021-11-16 14:56:00,258.80000000000337,258.80000000000337
743,2021-11-16 14:57:00,258.80000000000337,258.80000000000337
744,2021-11-16 14:58:00,258.80000000000337,258.80000000000337
745,2021-11-16 14:59:00,258.80000000000337,258.80000000000337
746,2021-11-16 15:00:00,258.80000000000337,258.80000000000337
747,2021-11-16 15:01:00,258.80000000000337,258.80000000000337
748,2021-11-16 15:02:00,258.80000000000337,258.80000000000337
749,2021-11-16 15:03:00,258.80000000000337,258.80000000000337
750,2021-11-16 15:04:00,258.80000000000337,258.80000000000337
751,2021-11-16 15:05:00,252.40000000000236,258.80000000000337
752,2021-11-16 15:06:00,253.40000000000373,258.80000000000337
753,2021-11-16 15:07:00,254.80000000000246,258.80000000000337
754,2021-11-16 15:08:00,251.8000000000029,258.80000000000337
755,2021-11-16 15:09:00,250.80000000000382,258.80000000000337
756,2021-11-16 15:10:00,253.100000000004,258.80000000000337
757,2021-11-16 15:11:00,247.7000000000021,247.7000000000021
758,2021-11-16 15:12:00,247.7000000000021,247.7000000000021
759,2021-11-16 15:13:00,247.7000000000021,247.7000000000021
760,2021-11-16 15:14:00,247.7000000000021,247.7000000000021
761,2021-11-16 15:15:00,241.60000000000082,247.7000000000021
762,2021-11-16 15:16:00,259.60000000000036,259.60000000000036
763,2021-11-16 15:17:00,259.60000000000036,259.60000000000036
764,2021-11-16 15:18:00,259.60000000000036,259.60000000000036
765,2021-11-16 15:19:00,259.60000000000036,259.60000000000036
766,2021-11-16 15:20:00,255.0,259.60000000000036
767,2021-11-16 15:21:00,228.09999999999718,259.60000000000036
768,2021-11-16 15:22:00,230.89999999999918,259.60000000000036
769,2021-11-16 15:23:00,232.69999999999754,259.60000000000036
770,2021-11-16 15:24:00,226.29999999999882,259.60000000000036
771,2021-11-16 15:25:00,228.49999999999682,259.60000000000036
772,2021-11-16 15:26:00,229.70000000000027,259.60000000000036
773,2021-11-16 15:27:00,232.69999999999754,259.60000000000036
774,2021-11-16 15:28:00,222.49999999999773,259.60000000000036
775,2021-11-16 15:29:00,216.29999999999882,259.60000000000036
776,2021-11-16 15:30:00,170.49999999999955,259.60000000000036
777,2021-11-16 15:31:00,177.49999999999773,259.60000000000036
778,2021-11-16 15:32:00,192.0999999999981,259.60000000000036
779,2021-11-16 15:33:00,177.49999999999773,259.60000000000036
780,2021-11-16 15:34:00,178.70000000000118,259.60000000000036
781,2021-11-16 15:35:00,187.69999999999754,259.60000000000036
782,2021-11-16 15:36:00,205.69999999999936,259.60000000000036
783,2021-11-16 15:37:00,193.900000000001,259.60000000000036
784,2021-11-16 15:38:00,195.29999999999973,259.60000000000036
785,2021-11-16 15:39:00,189.50000000000045,259.60000000000036
786,2021-11-16 15:40:00,181.29999999999882,259.60000000000036
787,2021-11-16 15:41:00,185.69999999999936,259.60000000000036
788,2021-11-16 15:42:00,185.29999999999973,259.60000000000036
789,2021-11-16 15:43:00,180.89999999999918,259.60000000000036
790,2021-11-16 15:44:00,186.49999999999864,259.60000000000036
791,2021-11-16 15:45:00,189.10000000000082,259.60000000000036
792,2021-11-16 15:46:00,189.10000000000082,259.60000000000036
793,2021-11-16 15:47:00,201.49999999999864,259.60000000000036
794,2021-11-16 15:48:00,204.70000000000027,259.60000000000036
795,2021-11-16 15:49:00,209.30000000000064,259.60000000000036
796,2021-11-16 15:50:00,215.49999999999955,259.60000000000036
797,2021-11-16 15:51:00,224.50000000000045,259.60000000000036
798,2021-11-16 15:52:00,216.099999999999,259.60000000000036
799,2021-11-16 15:53:00,237.2999999999979,268.2999999999993
800,2021-11-16 15:54:00,244.699999999998,268.2999999999993
801,2021-11-16 15:55:00,234.39999999999827,268.2999999999993
802,2021-11-16 15:56:00,224.29999999999836,268.2999999999993
803,2021-11-16 15:57:00,221.99999999999818,268.2999999999993
804,2021-11-16 15:58:00,216.1999999999989,268.2999999999993
805,2021-11-16 15:59:00,152.00000000000045,268.2999999999993
806,2021-11-16 16:00:00,195.19999999999982,279.8000000000002
807,2021-11-16 16:01:00,206.39999999999873,279.8000000000002
808,2021-11-16 16:02:00,206.39999999999873,279.8000000000002
809,2021-11-16 16:03:00,203.79999999999882,279.8000000000002
810,2021-11-16 16:04:00,184.70000000000027,279.8000000000002
811,2021-11-16 16:05:00,185.9999999999991,279.8000000000002
812,2021-11-16 16:06:00,180.0999999999999,279.8000000000002
813,2021-11-16 16:07:00,179.60000000000036,279.8000000000002
814,2021-11-16 16:08:00,86.099999999999,279.8000000000002
815,2021-11-16 16:09:00,139.19999999999618,312.4999999999977
816,2021-11-16 16:10:00,154.69999999999914,312.4999999999977
817,2021-11-16 16:11:00,160.94999999999914,312.4999999999977
818,2021-11-16 16:12:00,158.3499999999981,312.4999999999977
819,2021-11-16 16:13:00,38.64999999999213,312.4999999999977
820,2021-11-16 16:14:00,19.450000000006185,312.4999999999977
821,2021-11-16 16:15:00,-51.95000000000846,312.4999999999977
822,2021-11-16 16:16:00,-68.04999999999382,312.4999999999977
823,2021-11-16 16:17:00,-61.05000000000018,312.4999999999977
824,2021-11-16 16:18:00,13.849999999995362,312.4999999999977
825,2021-11-16 16:19:00,15.249999999994088,312.4999999999977
826,2021-11-16 16:20:00,11.049999999997908,312.4999999999977
827,2021-11-16 16:21:00,-23.25000000000273,312.4999999999977
828,2021-11-16 16:22:00,-0.15000000000782165,312.4999999999977
829,2021-11-16 16:23:00,99.24999999999724,312.4999999999977
830,2021-11-16 16:24:00,64.24999999999727,312.4999999999977
831,2021-11-16 16:25:00,61.44999999999982,312.4999999999977
832,2021-11-16 16:26:00,89.45000000000618,312.4999999999977
833,2021-11-16 16:27:00,26.449999999999818,312.4999999999977
834,2021-11-16 16:28:00,46.74999999999727,312.4999999999977
835,2021-11-16 16:29:00,26.449999999999818,312.4999999999977
836,2021-11-16 16:30:00,102.05000000000496,334.09999999999854
837,2021-11-16 16:31:00,118.00000000000296,334.09999999999854
838,2021-11-16 16:32:00,211.45000000000095,362.7499999999998
839,2021-11-16 16:33:00,230.59999999999945,346.400000000001
840,2021-11-16 16:34:00,245.39999999999964,245.39999999999964
841,2021-11-16 16:35:00,245.39999999999964,245.39999999999964
842,2021-11-16 16:36:00,245.39999999999964,245.39999999999964
843,2021-11-16 16:37:00,245.39999999999964,245.39999999999964
844,2021-11-16 16:38:00,245.39999999999964,245.39999999999964
845,2021-11-16 16:39:00,245.39999999999964,245.39999999999964
846,2021-11-16 16:40:00,245.39999999999964,245.39999999999964
847,2021-11-16 16:41:00,245.39999999999964,245.39999999999964
848,2021-11-16 16:42:00,245.39999999999964,245.39999999999964
849,2021-11-16 16:43:00,245.39999999999964,245.39999999999964
850,2021-11-16 16:44:00,245.39999999999964,245.39999999999964
851,2021-11-16 16:45:00,245.39999999999964,245.39999999999964
852,2021-11-16 16:46:00,245.39999999999964,245.39999999999964
853,2021-11-16 16:47:00,245.39999999999964,245.39999999999964
854,2021-11-16 16:48:00,245.39999999999964,245.39999999999964
855,2021-11-16 16:49:00,245.39999999999964,245.39999999999964
856,2021-11-16 16:50:00,228.449999999998,245.39999999999964
857,2021-11-16 16:51:00,230.84999999999923,245.39999999999964
858,2021-11-16 16:52:00,226.19999999999663,245.39999999999964
859,2021-11-16 16:53:00,223.94999999999868,245.39999999999964
860,2021-11-16 16:54:00,221.3999999999976,245.39999999999964
861,2021-11-16 16:55:00,218.69999999999663,245.39999999999964
862,2021-11-16 16:56:00,217.04999999999814,245.39999999999964
863,2021-11-16 16:57:00,199.20000000000073,245.39999999999964
864,2021-11-16 16:58:00,189.60000000000264,245.39999999999964
865,2021-11-16 16:59:00,193.19999999999936,245.39999999999964
866,2021-11-16 17:00:00,151.95000000000277,245.39999999999964
867,2021-11-16 17:01:00,155.5499999999995,245.39999999999964
868,2021-11-16 17:02:00,155.5499999999995,245.39999999999964
869,2021-11-16 17:03:00,150.1500000000044,245.39999999999964
870,2021-11-16 17:04:00,68.24999999999704,245.39999999999964
871,2021-11-16 17:05:00,50.40000000000646,245.39999999999964
872,2021-11-16 17:06:00,168.30000000000155,270.30000000000086
873,2021-11-16 17:07:00,240.75000000000387,286.9500000000028
874,2021-11-16 17:08:00,243.4500000000014,286.9500000000028
875,2021-11-16 17:09:00,292.05000000000155,307.8000000000043
876,2021-11-16 17:10:00,301.9500000000028,307.8000000000043
877,2021-11-16 17:11:00,312.6000000000033,312.6000000000033
878,2021-11-16 17:12:00,312.6000000000033,312.6000000000033
879,2021-11-16 17:13:00,312.6000000000033,312.6000000000033
880,2021-11-16 17:14:00,312.6000000000033,312.6000000000033
881,2021-11-16 17:15:00,312.6000000000033,312.6000000000033
882,2021-11-16 17:16:00,312.6000000000033,312.6000000000033
883,2021-11-16 17:17:00,312.6000000000033,312.6000000000033
884,2021-11-16 17:18:00,312.6000000000033,312.6000000000033
885,2021-11-16 17:19:00,312.6000000000033,312.6000000000033
886,2021-11-16 17:20:00,312.6000000000033,312.6000000000033
887,2021-11-16 17:21:00,312.6000000000033,312.6000000000033
888,2021-11-16 17:22:00,312.6000000000033,312.6000000000033
889,2021-11-16 17:23:00,312.6000000000033,312.6000000000033
890,2021-11-16 17:24:00,312.6000000000033,312.6000000000033
891,2021-11-16 17:25:00,312.6000000000033,312.6000000000033
892,2021-11-16 17:26:00,312.6000000000033,312.6000000000033
893,2021-11-16 17:27:00,312.6000000000033,312.6000000000033
894,2021-11-16 17:28:00,312.6000000000033,312.6000000000033
895,2021-11-16 17:29:00,312.6000000000033,312.6000000000033
896,2021-11-16 17:30:00,312.6000000000033,312.6000000000033
897,2021-11-16 17:31:00,312.6000000000033,312.6000000000033
898,2021-11-16 17:32:00,312.6000000000033,312.6000000000033
899,2021-11-16 17:33:00,312.6000000000033,312.6000000000033
900,2021-11-16 17:34:00,312.6000000000033,312.6000000000033
901,2021-11-16 17:35:00,312.6000000000033,312.6000000000033
902,2021-11-16 17:36:00,312.6000000000033,312.6000000000033
903,2021-11-16 17:37:00,312.6000000000033,312.6000000000033
904,2021-11-16 17:38:00,312.6000000000033,312.6000000000033
905,2021-11-16 17:39:00,312.6000000000033,312.6000000000033
906,2021-11-16 17:40:00,312.6000000000033,312.6000000000033
907,2021-11-16 17:41:00,312.6000000000033,312.6000000000033
908,2021-11-16 17:42:00,312.6000000000033,312.6000000000033
909,2021-11-16 17:43:00,312.6000000000033,312.6000000000033
910,2021-11-16 17:44:00,312.6000000000033,312.6000000000033
911,2021-11-16 17:45:00,312.6000000000033,312.6000000000033
912,2021-11-16 17:46:00,312.6000000000033,312.6000000000033
913,2021-11-16 17:47:00,312.6000000000033,312.6000000000033
914,2021-11-16 17:48:00,312.6000000000033,312.6000000000033
915,2021-11-16 17:49:00,312.6000000000033,312.6000000000033
916,2021-11-16 17:50:00,312.6000000000033,312.6000000000033
917,2021-11-16 17:51:00,312.6000000000033,312.6000000000033
918,2021-11-16 17:52:00,312.6000000000033,312.6000000000033
919,2021-11-16 17:53:00,312.6000000000033,312.6000000000033
920,2021-11-16 17:54:00,312.6000000000033,312.6000000000033
921,2021-11-16 17:55:00,312.6000000000033,312.6000000000033
922,2021-11-16 17:56:00,312.6000000000033,312.6000000000033
923,2021-11-16 17:57:00,312.6000000000033,312.6000000000033
924,2021-11-16 17:58:00,312.6000000000033,312.6000000000033
925,2021-11-16 17:59:00,312.6000000000033,312.6000000000033
926,2021-11-16 18:00:00,312.6000000000033,312.6000000000033
927,2021-11-16 18:01:00,312.6000000000033,312.6000000000033
928,2021-11-16 18:02:00,312.6000000000033,312.6000000000033
929,2021-11-16 18:03:00,312.6000000000033,312.6000000000033
930,2021-11-16 18:04:00,312.6000000000033,312.6000000000033
931,2021-11-16 18:05:00,312.6000000000033,312.6000000000033
932,2021-11-16 18:06:00,312.6000000000033,312.6000000000033
933,2021-11-16 18:07:00,312.6000000000033,312.6000000000033
934,2021-11-16 18:08:00,312.6000000000033,312.6000000000033
935,2021-11-16 18:09:00,312.6000000000033,312.6000000000033
936,2021-11-16 18:10:00,312.6000000000033,312.6000000000033
937,2021-11-16 18:11:00,312.6000000000033,312.6000000000033
938,2021-11-16 18:12:00,312.6000000000033,312.6000000000033
939,2021-11-16 18:13:00,312.6000000000033,312.6000000000033
940,2021-11-16 18:14:00,312.6000000000033,312.6000000000033
941,2021-11-16 18:15:00,312.6000000000033,312.6000000000033
942,2021-11-16 18:16:00,312.6000000000033,312.6000000000033
943,2021-11-16 18:17:00,312.6000000000033,312.6000000000033
944,2021-11-16 18:18:00,312.6000000000033,312.6000000000033
945,2021-11-16 18:19:00,312.6000000000033,312.6000000000033
946,2021-11-16 18:20:00,312.6000000000033,312.6000000000033
947,2021-11-16 18:21:00,288.30000000000496,312.6000000000033
948,2021-11-16 18:22:00,264.0000000000066,312.6000000000033
949,2021-11-16 18:23:00,215.39999999999623,312.6000000000033
950,2021-11-16 18:24:00,187.80000000000769,312.6000000000033
951,2021-11-16 18:25:00,148.20000000000277,312.6000000000033
952,2021-11-16 18:26:00,70.80000000000496,312.6000000000033
953,2021-11-16 18:27:00,-25.399999999991678,312.6000000000033
954,2021-11-16 18:28:00,35.399999999996226,312.6000000000033
955,2021-11-16 18:29:00,261.60000000001105,483.60000000000696
956,2021-11-16 18:30:00,252.59999999999877,483.60000000000696
957,2021-11-16 18:31:00,257.99999999999386,483.60000000000696
958,2021-11-16 18:32:00,240.9000000000094,483.60000000000696
959,2021-11-16 18:33:00,190.49999999999386,483.60000000000696
960,2021-11-16 18:34:00,232.79999999999632,483.60000000000696
961,2021-11-16 18:35:00,213.89999999999304,483.60000000000696
962,2021-11-16 18:36:00,189.59999999999468,483.60000000000696
963,2021-11-16 18:37:00,199.50000000000614,483.60000000000696
964,2021-11-16 18:38:00,174.3000000000086,483.60000000000696
965,2021-11-16 18:39:00,137.40000000000123,483.60000000000696
966,2021-11-16 18:40:00,119.59999999999468,483.60000000000696
967,2021-11-16 18:41:00,34.09999999998604,483.60000000000696
968,2021-11-16 18:42:00,243.59999999999332,573.5999999999933
969,2021-11-16 18:43:00,316.4999999999884,573.5999999999933
970,2021-11-16 18:44:00,336.29999999999086,573.5999999999933
971,2021-11-16 18:45:00,355.19999999999413,573.5999999999933
972,2021-11-16 18:46:00,328.1999999999982,573.5999999999933
973,2021-11-16 18:47:00,324.59999999998104,573.5999999999933
974,2021-11-16 18:48:00,363.29999999998677,573.5999999999933
975,2021-11-16 18:49:00,358.79999999999086,573.5999999999933
976,2021-11-16 18:50:00,402.89999999998486,580.499999999987
977,2021-11-16 18:51:00,501.29999999998404,501.29999999998404
978,2021-11-16 18:52:00,501.29999999998404,501.29999999998404
979,2021-11-16 18:53:00,501.29999999998404,501.29999999998404
980,2021-11-16 18:54:00,501.29999999998404,501.29999999998404
981,2021-11-16 18:55:00,501.29999999998404,501.29999999998404
982,2021-11-16 18:56:00,501.29999999998404,501.29999999998404
983,2021-11-16 18:57:00,501.29999999998404,501.29999999998404
984,2021-11-16 18:58:00,501.29999999998404,501.29999999998404
985,2021-11-16 18:59:00,501.29999999998404,501.29999999998404
986,2021-11-16 19:00:00,485.29999999998495,501.29999999998404
987,2021-11-16 19:01:00,502.29999999998313,501.29999999998404
988,2021-11-16 19:02:00,501.0999999999842,501.29999999998404
989,2021-11-16 19:03:00,504.29999999998586,501.29999999998404
990,2021-11-16 19:04:00,503.2999999999822,501.29999999998404
991,2021-11-16 19:05:00,500.09999999998513,501.29999999998404
992,2021-11-16 19:06:00,496.8999999999835,501.29999999998404
993,2021-11-16 19:07:00,497.0999999999833,501.29999999998404
994,2021-11-16 19:08:00,494.29999999998586,501.29999999998404
995,2021-11-16 19:09:00,503.2999999999822,501.29999999998404
996,2021-11-16 19:10:00,503.0999999999824,501.29999999998404
997,2021-11-16 19:11:00,505.29999999998495,501.29999999998404
998,2021-11-16 19:12:00,506.29999999998404,501.29999999998404
999,2021-11-16 19:13:00,507.0999999999833,501.29999999998404
