Open Date,Close Date,Symbol,Action,Lots,SL,TP,Open Price,Close Price,Pips,Profit,Duration (DD:HH:MM:SS),Gain
12/31/2021 13:47,12/31/2021 14:20,EURUSD,Sell,0.1,1.1382700000000001,1.12827,1.13327,1.13208,11.9,10.9,00:00:32:32,0.04%
12/31/2021 13:47,12/31/2021 14:20,EURUSD,Sell,0.1,1.13828,1.12828,1.13327,1.13208,11.9,10.9,00:00:32:29,0.04%
12/31/2021 13:47,12/31/2021 14:20,EURUSD,Sell,0.1,1.13828,1.12828,1.13331,1.13204,12.7,11.7,00:00:32:28,0.04%
12/31/2021 13:47,12/31/2021 14:20,EURUSD,Sell,0.1,1.13828,1.12827,1.13331,1.13206,12.5,11.5,00:00:32:25,0.04%
12/31/2021 13:47,12/31/2021 14:20,EURUSD,Sell,0.1,1.13828,1.12828,1.13324,1.1321299999999999,11.1,10.1,00:00:32:26,0.04%
12/29/2021 15:24,12/30/2021 08:26,EURUSD,Sell,0.1,1.13663,1.12245,1.13244,1.13168,7.6,6.71,00:17:02:08,0.02%
12/29/2021 15:24,12/30/2021 08:26,EURUSD,Sell,0.1,1.1367200000000002,1.1225399999999999,1.1325399999999999,1.1316700000000002,8.7,7.81,00:17:02:08,0.03%
12/29/2021 15:24,12/30/2021 08:26,EURUSD,Sell,0.1,1.13673,1.12253,1.1325399999999999,1.1316700000000002,8.7,7.81,00:17:02:10,0.03%
12/29/2021 15:24,12/30/2021 08:26,EURUSD,Sell,0.1,1.13673,1.1225399999999999,1.13253,1.1316700000000002,8.6,7.71,00:17:02:10,0.03%
12/29/2021 15:24,12/30/2021 08:26,EURUSD,Sell,0.1,1.13673,1.12253,1.13253,1.1316700000000002,8.6,7.71,00:17:02:08,0.03%
12/29/2021 15:24,12/30/2021 08:26,EURUSD,Sell,0.1,1.13673,1.12253,1.1325399999999999,1.1316700000000002,8.7,7.81,00:17:02:06,0.03%
12/29/2021 15:24,12/30/2021 08:26,EURUSD,Sell,0.1,1.13673,1.12252,1.13248,1.1316700000000002,8.1,7.21,00:17:02:03,0.03%
12/29/2021 15:24,12/30/2021 08:26,EURUSD,Sell,0.1,1.13673,1.12246,1.13245,1.1316700000000002,7.8,6.91,00:17:01:56,0.03%
12/29/2021 15:24,12/30/2021 08:26,EURUSD,Sell,0.1,1.13673,1.12245,1.13244,1.1316700000000002,7.7,6.81,00:17:01:53,0.02%
12/29/2021 15:24,12/30/2021 08:26,EURUSD,Sell,0.1,1.1367399999999999,1.1224399999999999,1.13244,1.1316700000000002,7.7,6.81,00:17:01:52,0.02%
12/29/2021 15:24,12/30/2021 08:26,EURUSD,Sell,0.1,1.13675,1.1224399999999999,1.13244,1.1316700000000002,7.7,6.81,00:17:01:57,0.02%
12/29/2021 15:24,12/30/2021 08:26,EURUSD,Sell,0.1,1.13676,1.1224399999999999,1.13244,1.1316700000000002,7.7,6.81,00:17:01:58,0.02%
12/29/2021 15:24,12/30/2021 08:26,EURUSD,Sell,0.1,1.13676,1.1224399999999999,1.13244,1.1316700000000002,7.7,6.81,00:17:01:56,0.02%
12/29/2021 15:24,12/30/2021 08:26,EURUSD,Sell,0.1,1.13676,1.12245,1.13245,1.1316700000000002,7.8,6.91,00:17:01:53,0.03%
12/29/2021 15:24,12/30/2021 08:26,EURUSD,Sell,0.1,1.13676,1.12245,1.13245,1.1316700000000002,7.8,6.91,00:17:01:52,0.03%
12/29/2021 15:24,12/30/2021 08:26,EURUSD,Sell,0.1,1.13676,1.12245,1.13246,1.1316700000000002,7.9,7.01,00:17:01:51,0.03%
12/29/2021 15:24,12/30/2021 08:26,EURUSD,Sell,0.1,1.13676,1.12245,1.13245,1.1316700000000002,7.8,6.91,00:17:01:48,0.03%
12/29/2021 15:24,12/30/2021 08:26,EURUSD,Sell,0.1,1.13676,1.12245,1.13245,1.1316700000000002,7.8,6.91,00:17:01:47,0.03%
12/29/2021 15:24,12/30/2021 08:26,EURUSD,Sell,0.1,1.13676,1.1224399999999999,1.13244,1.13168,7.6,6.71,00:17:01:43,0.02%
12/29/2021 15:24,12/30/2021 08:26,EURUSD,Sell,0.1,1.13676,1.1224399999999999,1.13244,1.13168,7.6,6.71,00:17:01:42,0.02%
12/27/2021 15:24,12/28/2021 15:29,EURUSD,Sell,0.1,1.14196,1.131,1.13201,1.1309799999999999,10.3,9.33,01:00:04:52,0.03%
12/27/2021 15:24,12/28/2021 15:29,EURUSD,Sell,0.1,1.14202,1.131,1.1319700000000001,1.1309799999999999,9.9,8.93,01:00:04:43,0.03%
12/27/2021 15:24,12/28/2021 15:29,EURUSD,Sell,0.1,1.14196,1.131,1.13194,1.1309799999999999,9.6,8.63,01:00:04:35,0.03%
12/27/2021 15:25,12/28/2021 15:29,EURUSD,Sell,0.1,1.14193,1.131,1.13189,1.1309799999999999,9.1,8.13,01:00:04:27,0.03%
12/27/2021 15:25,12/28/2021 15:29,EURUSD,Sell,0.1,1.14186,1.131,1.13183,1.1309799999999999,8.5,7.53,01:00:04:18,0.03%
12/27/2021 15:25,12/28/2021 15:29,EURUSD,Sell,0.1,1.1419,1.131,1.13191,1.1309799999999999,9.3,8.33,01:00:04:09,0.03%
12/27/2021 15:25,12/28/2021 15:29,EURUSD,Sell,0.1,1.14194,1.131,1.13195,1.1309799999999999,9.7,8.73,01:00:03:57,0.03%
12/27/2021 15:25,12/28/2021 15:29,EURUSD,Sell,0.1,1.14195,1.131,1.13194,1.1309799999999999,9.6,8.63,01:00:03:49,0.03%
12/27/2021 15:25,12/28/2021 15:29,EURUSD,Sell,0.1,1.14194,1.131,1.13189,1.1309799999999999,9.1,8.13,01:00:03:40,0.03%
12/27/2021 15:26,12/28/2021 15:29,EURUSD,Sell,0.1,1.14195,1.131,1.1319299999999999,1.1309799999999999,9.5,8.53,01:00:03:20,0.03%
12/27/2021 15:26,12/28/2021 15:29,EURUSD,Sell,0.1,1.14193,1.131,1.13194,1.1309799999999999,9.6,8.63,01:00:03:11,0.03%
12/22/2021 22:00,12/24/2021 17:23,EURUSD,Sell,0.1,1.14368,1.12368,1.1335600000000001,1.13109,24.7,23.84,01:19:22:10,0.09%
12/22/2021 22:00,12/24/2021 17:23,EURUSD,Sell,0.1,1.14357,1.1235700000000002,1.1335600000000001,1.13109,24.7,23.84,01:19:22:10,0.09%
12/22/2021 22:00,12/24/2021 17:23,EURUSD,Sell,0.1,1.14357,1.1235700000000002,1.1335600000000001,1.13106,25.0,24.14,01:19:22:10,0.09%
12/23/2021 14:33,12/24/2021 17:23,EURUSD,Sell,0.1,1.14111,1.12411,1.13111,1.1310799999999999,0.3,-0.67,01:02:50:04,0.00%
12/23/2021 14:33,12/24/2021 17:23,EURUSD,Sell,0.1,1.14121,1.12421,1.1311,1.13093,1.7,0.73,01:02:50:04,0.00%
12/23/2021 14:33,12/24/2021 17:23,EURUSD,Sell,0.1,1.14113,1.12415,1.13106,1.13084,2.2,1.23,01:02:50:04,0.00%
12/23/2021 14:32,12/24/2021 17:23,EURUSD,Sell,0.1,1.14114,1.12414,1.13104,1.13084,2.0,1.03,01:02:50:05,0.00%
12/23/2021 14:32,12/24/2021 17:23,EURUSD,Sell,0.1,1.14111,1.12412,1.13104,1.13084,2.0,1.03,01:02:50:04,0.00%
12/23/2021 14:32,12/24/2021 17:23,EURUSD,Sell,0.1,1.1411200000000001,1.12412,1.13104,1.13084,2.0,1.03,01:02:50:05,0.00%
12/23/2021 14:32,12/24/2021 17:23,EURUSD,Sell,0.1,1.14115,1.12415,1.13104,1.13084,2.0,1.03,01:02:50:05,0.00%
12/23/2021 14:32,12/24/2021 17:23,EURUSD,Sell,0.1,1.1411200000000001,1.1241299999999999,1.13104,1.13084,2.0,1.03,01:02:50:05,0.00%
12/23/2021 14:32,12/24/2021 17:23,EURUSD,Sell,0.1,1.14115,1.12415,1.13104,1.13084,2.0,1.03,01:02:50:05,0.00%
12/23/2021 14:32,12/24/2021 17:22,EURUSD,Sell,0.1,1.14121,1.1241299999999999,1.13104,1.13084,2.0,1.03,01:02:50:05,0.00%
12/22/2021 22:01,12/23/2021 14:32,EURUSD,Sell,0.1,1.14368,1.12368,1.1335600000000001,1.13107,24.9,24.01,00:16:31:50,0.09%
12/22/2021 22:01,12/23/2021 14:32,EURUSD,Sell,0.1,1.1436899999999999,1.12368,1.1335600000000001,1.1310799999999999,24.8,23.91,00:16:31:50,0.09%
12/17/2021 14:09,12/21/2021 17:13,GBPJPY,Buy,0.1,149.016,152.687,150.489,151.134,64.5,55.2,04:03:04:00,0.20%
12/17/2021 14:10,12/21/2021 17:13,GBPJPY,Buy,0.1,149.03,152.692,150.491,151.142,65.1,55.73,04:03:03:52,0.21%
12/17/2021 14:10,12/21/2021 17:13,GBPJPY,Buy,0.1,149.028,152.687,150.492,151.137,64.5,55.19,04:03:03:48,0.20%
12/17/2021 14:10,12/21/2021 17:13,GBPJPY,Buy,0.1,149.024,152.681,150.492,151.137,64.5,55.19,04:03:03:48,0.20%
12/17/2021 14:10,12/21/2021 17:13,GBPJPY,Buy,0.1,149.004,152.703,150.493,151.136,64.3,55.02,04:03:03:44,0.20%
12/17/2021 14:10,12/21/2021 17:13,GBPJPY,Buy,0.1,148.985,152.681,150.493,151.136,64.3,55.02,04:03:03:42,0.20%
12/17/2021 14:10,12/21/2021 17:13,GBPJPY,Buy,0.1,149.027,152.681,150.495,151.135,64.0,54.77,04:03:03:49,0.20%
12/17/2021 14:10,12/21/2021 17:13,GBPJPY,Buy,0.1,149.013,152.703,150.495,151.135,64.0,54.77,04:03:03:45,0.20%
12/17/2021 14:10,12/21/2021 17:13,GBPJPY,Buy,0.1,149.004,152.697,150.495,151.134,63.9,54.68,04:03:03:44,0.20%
12/17/2021 14:09,12/21/2021 17:13,GBPJPY,Buy,0.1,149.018,152.708,150.496,151.129,63.3,54.15,04:03:03:55,0.20%
12/17/2021 14:10,12/21/2021 17:13,GBPJPY,Buy,0.1,149.02,152.697,150.497,151.132,63.5,54.33,04:03:03:49,0.20%
12/17/2021 14:10,12/21/2021 17:13,GBPJPY,Buy,0.1,149.033,152.703,150.497,151.129,63.2,54.06,04:03:03:47,0.20%
12/17/2021 14:10,12/21/2021 17:13,GBPJPY,Buy,0.1,149.02,152.687,150.497,151.132,63.5,54.33,04:03:03:50,0.21%
12/17/2021 14:10,12/21/2021 17:13,GBPJPY,Buy,0.1,149.02,152.692,150.499,151.132,63.3,54.15,04:03:03:49,0.20%
12/17/2021 14:10,12/21/2021 17:13,GBPJPY,Buy,0.1,149.021,152.687,150.498,151.132,63.4,54.24,04:03:03:43,0.20%
12/17/2021 14:09,12/21/2021 17:13,GBPJPY,Buy,0.1,149.016,152.687,150.5,151.132,63.2,54.06,04:03:03:52,0.20%
12/17/2021 14:10,12/21/2021 17:13,GBPJPY,Buy,0.1,149.02,152.697,150.501,151.134,63.3,54.15,04:03:03:46,0.21%
12/17/2021 13:58,12/21/2021 17:13,GBPJPY,Buy,0.1,148.992,152.681,150.549,151.134,58.5,49.94,04:03:14:52,0.19%
12/17/2021 13:58,12/21/2021 17:13,GBPJPY,Buy,0.1,148.989,152.708,150.549,151.13,58.1,49.59,04:03:14:51,0.19%
12/17/2021 14:09,12/21/2021 17:13,GBPJPY,Buy,0.1,149.016,152.687,150.501,151.131,63.0,53.89,04:03:03:47,0.21%
12/17/2021 13:58,12/21/2021 17:13,GBPJPY,Buy,0.1,148.977,152.681,150.55,151.134,58.4,49.85,04:03:14:56,0.19%
12/17/2021 13:58,12/21/2021 17:13,GBPJPY,Buy,0.1,148.978,152.681,150.55,151.134,58.4,49.85,04:03:14:56,0.19%
12/17/2021 13:58,12/21/2021 17:13,GBPJPY,Buy,0.1,148.99,152.687,150.552,151.134,58.2,49.67,04:03:14:53,0.19%
12/17/2021 13:58,12/21/2021 17:13,GBPJPY,Buy,0.1,148.971,152.692,150.57,151.133,56.3,48.02,04:03:14:58,0.19%
12/17/2021 13:58,12/21/2021 17:13,GBPJPY,Buy,0.1,148.972,152.703,150.554,151.135,58.1,49.59,04:03:14:57,0.19%
12/17/2021 13:59,12/21/2021 17:13,GBPJPY,Buy,0.1,149.014,152.708,150.57,151.135,56.5,48.19,04:03:14:26,0.19%
12/17/2021 13:59,12/21/2021 17:13,GBPJPY,Buy,0.1,149.026,152.703,150.572,151.131,55.9,47.67,04:03:14:29,0.18%
12/17/2021 14:09,12/21/2021 17:13,GBPJPY,Buy,0.1,149.019,152.697,150.499,151.128,62.9,53.8,04:03:03:42,0.21%
12/17/2021 13:58,12/21/2021 17:13,GBPJPY,Buy,0.1,148.989,152.692,150.549,151.128,57.9,49.42,04:03:14:45,0.19%
12/17/2021 13:58,12/21/2021 17:13,GBPJPY,Buy,0.1,148.992,152.697,150.549,151.128,57.9,49.42,04:03:14:47,0.19%
12/17/2021 13:58,12/21/2021 17:13,GBPJPY,Buy,0.1,148.972,152.692,150.558,151.115,55.7,47.49,04:03:14:52,0.19%
12/17/2021 13:58,12/21/2021 17:13,GBPJPY,Buy,0.1,148.987,152.692,150.552,151.128,57.6,49.15,04:03:14:48,0.19%
12/17/2021 13:58,12/21/2021 17:13,GBPJPY,Buy,0.1,148.995,152.687,150.553,151.123,57.0,48.63,04:03:14:42,0.19%
12/17/2021 13:58,12/21/2021 17:13,GBPJPY,Buy,0.1,148.995,152.692,150.558,151.122,56.4,48.1,04:03:14:41,0.19%
12/17/2021 13:59,12/21/2021 17:13,GBPJPY,Buy,0.1,149.022,152.687,150.57,151.115,54.5,46.44,04:03:14:23,0.18%
12/17/2021 13:58,12/21/2021 17:13,GBPJPY,Buy,0.1,148.977,152.697,150.57,151.111,54.1,46.09,04:03:14:52,0.18%
12/17/2021 13:59,12/21/2021 17:13,GBPJPY,Buy,0.1,149.008,152.697,150.572,151.111,53.9,45.91,04:03:14:27,0.18%
12/17/2021 13:59,12/21/2021 17:13,GBPJPY,Buy,0.1,149.016,152.697,150.571,151.112,54.1,46.09,04:03:14:18,0.18%
12/17/2021 13:59,12/21/2021 17:13,GBPJPY,Buy,0.1,148.99,152.692,150.572,151.112,54.0,46.0,04:03:14:31,0.18%
12/17/2021 13:59,12/21/2021 17:13,GBPJPY,Buy,0.1,149.017,152.687,150.569,151.112,54.3,46.27,04:03:14:13,0.18%
12/17/2021 13:58,12/21/2021 17:13,GBPJPY,Buy,0.1,148.977,152.697,150.571,151.115,54.4,46.34,04:03:14:49,0.18%
12/17/2021 13:58,12/21/2021 17:13,GBPJPY,Buy,0.1,148.978,152.681,150.571,151.115,54.4,46.34,04:03:14:48,0.18%
12/17/2021 13:59,12/21/2021 17:13,GBPJPY,Buy,0.1,149.017,152.687,150.571,151.115,54.4,46.34,04:03:14:16,0.18%
12/17/2021 13:59,12/21/2021 17:13,GBPJPY,Buy,0.1,148.988,152.687,150.574,151.115,54.1,46.08,04:03:14:26,0.18%
12/17/2021 13:59,12/21/2021 17:13,GBPJPY,Buy,0.1,149.009,152.692,150.574,151.115,54.1,46.08,04:03:14:19,0.18%
12/17/2021 13:59,12/21/2021 17:13,GBPJPY,Buy,0.1,148.991,152.687,150.574,151.115,54.1,46.08,04:03:14:28,0.18%
12/17/2021 13:59,12/21/2021 17:13,GBPJPY,Buy,0.1,148.989,152.697,150.574,151.115,54.1,46.08,04:03:14:25,0.19%
12/17/2021 13:58,12/21/2021 17:13,GBPJPY,Buy,0.1,148.978,152.692,150.571,151.115,54.4,46.34,04:03:14:43,0.19%
12/17/2021 13:59,12/21/2021 17:13,GBPJPY,Buy,0.1,149.022,152.703,150.571,151.115,54.4,46.34,04:03:14:14,0.19%
12/17/2021 13:59,12/21/2021 17:13,GBPJPY,Buy,0.1,149.015,152.703,150.572,151.115,54.3,46.26,04:03:14:10,0.19%
12/17/2021 13:58,12/21/2021 17:13,GBPJPY,Buy,0.1,148.989,152.692,150.572,151.115,54.3,46.26,04:03:14:27,0.19%
12/17/2021 13:59,12/21/2021 17:13,GBPJPY,Buy,0.1,149.022,152.697,150.574,151.115,54.1,46.08,04:03:14:14,0.19%
12/17/2021 13:59,12/21/2021 17:13,GBPJPY,Buy,0.1,149.003,152.697,150.576,151.111,53.5,45.56,04:03:14:17,0.19%
12/17/2021 13:58,12/21/2021 17:13,GBPJPY,Buy,0.1,148.995,152.687,150.574,151.111,53.7,45.74,04:03:14:25,0.19%
12/17/2021 13:59,12/21/2021 17:13,GBPJPY,Buy,0.1,148.99,152.697,150.576,151.111,53.5,45.56,04:03:14:17,0.19%
12/17/2021 13:59,12/21/2021 17:13,GBPJPY,Buy,0.1,148.992,152.687,150.576,151.111,53.5,45.56,04:03:14:16,0.19%
12/17/2021 13:59,12/21/2021 17:13,GBPJPY,Buy,0.1,149.004,152.708,150.576,151.111,53.5,45.56,04:03:14:14,0.19%
12/17/2021 13:59,12/21/2021 17:13,GBPJPY,Buy,0.1,148.99,152.692,150.578,151.117,53.9,45.91,04:03:14:17,0.19%
12/17/2021 13:59,12/21/2021 17:13,GBPJPY,Buy,0.1,148.981,152.692,150.58,151.114,53.4,45.47,04:03:14:13,0.19%
12/15/2021 21:25,12/21/2021 17:13,EURUSD,Sell,0.1,1.14392,1.1185100000000001,1.12855,1.12691,16.4,15.6,05:19:47:34,0.06%
12/15/2021 21:26,12/21/2021 17:13,EURUSD,Sell,0.1,1.1440299999999999,1.1184399999999999,1.1284100000000001,1.12691,15.0,14.2,05:19:46:45,0.06%
12/15/2021 21:26,12/21/2021 17:13,EURUSD,Sell,0.1,1.14406,1.11838,1.12837,1.12691,14.6,13.8,05:19:47:02,0.06%
12/15/2021 21:25,12/21/2021 17:13,EURUSD,Sell,0.1,1.14378,1.1183299999999998,1.12835,1.12691,14.4,13.6,05:19:47:43,0.06%
12/15/2021 21:25,12/21/2021 17:13,EURUSD,Sell,0.1,1.14411,1.1184100000000001,1.12834,1.12691,14.3,13.5,05:19:47:18,0.06%
12/15/2021 21:25,12/21/2021 17:13,EURUSD,Sell,0.1,1.14375,1.11821,1.12822,1.1269200000000001,13.0,12.2,05:19:47:55,0.05%
12/15/2021 21:24,12/21/2021 17:13,EURUSD,Sell,0.1,1.1435600000000001,1.1180700000000001,1.12816,1.12691,12.5,11.7,05:19:48:23,0.05%
12/15/2021 21:25,12/21/2021 17:13,EURUSD,Sell,0.1,1.14364,1.1181299999999998,1.12811,1.12691,12.0,11.2,05:19:48:05,0.05%
12/16/2021 13:11,12/21/2021 17:13,GBPJPY,Buy,0.1,148.978,154.471,152.499,151.103,-139.6,-123.8,05:04:01:05,-0.51%
12/16/2021 13:11,12/21/2021 17:13,GBPJPY,Buy,0.1,148.979,154.469,152.5,151.104,-139.6,-123.81,05:04:01:05,-0.51%
12/16/2021 13:11,12/21/2021 17:12,GBPJPY,Buy,0.1,148.977,154.471,152.5,151.104,-139.6,-123.81,05:04:01:05,-0.50%
12/16/2021 13:11,12/21/2021 17:12,GBPJPY,Buy,0.1,149.005,154.478,152.518,151.099,-141.9,-125.83,05:04:01:15,-0.51%
12/16/2021 13:11,12/21/2021 17:12,GBPJPY,Buy,0.1,148.999,154.471,152.527,151.099,-142.8,-126.62,05:04:01:06,-0.51%
12/16/2021 13:11,12/21/2021 17:12,GBPJPY,Buy,0.1,148.988,154.471,152.515,151.099,-141.6,-125.57,05:04:01:04,-0.50%
12/16/2021 13:11,12/21/2021 17:12,GBPJPY,Buy,0.1,149.003,154.484,152.53,151.1,-143.0,-126.79,05:04:01:12,-0.50%
12/16/2021 13:11,12/21/2021 17:12,GBPJPY,Buy,0.1,149.005,154.483,152.532,151.105,-142.7,-126.52,05:04:01:13,-0.50%
12/16/2021 13:11,12/21/2021 17:12,GBPJPY,Buy,0.1,148.998,154.482,152.53,151.104,-142.6,-126.43,05:04:01:04,-0.50%
12/16/2021 13:11,12/21/2021 17:12,GBPJPY,Buy,0.1,149.006,154.479,152.542,151.105,-143.7,-127.4,05:04:01:08,-0.50%
12/16/2021 13:11,12/21/2021 17:12,GBPJPY,Buy,0.1,148.999,154.478,152.533,151.105,-142.8,-126.61,05:04:01:04,-0.50%
12/16/2021 13:11,12/21/2021 17:12,GBPJPY,Buy,0.1,149.003,154.492,152.529,151.106,-142.3,-126.17,05:04:01:08,-0.49%
12/16/2021 13:11,12/21/2021 17:12,GBPJPY,Buy,0.1,149.005,154.494,152.533,151.105,-142.8,-126.61,05:04:01:11,-0.49%
12/16/2021 13:11,12/21/2021 17:12,GBPJPY,Buy,0.1,149.007,154.494,152.535,151.105,-143.0,-126.79,05:04:01:11,-0.49%
12/16/2021 13:11,12/21/2021 17:12,GBPJPY,Buy,0.1,149.004,154.492,152.544,151.105,-143.9,-127.57,05:04:01:04,-0.49%
12/16/2021 13:11,12/21/2021 17:12,GBPJPY,Buy,0.1,148.999,154.48,152.532,151.105,-142.7,-126.52,05:04:01:00,-0.48%
12/16/2021 13:11,12/21/2021 17:12,GBPJPY,Buy,0.1,149.005,154.503,152.541,151.105,-143.6,-127.31,05:04:01:10,-0.48%
12/16/2021 13:11,12/21/2021 17:12,GBPJPY,Buy,0.1,149.003,154.485,152.541,151.105,-143.6,-127.31,05:04:01:03,-0.48%
12/16/2021 13:11,12/21/2021 17:12,GBPJPY,Buy,0.1,148.999,154.478,152.546,151.105,-144.1,-127.75,05:04:00:59,-0.48%
12/16/2021 13:11,12/21/2021 17:12,GBPJPY,Buy,0.1,149.006,154.477,152.546,151.105,-144.1,-127.74,05:04:00:59,-0.48%
12/15/2021 20:10,12/21/2021 17:12,EURUSD,Sell,0.1,1.1434799999999998,1.11401,1.12374,1.12675,-30.1,-30.9,05:21:02:11,-0.12%
12/15/2021 20:10,12/21/2021 17:12,EURUSD,Sell,0.1,1.14333,1.11404,1.12372,1.12675,-30.3,-31.1,05:21:02:11,-0.12%
12/17/2021 14:10,12/21/2021 10:46,GBPJPY,Buy,0.1,148.987,151.493,150.487,150.563,7.6,5.37,03:20:36:18,0.02%
12/15/2021 20:10,12/16/2021 13:11,GBPUSD,Sell,0.1,1.3392,1.31027,1.31952,1.33608,-165.6,-167.43,00:17:01:23,-0.62%
12/15/2021 20:10,12/16/2021 13:11,GBPUSD,Sell,0.1,1.33925,1.31018,1.31962,1.33607,-164.5,-166.33,00:17:01:20,-0.61%
12/15/2021 20:10,12/16/2021 13:11,GBPUSD,Sell,0.1,1.33936,1.31018,1.31962,1.33607,-164.5,-166.33,00:17:01:18,-0.61%
12/15/2021 20:10,12/16/2021 13:11,GBPUSD,Sell,0.1,1.33948,1.31003,1.31961,1.33605,-164.4,-166.23,00:17:01:17,-0.60%
12/15/2021 20:10,12/16/2021 13:11,GBPUSD,Sell,0.1,1.3390799999999998,1.31005,1.31959,1.3361,-165.1,-166.93,00:17:01:15,-0.60%
12/15/2021 20:10,12/16/2021 13:11,GBPUSD,Sell,0.1,1.33956,1.31024,1.31959,1.33608,-164.9,-166.73,00:17:01:12,-0.60%
12/15/2021 20:12,12/16/2021 13:11,GBPUSD,Sell,0.1,1.3395700000000001,1.31126,1.32128,1.33608,-148.0,-149.83,00:16:58:34,-0.54%
12/15/2021 20:12,12/16/2021 13:11,GBPUSD,Sell,0.1,1.3396299999999999,1.31123,1.32126,1.33597,-147.1,-148.93,00:16:58:35,-0.53%
12/15/2021 20:12,12/16/2021 13:11,GBPUSD,Sell,0.1,1.33959,1.31145,1.3212899999999999,1.33598,-146.9,-148.73,00:16:58:31,-0.53%
12/14/2021 11:25,12/14/2021 16:21,EURUSD,Sell,0.1,0.0,1.12931,1.13121,1.12942,17.9,16.9,00:04:56:10,0.06%
12/14/2021 11:25,12/14/2021 16:21,EURUSD,Sell,0.1,1.13155,1.1293600000000001,1.1312200000000001,1.12935,18.7,17.7,00:04:55:35,0.06%
12/14/2021 11:25,12/14/2021 16:20,EURUSD,Sell,0.1,1.13115,1.1294,1.1312200000000001,1.12939,18.3,17.3,00:04:55:32,0.06%
12/14/2021 11:25,12/14/2021 16:20,EURUSD,Sell,0.1,1.13115,1.12944,1.1312200000000001,1.12943,17.9,16.9,00:04:55:08,0.06%
12/14/2021 11:25,12/14/2021 16:20,EURUSD,Sell,0.1,1.13142,1.1294799999999998,1.13121,1.12947,17.4,16.4,00:04:54:53,0.06%
12/14/2021 11:25,12/14/2021 16:20,EURUSD,Sell,0.1,1.13142,1.1295,1.1312,1.12947,17.3,16.3,00:04:54:32,0.06%
12/14/2021 11:25,12/14/2021 16:20,EURUSD,Sell,0.1,1.13165,1.12951,1.1312,1.12947,17.3,16.3,00:04:54:29,0.06%
12/14/2021 11:25,12/14/2021 16:20,EURUSD,Sell,0.1,1.13144,1.12947,1.1312200000000001,1.12947,17.5,16.5,00:04:54:22,0.06%
12/14/2021 11:25,12/14/2021 16:18,EURUSD,Sell,0.1,1.13143,1.12954,1.13123,1.12953,17.0,16.0,00:04:52:50,0.06%
12/14/2021 11:25,12/14/2021 16:18,EURUSD,Sell,0.1,1.1313600000000001,1.12962,1.13119,1.12958,16.1,15.1,00:04:52:38,0.05%
12/14/2021 11:25,12/14/2021 16:18,EURUSD,Sell,0.1,1.1315899999999999,1.1296,1.13121,1.12958,16.3,15.3,00:04:52:14,0.05%
12/14/2021 11:25,12/14/2021 16:18,EURUSD,Sell,0.1,1.13168,1.12964,1.1312,1.12963,15.7,14.7,00:04:52:32,0.05%
12/14/2021 11:25,12/14/2021 16:18,EURUSD,Sell,0.1,1.13152,1.12963,1.13121,1.12963,15.8,14.8,00:04:52:23,0.05%
12/14/2021 11:25,12/14/2021 15:48,EURUSD,Sell,0.1,1.1412,1.1297,1.1312200000000001,1.12965,15.7,14.7,00:04:22:53,0.05%
12/13/2021 14:44,12/13/2021 16:54,GBPJPY,Sell,0.1,150.782,150.282,150.718,150.268,45.0,39.53,00:02:10:34,0.14%
12/13/2021 14:44,12/13/2021 16:54,GBPJPY,Sell,0.1,150.782,150.282,150.711,150.268,44.3,38.9,00:02:10:30,0.14%
12/13/2021 14:44,12/13/2021 16:54,GBPJPY,Sell,0.1,150.786,150.286,150.718,150.286,43.2,37.91,00:02:10:12,0.14%
12/13/2021 14:45,12/13/2021 16:54,GBPJPY,Sell,0.1,150.791,150.288,150.682,150.287,39.5,34.57,00:02:09:06,0.12%
12/13/2021 14:43,12/13/2021 16:54,GBPJPY,Sell,0.1,150.791,150.289,150.723,150.289,43.4,38.09,00:02:10:27,0.14%
12/13/2021 14:43,12/13/2021 16:54,GBPJPY,Sell,0.1,150.793,150.293,150.719,150.289,43.0,37.73,00:02:10:23,0.14%
12/13/2021 14:44,12/13/2021 16:54,GBPJPY,Sell,0.1,150.791,150.291,150.724,150.289,43.5,38.18,00:02:10:18,0.14%
12/13/2021 14:44,12/13/2021 16:54,GBPJPY,Sell,0.1,150.79,150.292,150.725,150.289,43.6,38.27,00:02:10:12,0.14%
12/13/2021 14:44,12/13/2021 16:54,GBPJPY,Sell,0.1,150.793,150.292,150.724,150.289,43.5,38.18,00:02:10:08,0.14%
12/13/2021 14:44,12/13/2021 16:54,GBPJPY,Sell,0.1,150.79,150.292,150.722,150.289,43.3,38.0,00:02:10:04,0.14%
12/13/2021 14:44,12/13/2021 16:54,GBPJPY,Sell,0.1,150.79,150.292,150.72,150.289,43.1,37.82,00:02:10:01,0.14%
12/13/2021 14:44,12/13/2021 16:54,GBPJPY,Sell,0.1,150.793,150.292,150.72,150.289,43.1,37.82,00:02:09:57,0.14%
12/13/2021 14:44,12/13/2021 16:54,GBPJPY,Sell,0.1,150.792,150.292,150.719,150.289,43.0,37.73,00:02:09:44,0.14%
12/13/2021 14:44,12/13/2021 16:54,GBPJPY,Sell,0.1,150.795,150.295,150.725,150.295,43.0,37.73,00:02:09:58,0.14%
12/13/2021 14:44,12/13/2021 16:53,GBPJPY,Sell,0.1,150.797,150.297,150.709,150.297,41.2,36.11,00:02:08:20,0.13%
12/13/2021 14:44,12/13/2021 16:53,GBPJPY,Sell,0.1,150.8,150.299,150.715,150.299,41.6,36.47,00:02:08:23,0.13%
12/13/2021 14:45,12/13/2021 16:53,GBPJPY,Sell,0.1,150.801,150.299,150.675,150.299,37.6,32.86,00:02:08:00,0.12%
12/13/2021 14:45,12/13/2021 16:53,GBPJPY,Sell,0.1,150.784,150.287,150.674,150.303,37.1,31.68,00:02:07:58,0.12%
12/13/2021 14:44,12/13/2021 16:52,GBPJPY,Sell,0.1,150.806,150.306,150.717,150.303,41.4,36.29,00:02:07:54,0.13%
12/13/2021 14:44,12/13/2021 16:52,GBPJPY,Sell,0.1,150.811,150.309,150.716,150.303,41.3,36.2,00:02:07:51,0.13%
12/13/2021 14:44,12/13/2021 16:52,GBPJPY,Sell,0.1,150.802,150.303,150.713,150.303,41.0,35.93,00:02:07:48,0.13%
12/10/2021 16:30,12/13/2021 07:24,EURUSD,Sell,0.1,1.13435,1.12435,1.1304,1.12917,12.3,11.33,02:14:53:57,0.04%
12/10/2021 16:30,12/13/2021 07:24,EURUSD,Sell,0.1,1.13426,1.12426,1.13035,1.1291799999999999,11.7,10.73,02:14:53:45,0.04%
12/10/2021 16:30,12/13/2021 07:24,EURUSD,Sell,0.1,1.1345,1.1245,1.13037,1.1291799999999999,11.9,10.93,02:14:53:25,0.04%
12/10/2021 16:30,12/13/2021 07:24,EURUSD,Sell,0.1,1.13425,1.12424,1.13037,1.1291799999999999,11.9,10.93,02:14:53:51,0.04%
12/10/2021 16:30,12/13/2021 07:24,EURUSD,Sell,0.1,1.13426,1.12426,1.13036,1.1291799999999999,11.8,10.83,02:14:53:40,0.04%
12/10/2021 16:30,12/13/2021 07:24,EURUSD,Sell,0.1,1.13426,1.12426,1.13035,1.1291799999999999,11.7,10.73,02:14:53:34,0.04%
12/10/2021 16:30,12/13/2021 07:24,EURUSD,Sell,0.1,1.13424,1.12425,1.13035,1.1291799999999999,11.7,10.73,02:14:53:44,0.04%
12/10/2021 16:30,12/13/2021 07:24,EURUSD,Sell,0.1,1.13426,1.12426,1.13034,1.1291799999999999,11.6,10.63,02:14:53:28,0.04%
12/10/2021 16:29,12/13/2021 07:24,EURUSD,Sell,0.1,1.13437,1.12438,1.13032,1.1291799999999999,11.4,10.43,02:14:54:23,0.04%
12/10/2021 16:29,12/13/2021 07:24,EURUSD,Sell,0.1,1.13438,1.12438,1.13034,1.1291799999999999,11.6,10.63,02:14:54:06,0.04%
12/10/2021 16:30,12/13/2021 07:24,EURUSD,Sell,0.1,1.13438,1.12438,1.13035,1.1291799999999999,11.7,10.73,02:14:53:54,0.04%
12/10/2021 16:29,12/13/2021 07:24,EURUSD,Sell,0.1,1.1344,1.1244,1.13029,1.1291799999999999,11.1,10.13,02:14:54:36,0.04%
12/10/2021 16:30,12/13/2021 07:24,EURUSD,Sell,0.1,1.13426,1.12426,1.1303299999999998,1.1291799999999999,11.5,10.53,02:14:53:23,0.04%
12/10/2021 16:29,12/13/2021 07:24,EURUSD,Sell,0.1,1.13442,1.1244299999999998,1.13028,1.1291799999999999,11.0,10.03,02:14:54:31,0.04%
12/10/2021 16:29,12/13/2021 07:24,EURUSD,Sell,0.1,1.13438,1.12438,1.13027,1.12917,11.0,10.03,02:14:54:26,0.04%
12/10/2021 16:30,12/13/2021 07:24,EURUSD,Sell,0.1,1.13435,1.12435,1.13026,1.12917,10.9,9.93,02:14:53:55,0.04%
12/10/2021 16:27,12/13/2021 07:24,EURUSD,Sell,0.1,1.13449,1.12448,1.13025,1.12917,10.8,9.83,02:14:56:08,0.04%
12/10/2021 16:30,12/13/2021 07:24,EURUSD,Sell,0.1,1.13438,1.12438,1.13024,1.12917,10.7,9.73,02:14:53:58,0.04%
12/10/2021 16:27,12/13/2021 07:23,EURUSD,Sell,0.1,1.13448,1.12449,1.13022,1.12917,10.5,9.53,02:14:56:04,0.04%
12/10/2021 16:27,12/13/2021 07:23,EURUSD,Sell,0.1,1.13448,1.12449,1.13018,1.1291799999999999,10.0,9.03,02:14:55:59,0.03%
12/10/2021 16:29,12/13/2021 07:23,EURUSD,Sell,0.1,1.1344,1.1244,1.13022,1.12917,10.5,9.53,02:14:54:35,0.04%
12/10/2021 16:28,12/13/2021 07:23,EURUSD,Sell,0.1,1.13448,1.12448,1.1301700000000001,1.1291799999999999,9.9,8.93,02:14:55:54,0.03%
12/10/2021 16:28,12/13/2021 07:23,EURUSD,Sell,0.1,1.13426,1.12426,1.13011,1.1291799999999999,9.3,8.33,02:14:55:23,0.03%
12/10/2021 16:28,12/13/2021 07:23,EURUSD,Sell,0.1,1.13438,1.12438,1.13008,1.1291799999999999,9.0,8.03,02:14:55:30,0.03%
12/10/2021 16:28,12/13/2021 07:23,EURUSD,Sell,0.1,1.1344100000000001,1.1244100000000001,1.1300700000000001,1.1291799999999999,8.9,7.93,02:14:55:26,0.03%
12/10/2021 16:27,12/13/2021 07:23,EURUSD,Sell,0.1,1.1345,1.1245,1.1300299999999999,1.1291799999999999,8.5,7.53,02:14:56:07,0.03%
12/10/2021 16:28,12/13/2021 07:23,EURUSD,Sell,0.1,1.1344,1.1244,1.13006,1.1291799999999999,8.8,7.83,02:14:55:37,0.03%
12/10/2021 16:28,12/13/2021 07:23,EURUSD,Sell,0.1,1.1344100000000001,1.1244100000000001,1.13008,1.1291799999999999,9.0,8.03,02:14:55:34,0.03%
12/10/2021 16:28,12/13/2021 07:23,EURUSD,Sell,0.1,1.1344100000000001,1.1244,1.13006,1.1291799999999999,8.8,7.83,02:14:55:40,0.03%
12/10/2021 16:27,12/13/2021 07:23,EURUSD,Sell,0.1,1.1345,1.1245,1.12998,1.1291799999999999,8.0,7.03,02:14:56:37,0.03%
12/10/2021 16:27,12/13/2021 07:23,EURUSD,Sell,0.1,1.1345,1.1245,1.1299700000000001,1.1291799999999999,7.9,6.93,02:14:56:30,0.03%
12/10/2021 16:27,12/13/2021 07:23,EURUSD,Sell,0.1,1.1345,1.1245,1.1299700000000001,1.1291799999999999,7.9,6.93,02:14:56:40,0.03%
12/10/2021 16:27,12/13/2021 07:23,EURUSD,Sell,0.1,1.1344,1.1244,1.1299700000000001,1.1291799999999999,7.9,6.93,02:14:56:33,0.03%
12/10/2021 16:27,12/13/2021 07:23,EURUSD,Sell,0.1,1.1345,1.1245,1.1299700000000001,1.12917,8.0,7.03,02:14:56:23,0.03%
12/10/2021 16:27,12/13/2021 07:23,EURUSD,Sell,0.1,1.1345,1.1245,1.1299700000000001,1.1291799999999999,7.9,6.93,02:14:56:42,0.03%
12/10/2021 16:27,12/13/2021 07:23,EURUSD,Sell,0.1,1.1345,1.1245,1.12996,1.1291799999999999,7.8,6.83,02:14:56:24,0.03%
12/10/2021 16:27,12/13/2021 07:23,EURUSD,Sell,0.1,1.1345,1.1245,1.12996,1.1291799999999999,7.8,6.83,02:14:56:08,0.03%
12/10/2021 16:27,12/13/2021 07:23,EURUSD,Sell,0.1,1.13449,1.12449,1.12996,1.1291799999999999,7.8,6.83,02:14:56:04,0.03%
12/10/2021 16:26,12/13/2021 07:23,EURUSD,Sell,0.1,1.1345,1.1245,1.12996,1.1291799999999999,7.8,6.83,02:14:56:51,0.03%
12/10/2021 16:27,12/13/2021 07:23,EURUSD,Sell,0.1,1.1345,1.1245,1.12996,1.1291799999999999,7.8,6.83,02:14:56:47,0.03%
12/10/2021 16:27,12/13/2021 07:23,EURUSD,Sell,0.1,1.1345,1.1245,1.12995,1.1291799999999999,7.7,6.73,02:14:56:13,0.03%
12/10/2021 16:27,12/13/2021 07:23,EURUSD,Sell,0.1,1.13439,1.1244,1.12995,1.1291799999999999,7.7,6.73,02:14:56:10,0.03%
12/10/2021 16:27,12/13/2021 07:23,EURUSD,Sell,0.1,1.1345,1.1245,1.12995,1.1291799999999999,7.7,6.73,02:14:56:41,0.03%
12/08/2021 17:11,12/09/2021 16:50,EURUSD,Sell,0.1,1.1434799999999998,1.12348,1.1334899999999999,1.12801,54.8,53.91,00:23:39:28,0.20%
12/08/2021 17:11,12/09/2021 16:50,EURUSD,Sell,0.1,1.1434799999999998,1.12348,1.1334799999999998,1.12801,54.7,53.81,00:23:39:25,0.20%
12/08/2021 17:11,12/09/2021 16:50,EURUSD,Sell,0.1,1.1434799999999998,1.12348,1.1334799999999998,1.12801,54.7,53.81,00:23:39:25,0.20%
12/08/2021 17:11,12/09/2021 16:50,EURUSD,Sell,0.1,1.14347,1.12347,1.13347,1.12801,54.6,53.71,00:23:39:24,0.20%
12/08/2021 17:11,12/09/2021 16:50,EURUSD,Sell,0.1,1.14347,1.12347,1.13347,1.12801,54.6,53.71,00:23:39:22,0.20%
12/08/2021 17:11,12/09/2021 16:50,EURUSD,Sell,0.1,1.14343,1.12343,1.13343,1.12802,54.1,53.21,00:23:39:10,0.20%
12/08/2021 17:11,12/09/2021 16:50,EURUSD,Sell,0.1,1.14347,1.12347,1.13347,1.12802,54.5,53.61,00:23:39:21,0.20%
12/08/2021 17:11,12/09/2021 16:50,EURUSD,Sell,0.1,1.14343,1.12343,1.13343,1.12802,54.1,53.21,00:23:39:11,0.20%
12/08/2021 17:11,12/09/2021 16:50,EURUSD,Sell,0.1,1.14341,1.12341,1.13343,1.12801,54.2,53.31,00:23:39:13,0.20%
12/08/2021 17:11,12/09/2021 16:50,EURUSD,Sell,0.1,1.14341,1.12341,1.13343,1.12806,53.7,52.81,00:23:39:11,0.20%
12/08/2021 17:11,12/09/2021 16:50,EURUSD,Sell,0.1,1.14343,1.12343,1.13342,1.12801,54.1,53.21,00:23:39:10,0.20%
12/08/2021 17:11,12/09/2021 16:50,EURUSD,Sell,0.1,1.14342,1.12342,1.13343,1.12806,53.7,52.81,00:23:39:11,0.20%
12/08/2021 17:11,12/09/2021 16:50,EURUSD,Sell,0.1,1.14341,1.12341,1.13341,1.12806,53.5,52.61,00:23:39:00,0.20%
12/08/2021 17:11,12/09/2021 16:50,EURUSD,Sell,0.1,1.14341,1.12341,1.13341,1.12806,53.5,52.61,00:23:38:58,0.20%
12/08/2021 17:11,12/09/2021 16:50,EURUSD,Sell,0.1,1.14341,1.12341,1.13341,1.1281,53.1,52.21,00:23:39:00,0.20%
12/08/2021 17:11,12/09/2021 16:50,EURUSD,Sell,0.1,1.14341,1.12341,1.13341,1.1281,53.1,52.21,00:23:38:58,0.20%
12/08/2021 17:11,12/09/2021 16:50,EURUSD,Sell,0.1,1.14341,1.12341,1.13341,1.1281,53.1,52.21,00:23:39:06,0.20%
12/08/2021 17:11,12/09/2021 16:50,EURUSD,Sell,0.1,1.14342,1.12342,1.13341,1.1281,53.1,52.21,00:23:38:59,0.20%
12/08/2021 17:11,12/09/2021 16:50,EURUSD,Sell,0.1,1.14341,1.12341,1.13341,1.1282299999999998,51.8,50.91,00:23:39:06,0.20%
12/08/2021 17:11,12/09/2021 16:50,EURUSD,Sell,0.1,1.14342,1.12342,1.13341,1.1282299999999998,51.8,50.91,00:23:39:00,0.20%
12/08/2021 17:11,12/09/2021 16:50,EURUSD,Sell,0.1,1.14341,1.12341,1.13341,1.1282299999999998,51.8,50.91,00:23:38:59,0.20%
12/08/2021 17:11,12/09/2021 16:50,EURUSD,Sell,0.1,1.14341,1.12341,1.13341,1.12824,51.7,50.81,00:23:39:07,0.20%
12/08/2021 17:11,12/09/2021 16:50,EURUSD,Sell,0.1,1.14341,1.12341,1.13341,1.1282299999999998,51.8,50.91,00:23:39:06,0.20%
12/08/2021 17:11,12/09/2021 16:50,EURUSD,Sell,0.1,1.14341,1.12341,1.13341,1.12822,51.9,51.01,00:23:39:06,0.20%
12/08/2021 17:11,12/09/2021 16:50,EURUSD,Sell,0.1,1.1434600000000001,1.1234600000000001,1.13341,1.1282299999999998,51.8,50.91,00:23:39:06,0.20%
12/08/2021 16:15,12/09/2021 16:50,EURUSD,Sell,0.1,1.14175,1.12175,1.13175,1.1282299999999998,35.2,34.31,01:00:35:06,0.13%
12/08/2021 16:15,12/09/2021 16:50,EURUSD,Sell,0.1,1.14175,1.12175,1.13175,1.12824,35.1,34.21,01:00:35:05,0.13%
12/08/2021 16:14,12/09/2021 16:50,EURUSD,Sell,0.1,1.14175,1.1193,1.13175,1.1282299999999998,35.2,34.31,01:00:35:47,0.13%
12/08/2021 16:14,12/09/2021 16:50,EURUSD,Sell,0.1,1.14175,1.11907,1.13175,1.12824,35.1,34.21,01:00:35:47,0.13%
12/08/2021 16:14,12/09/2021 16:50,EURUSD,Sell,0.1,1.14175,1.11907,1.13175,1.12824,35.1,34.21,01:00:35:47,0.13%
12/08/2021 16:15,12/09/2021 16:50,EURUSD,Sell,0.1,1.14174,1.12174,1.13174,1.12828,34.6,33.71,01:00:35:04,0.13%
12/08/2021 16:15,12/09/2021 16:50,EURUSD,Sell,0.1,1.14174,1.12174,1.13174,1.12829,34.5,33.61,01:00:35:03,0.13%
12/08/2021 16:15,12/09/2021 16:50,EURUSD,Sell,0.1,1.14174,1.12174,1.13174,1.12828,34.6,33.71,01:00:35:04,0.13%
12/08/2021 16:15,12/09/2021 16:50,EURUSD,Sell,0.1,1.14174,1.12174,1.13174,1.12828,34.6,33.71,01:00:35:04,0.13%
12/08/2021 16:14,12/09/2021 16:50,EURUSD,Sell,0.1,1.14171,1.12171,1.13171,1.12828,34.3,33.41,01:00:35:17,0.13%
12/08/2021 16:14,12/09/2021 16:50,EURUSD,Sell,0.1,1.1417,1.1217,1.13171,1.12829,34.2,33.31,01:00:35:31,0.13%
12/08/2021 16:15,12/09/2021 16:50,EURUSD,Sell,0.1,1.1417,1.1217,1.13174,1.1283100000000001,34.3,33.41,01:00:35:03,0.13%
12/08/2021 16:14,12/09/2021 16:50,EURUSD,Sell,0.1,1.14171,1.11907,1.13171,1.12828,34.3,33.41,01:00:35:39,0.13%
12/08/2021 16:14,12/09/2021 16:50,EURUSD,Sell,0.1,1.14171,1.11907,1.13171,1.12828,34.3,33.41,01:00:35:33,0.13%
12/08/2021 16:14,12/09/2021 16:50,EURUSD,Sell,0.1,1.1417,1.1217,1.13171,1.1283100000000001,34.0,33.11,01:00:35:16,0.13%
12/08/2021 16:14,12/09/2021 16:50,EURUSD,Sell,0.1,1.1417,1.11884,1.13171,1.12828,34.3,33.41,01:00:35:32,0.13%
12/08/2021 16:14,12/09/2021 16:50,EURUSD,Sell,0.1,1.1417,1.1217,1.1317,1.12828,34.2,33.31,01:00:35:06,0.13%
12/08/2021 16:15,12/09/2021 16:50,EURUSD,Sell,0.1,1.1417,1.1217,1.1317,1.12828,34.2,33.31,01:00:35:01,0.13%
12/08/2021 16:14,12/09/2021 16:50,EURUSD,Sell,0.1,1.1417,1.1217,1.1317,1.12828,34.2,33.31,01:00:35:07,0.13%
12/08/2021 16:14,12/09/2021 16:50,EURUSD,Sell,0.1,1.1416899999999999,1.1216899999999999,1.1317,1.1283,34.0,33.11,01:00:35:02,0.13%
12/08/2021 16:14,12/09/2021 16:50,EURUSD,Sell,0.1,1.1417,1.1217,1.1317,1.1283,34.0,33.11,01:00:35:01,0.13%
12/08/2021 16:14,12/09/2021 16:49,EURUSD,Sell,0.1,1.1417,1.1217,1.1317,1.12828,34.2,33.31,01:00:35:08,0.13%
12/08/2021 16:14,12/09/2021 16:49,EURUSD,Sell,0.1,1.1417,1.1217,1.1317,1.12828,34.2,33.31,01:00:35:07,0.13%
12/08/2021 16:14,12/09/2021 16:49,EURUSD,Sell,0.1,1.1417,1.1217,1.1317,1.12829,34.1,33.21,01:00:35:07,0.13%
12/08/2021 16:14,12/09/2021 16:49,EURUSD,Sell,0.1,1.14171,1.12171,1.1317,1.12828,34.2,33.31,01:00:35:09,0.13%
12/08/2021 16:14,12/09/2021 16:49,EURUSD,Sell,0.1,1.1417,1.1217,1.1317,1.12828,34.2,33.31,01:00:35:12,0.14%
12/08/2021 16:14,12/09/2021 16:49,EURUSD,Sell,0.1,1.14171,1.12171,1.1317,1.12828,34.2,33.31,01:00:35:09,0.14%
12/08/2021 16:14,12/09/2021 16:49,EURUSD,Sell,0.1,1.1417,1.1217,1.1317,1.12828,34.2,33.31,01:00:35:07,0.13%
12/08/2021 16:14,12/09/2021 16:49,EURUSD,Sell,0.1,1.1417,1.1217,1.1317,1.1283100000000001,33.9,33.01,01:00:35:10,0.13%
12/08/2021 16:14,12/09/2021 16:49,EURUSD,Sell,0.1,1.1417,1.1217,1.1317,1.1283100000000001,33.9,33.01,01:00:35:15,0.13%
12/08/2021 16:14,12/09/2021 16:49,EURUSD,Sell,0.1,1.1417,1.1217,1.1317,1.1283100000000001,33.9,33.01,01:00:35:12,0.13%
12/08/2021 16:14,12/09/2021 16:49,EURUSD,Sell,0.1,1.1417,1.1217,1.1317,1.12829,34.1,33.21,01:00:35:19,0.14%
12/08/2021 16:14,12/09/2021 16:49,EURUSD,Sell,0.1,1.1416899999999999,1.1216899999999999,1.1317,1.12828,34.2,33.31,01:00:35:16,0.14%
12/08/2021 16:14,12/09/2021 16:49,EURUSD,Sell,0.1,1.1417,1.1217,1.1317,1.12829,34.1,33.21,01:00:35:11,0.14%
12/08/2021 16:14,12/09/2021 16:49,EURUSD,Sell,0.1,1.1417,1.1217,1.1317,1.12828,34.2,33.31,01:00:35:10,0.14%
12/08/2021 16:14,12/09/2021 16:49,EURUSD,Sell,0.1,1.1417,1.1217,1.1317,1.12826,34.4,33.51,01:00:35:15,0.14%
12/08/2021 16:14,12/09/2021 16:49,EURUSD,Sell,0.1,1.1417,1.1193,1.1317,1.12826,34.4,33.51,01:00:35:21,0.14%
12/08/2021 16:14,12/09/2021 16:49,EURUSD,Sell,0.1,1.1417,1.1217,1.1317,1.12826,34.4,33.51,01:00:35:18,0.14%
12/08/2021 16:14,12/09/2021 16:49,EURUSD,Sell,0.1,1.1417,1.1217,1.1317,1.12826,34.4,33.51,01:00:35:16,0.14%
12/08/2021 16:14,12/09/2021 16:49,EURUSD,Sell,0.1,1.1417,1.1217,1.1317,1.12826,34.4,33.51,01:00:35:19,0.14%
12/08/2021 16:14,12/09/2021 16:49,EURUSD,Sell,0.1,1.1417,1.1217,1.1317,1.12826,34.4,33.51,01:00:35:17,0.14%
12/08/2021 16:14,12/09/2021 16:49,EURUSD,Sell,0.1,1.14171,1.1191799999999998,1.1317,1.12827,34.3,33.41,01:00:35:25,0.14%
12/08/2021 16:14,12/09/2021 16:49,EURUSD,Sell,0.1,1.1417,1.11895,1.1317,1.12826,34.4,33.51,01:00:35:22,0.14%
12/08/2021 16:14,12/09/2021 16:49,EURUSD,Sell,0.1,1.1417,1.11895,1.1317,1.12827,34.3,33.41,01:00:35:22,0.14%
12/08/2021 16:14,12/09/2021 16:49,EURUSD,Sell,0.1,1.1417,1.11884,1.1317,1.12827,34.3,33.41,01:00:35:20,0.14%
12/08/2021 16:14,12/09/2021 16:49,EURUSD,Sell,0.1,1.1416899999999999,1.1216899999999999,1.1316899999999999,1.12827,34.2,33.31,01:00:34:53,0.14%
12/08/2021 16:14,12/09/2021 16:49,EURUSD,Sell,0.1,1.1417,1.1217,1.1316899999999999,1.12827,34.2,33.31,01:00:35:09,0.14%
12/08/2021 14:44,12/09/2021 16:49,EURUSD,Sell,0.1,1.1407100000000001,1.1207,1.13069,1.12824,24.5,23.61,01:02:05:16,0.10%
12/08/2021 16:14,12/09/2021 16:49,EURUSD,Sell,0.1,1.1416899999999999,1.1193,1.1317,1.12824,34.6,33.71,01:00:35:21,0.14%
12/08/2021 16:14,12/09/2021 16:49,EURUSD,Sell,0.1,1.1417,1.1217,1.1316899999999999,1.12824,34.5,33.61,01:00:35:10,0.14%
12/08/2021 16:14,12/09/2021 16:49,EURUSD,Sell,0.1,1.1417,1.11895,1.13168,1.12825,34.3,33.41,01:00:35:19,0.14%
12/08/2021 16:14,12/09/2021 16:49,EURUSD,Sell,0.1,1.1417,1.1217,1.1316899999999999,1.12824,34.5,33.61,01:00:35:04,0.14%
12/08/2021 16:14,12/09/2021 16:49,EURUSD,Sell,0.1,1.1417,1.1217,1.1316899999999999,1.12824,34.5,33.61,01:00:35:03,0.14%
12/08/2021 14:44,12/09/2021 16:49,EURUSD,Sell,0.1,1.14079,1.12077,1.13073,1.12827,24.6,23.71,01:02:05:28,0.10%
12/08/2021 07:26,12/09/2021 16:49,EURUSD,Sell,0.1,1.13915,1.11915,1.12915,1.12826,8.9,8.01,01:09:23:13,0.03%
12/08/2021 07:26,12/09/2021 16:49,EURUSD,Sell,0.1,1.13915,1.11915,1.12915,1.12826,8.9,8.01,01:09:23:14,0.03%
12/08/2021 07:26,12/09/2021 16:49,EURUSD,Sell,0.1,1.13915,1.11915,1.12915,1.12826,8.9,8.01,01:09:23:13,0.03%
12/08/2021 14:44,12/09/2021 16:49,EURUSD,Sell,0.1,1.1407200000000002,1.12076,1.1306,1.12826,23.4,22.51,01:02:04:58,0.09%
12/08/2021 07:26,12/09/2021 16:49,EURUSD,Sell,0.1,1.13915,1.11915,1.12915,1.12826,8.9,8.01,01:09:23:16,0.03%
12/08/2021 07:26,12/09/2021 16:49,EURUSD,Sell,0.1,1.13915,1.11915,1.12915,1.12826,8.9,8.01,01:09:23:14,0.03%
12/08/2021 07:26,12/09/2021 16:49,EURUSD,Sell,0.1,1.13915,1.11915,1.12915,1.12826,8.9,8.01,01:09:23:12,0.03%
12/08/2021 07:26,12/09/2021 16:49,EURUSD,Sell,0.1,1.13915,1.11915,1.12915,1.12826,8.9,8.01,01:09:23:15,0.03%
12/08/2021 07:26,12/09/2021 16:49,EURUSD,Sell,0.1,1.13915,1.11915,1.12915,1.12827,8.8,7.91,01:09:23:14,0.03%
12/08/2021 07:26,12/09/2021 16:49,EURUSD,Sell,0.1,1.13915,1.11915,1.12915,1.12826,8.9,8.01,01:09:23:16,0.03%
12/08/2021 07:26,12/09/2021 16:49,EURUSD,Sell,0.1,1.13915,1.11915,1.12915,1.1283299999999998,8.2,7.31,01:09:23:15,0.03%
12/08/2021 07:26,12/09/2021 16:49,EURUSD,Sell,0.1,1.13915,1.11915,1.12915,1.1283299999999998,8.2,7.31,01:09:23:17,0.03%
12/08/2021 07:26,12/09/2021 16:49,EURUSD,Sell,0.1,1.13915,1.11915,1.12915,1.1283299999999998,8.2,7.31,01:09:23:16,0.03%
12/08/2021 07:26,12/09/2021 16:49,EURUSD,Sell,0.1,1.13915,1.11915,1.12915,1.12828,8.7,7.81,01:09:23:19,0.03%
12/08/2021 07:26,12/09/2021 16:49,EURUSD,Sell,0.1,1.13915,1.11915,1.12915,1.12828,8.7,7.81,01:09:23:17,0.03%
12/08/2021 07:26,12/09/2021 16:49,EURUSD,Sell,0.1,1.13915,1.11915,1.12915,1.12828,8.7,7.81,01:09:23:16,0.03%
12/08/2021 07:26,12/09/2021 16:49,EURUSD,Sell,0.1,1.13915,1.11915,1.12915,1.1283299999999998,8.2,7.31,01:09:23:21,0.03%
12/08/2021 07:26,12/09/2021 16:49,EURUSD,Sell,0.1,1.13915,1.11915,1.12915,1.1283299999999998,8.2,7.31,01:09:23:19,0.03%
12/08/2021 07:26,12/09/2021 16:49,EURUSD,Sell,0.1,1.13915,1.11915,1.12915,1.1283299999999998,8.2,7.31,01:09:23:17,0.03%
12/08/2021 07:26,12/09/2021 16:49,EURUSD,Sell,0.1,1.13915,1.11915,1.12915,1.12832,8.3,7.41,01:09:23:21,0.03%
12/08/2021 07:26,12/09/2021 16:49,EURUSD,Sell,0.1,1.13915,1.11915,1.12915,1.1283299999999998,8.2,7.31,01:09:23:19,0.03%
12/08/2021 07:26,12/09/2021 16:49,EURUSD,Sell,0.1,1.13915,1.11915,1.12915,1.12834,8.1,7.21,01:09:23:21,0.03%
12/08/2021 07:26,12/09/2021 16:49,EURUSD,Sell,0.1,1.13915,1.11915,1.12915,1.12834,8.1,7.21,01:09:23:23,0.03%
12/08/2021 07:26,12/09/2021 16:49,EURUSD,Sell,0.1,1.13915,1.11915,1.12915,1.12834,8.1,7.21,01:09:23:21,0.03%
12/08/2021 07:26,12/09/2021 16:49,EURUSD,Sell,0.1,1.13915,1.11915,1.12915,1.12834,8.1,7.21,01:09:23:20,0.03%
12/08/2021 07:26,12/09/2021 16:49,EURUSD,Sell,0.1,1.13915,1.11915,1.12915,1.12834,8.1,7.21,01:09:23:23,0.03%
12/08/2021 07:26,12/09/2021 16:49,EURUSD,Sell,0.1,1.13915,1.11915,1.12915,1.12834,8.1,7.21,01:09:23:21,0.03%
12/08/2021 07:26,12/09/2021 16:49,EURUSD,Sell,0.1,1.13915,1.11915,1.12915,1.12836,7.9,7.01,01:09:23:23,0.03%
12/08/2021 07:26,12/09/2021 16:49,EURUSD,Sell,0.1,1.13915,1.11915,1.12915,1.12835,8.0,7.11,01:09:23:23,0.03%
12/08/2021 07:26,12/09/2021 16:49,EURUSD,Sell,0.1,1.13915,1.11915,1.12915,1.12836,7.9,7.01,01:09:23:23,0.03%
12/08/2021 07:26,12/09/2021 16:49,EURUSD,Sell,0.1,1.13916,1.11916,1.12915,1.12836,7.9,7.01,01:09:23:23,0.03%
12/08/2021 07:26,12/09/2021 16:49,EURUSD,Sell,0.1,1.13915,1.11915,1.12911,1.12836,7.5,6.61,01:09:22:58,0.03%
12/08/2021 07:26,12/09/2021 16:49,EURUSD,Sell,0.1,1.1391,1.1191,1.1291,1.12836,7.4,6.51,01:09:22:47,0.03%
12/08/2021 07:26,12/09/2021 16:49,EURUSD,Sell,0.1,1.1391,1.1191,1.1291,1.12836,7.4,6.51,01:09:22:46,0.03%
12/08/2021 07:26,12/09/2021 16:49,EURUSD,Sell,0.1,1.1391,1.1191,1.1291,1.12836,7.4,6.51,01:09:22:53,0.03%
12/08/2021 07:26,12/09/2021 16:49,EURUSD,Sell,0.1,1.1391,1.1191,1.1291,1.12836,7.4,6.51,01:09:22:51,0.03%
12/08/2021 07:26,12/09/2021 16:49,EURUSD,Sell,0.1,1.1391,1.1191,1.1291,1.12836,7.4,6.51,01:09:22:53,0.03%
12/08/2021 07:26,12/09/2021 16:49,EURUSD,Sell,0.1,1.1391,1.1191,1.12909,1.12836,7.3,6.41,01:09:22:45,0.03%
12/08/2021 07:26,12/09/2021 16:49,EURUSD,Sell,0.1,1.1391,1.1191,1.12905,1.1283100000000001,7.4,6.51,01:09:22:42,0.03%
12/08/2021 07:26,12/08/2021 12:39,EURUSD,Sell,0.1,1.1391,1.1191,1.1291,1.12799,11.1,10.1,00:05:12:44,0.04%
12/08/2021 07:26,12/08/2021 12:39,EURUSD,Sell,0.1,1.1391,1.1191,1.1291,1.128,11.0,10.0,00:05:12:31,0.04%
12/08/2021 07:26,12/08/2021 12:39,EURUSD,Sell,0.1,1.1391,1.1191,1.1291,1.128,11.0,10.0,00:05:12:31,0.04%
12/08/2021 07:26,12/08/2021 12:39,EURUSD,Sell,0.1,1.1391,1.1191,1.1291,1.12799,11.1,10.1,00:05:12:26,0.04%
12/08/2021 07:26,12/08/2021 12:39,EURUSD,Sell,0.1,1.1391,1.1191,1.1291,1.12799,11.1,10.1,00:05:12:21,0.04%
12/08/2021 07:26,12/08/2021 12:38,EURUSD,Sell,0.1,1.1391,1.1191,1.1291,1.12799,11.1,10.1,00:05:12:19,0.04%
12/08/2021 07:26,12/08/2021 12:38,EURUSD,Sell,0.1,1.13905,1.11905,1.12905,1.12799,10.6,9.6,00:05:12:08,0.04%
12/08/2021 07:26,12/08/2021 12:38,EURUSD,Sell,0.1,1.13905,1.11905,1.12905,1.12796,10.9,9.9,00:05:12:05,0.04%
12/08/2021 07:26,12/08/2021 12:38,EURUSD,Sell,0.1,1.13905,1.11905,1.12905,1.12789,11.6,10.6,00:05:11:54,0.05%
12/08/2021 07:26,12/08/2021 12:38,EURUSD,Sell,0.1,1.13905,1.11905,1.12905,1.12789,11.6,10.6,00:05:11:50,0.05%
12/08/2021 07:26,12/08/2021 12:38,EURUSD,Sell,0.1,1.13905,1.11905,1.12905,1.12796,10.9,9.9,00:05:11:40,0.04%
12/08/2021 07:26,12/08/2021 12:38,EURUSD,Sell,0.1,1.13905,1.11905,1.12905,1.12796,10.9,9.9,00:05:11:35,0.04%
12/03/2021 15:55,12/06/2021 19:21,USDJPY,Buy,0.1,111.595,114.329,113.341,113.524,18.3,14.97,03:03:26:34,0.06%
12/03/2021 15:55,12/06/2021 19:21,USDJPY,Buy,0.1,111.582,114.316,113.327,113.525,19.8,16.29,03:03:26:35,0.07%
12/03/2021 15:55,12/06/2021 19:21,USDJPY,Buy,0.1,111.505,114.327,113.346,113.525,17.9,14.62,03:03:26:33,0.06%
12/03/2021 15:55,12/06/2021 19:21,USDJPY,Buy,0.1,111.608,114.343,113.343,113.525,18.2,14.88,03:03:26:30,0.06%
12/03/2021 15:55,12/06/2021 19:21,USDJPY,Buy,0.1,111.595,114.308,113.313,113.525,21.2,17.52,03:03:26:34,0.08%
12/03/2021 15:55,12/06/2021 19:21,USDJPY,Buy,0.1,111.556,114.313,113.316,113.524,20.8,17.17,03:03:26:33,0.07%
12/03/2021 15:55,12/06/2021 19:21,USDJPY,Buy,0.1,111.531,114.345,113.344,113.525,18.1,14.79,03:03:26:29,0.06%
12/03/2021 15:55,12/06/2021 19:21,USDJPY,Buy,0.1,111.543,114.336,113.333,113.524,19.1,15.67,03:03:26:24,0.07%
12/03/2021 15:55,12/06/2021 19:21,USDJPY,Buy,0.1,111.595,114.335,113.334,113.524,19.0,15.59,03:03:26:21,0.07%
12/03/2021 15:55,12/06/2021 19:21,USDJPY,Buy,0.1,111.556,114.341,113.336,113.525,18.9,15.5,03:03:26:25,0.07%
12/03/2021 15:55,12/06/2021 19:21,USDJPY,Buy,0.1,111.582,114.345,113.339,113.525,18.6,15.23,03:03:26:26,0.07%
12/03/2021 15:55,12/06/2021 19:21,USDJPY,Buy,0.1,111.595,114.342,113.341,113.525,18.4,15.06,03:03:26:24,0.06%
12/03/2021 15:55,12/06/2021 19:21,USDJPY,Buy,0.1,111.556,114.342,113.343,113.525,18.2,14.88,03:03:26:25,0.06%
12/03/2021 15:55,12/06/2021 19:21,USDJPY,Buy,0.1,111.569,114.333,113.332,113.525,19.3,15.85,03:03:26:19,0.07%
12/03/2021 15:55,12/06/2021 19:21,USDJPY,Buy,0.1,111.633,114.334,113.333,113.525,19.2,15.76,03:03:26:16,0.07%
12/03/2021 15:55,12/06/2021 19:21,USDJPY,Buy,0.1,111.492,114.33,113.329,113.526,19.7,16.2,03:03:26:13,0.07%
12/03/2021 15:55,12/06/2021 19:21,USDJPY,Buy,0.1,111.505,114.339,113.336,113.529,19.3,15.85,03:03:26:18,0.07%
12/03/2021 15:55,12/06/2021 19:21,USDJPY,Buy,0.1,111.582,114.339,113.336,113.529,19.3,15.85,03:03:26:17,0.07%
12/03/2021 15:55,12/06/2021 19:21,USDJPY,Buy,0.1,111.595,114.336,113.333,113.529,19.6,16.11,03:03:26:14,0.07%
12/03/2021 15:55,12/06/2021 19:21,USDJPY,Buy,0.1,111.543,114.333,113.335,113.53,19.5,16.03,03:03:26:12,0.07%
12/03/2021 15:55,12/06/2021 19:21,USDJPY,Buy,0.1,111.582,114.335,113.332,113.529,19.7,16.2,03:03:26:05,0.07%
12/03/2021 15:55,12/06/2021 19:21,USDJPY,Buy,0.1,111.505,114.329,113.328,113.529,20.1,16.55,03:03:26:03,0.07%
12/03/2021 15:55,12/06/2021 19:21,USDJPY,Buy,0.1,111.582,114.329,113.326,113.53,20.4,16.82,03:03:26:05,0.07%
12/03/2021 15:55,12/06/2021 19:21,USDJPY,Buy,0.1,111.582,114.328,113.331,113.53,19.9,16.38,03:03:26:01,0.07%
12/03/2021 15:55,12/06/2021 19:21,USDJPY,Buy,0.1,111.608,114.332,113.33,113.53,20.0,16.47,03:03:26:07,0.07%
12/03/2021 15:55,12/06/2021 19:21,USDJPY,Buy,0.1,111.608,114.333,113.332,113.53,19.8,16.29,03:03:26:06,0.07%
12/03/2021 15:55,12/06/2021 19:21,USDJPY,Buy,0.1,111.569,114.33,113.33,113.53,20.0,16.47,03:03:26:04,0.07%
12/03/2021 15:55,12/06/2021 19:21,USDJPY,Buy,0.1,111.595,114.33,113.329,113.53,20.1,16.55,03:03:26:03,0.07%
12/03/2021 15:55,12/06/2021 19:21,USDJPY,Buy,0.1,111.492,114.326,113.328,113.53,20.2,16.64,03:03:26:00,0.07%
12/03/2021 15:55,12/06/2021 19:21,USDJPY,Buy,0.1,111.582,114.326,113.335,113.529,19.4,15.94,03:03:26:00,0.07%
12/03/2021 15:55,12/06/2021 19:21,USDJPY,Buy,0.1,111.608,114.331,113.326,113.53,20.4,16.82,03:03:25:55,0.07%
12/03/2021 15:55,12/06/2021 19:21,USDJPY,Buy,0.1,111.543,114.326,113.324,113.53,20.6,16.99,03:03:25:53,0.07%
12/03/2021 15:55,12/06/2021 19:21,USDJPY,Buy,0.1,111.531,114.321,113.321,113.53,20.9,17.26,03:03:25:51,0.08%
12/03/2021 15:55,12/06/2021 19:21,USDJPY,Buy,0.1,111.492,114.326,113.326,113.53,20.4,16.82,03:03:25:53,0.07%
12/03/2021 15:55,12/06/2021 19:21,USDJPY,Buy,0.1,111.62,114.332,113.329,113.53,20.1,16.55,03:03:25:54,0.07%
12/03/2021 15:55,12/06/2021 19:21,USDJPY,Buy,0.1,111.633,114.326,113.326,113.531,20.5,16.91,03:03:25:50,0.07%
12/03/2021 15:55,12/06/2021 19:21,USDJPY,Buy,0.1,111.466,114.324,113.321,113.532,21.1,17.44,03:03:25:48,0.08%
12/03/2021 15:55,12/06/2021 19:21,USDJPY,Buy,0.1,111.531,114.322,113.32,113.531,21.1,17.44,03:03:25:44,0.08%
12/03/2021 15:55,12/06/2021 19:21,USDJPY,Buy,0.1,111.518,114.336,113.339,113.531,19.2,15.76,03:03:25:39,0.07%
12/03/2021 15:55,12/06/2021 19:21,USDJPY,Buy,0.1,111.556,114.324,113.331,113.532,20.1,16.55,03:03:25:41,0.07%
12/03/2021 15:55,12/06/2021 19:21,USDJPY,Buy,0.1,111.582,114.331,113.335,113.531,19.6,16.11,03:03:25:39,0.07%
12/03/2021 15:55,12/06/2021 19:21,USDJPY,Buy,0.1,111.582,114.32,113.321,113.533,21.2,17.52,03:03:25:43,0.08%
12/03/2021 15:55,12/06/2021 19:21,USDJPY,Buy,0.1,111.595,114.321,113.32,113.532,21.2,17.52,03:03:25:42,0.08%
12/03/2021 15:55,12/06/2021 19:21,USDJPY,Buy,0.1,111.569,114.32,113.321,113.535,21.4,17.7,03:03:25:43,0.08%
12/03/2021 15:55,12/06/2021 19:21,USDJPY,Buy,0.1,111.531,114.32,113.319,113.536,21.7,17.96,03:03:25:36,0.08%
12/03/2021 15:55,12/06/2021 19:21,USDJPY,Buy,0.1,111.531,114.319,113.324,113.536,21.2,17.52,03:03:25:34,0.08%
12/03/2021 15:55,12/06/2021 19:21,USDJPY,Buy,0.1,111.505,114.333,113.339,113.536,19.7,16.2,03:03:25:30,0.07%
12/03/2021 15:55,12/06/2021 19:21,USDJPY,Buy,0.1,111.505,114.339,113.34,113.536,19.6,16.11,03:03:25:24,0.07%
12/03/2021 15:55,12/06/2021 19:21,USDJPY,Buy,0.1,111.569,114.335,113.336,113.537,20.1,16.55,03:03:25:30,0.07%
12/03/2021 15:55,12/06/2021 19:21,USDJPY,Buy,0.1,111.595,114.338,113.338,113.537,19.9,16.38,03:03:25:26,0.07%
12/03/2021 15:55,12/06/2021 19:21,USDJPY,Buy,0.1,111.505,114.331,113.333,113.537,20.4,16.82,03:03:25:30,0.07%
12/03/2021 15:55,12/06/2021 19:21,USDJPY,Buy,0.1,111.479,114.339,113.333,113.537,20.4,16.82,03:03:25:26,0.07%
12/03/2021 15:55,12/06/2021 19:21,USDJPY,Buy,0.1,111.531,114.339,113.338,113.536,19.8,16.29,03:03:25:25,0.07%
12/03/2021 15:55,12/06/2021 19:21,USDJPY,Buy,0.1,111.543,114.337,113.339,113.537,19.8,16.29,03:03:25:23,0.07%
12/03/2021 15:55,12/06/2021 19:21,USDJPY,Buy,0.1,111.441,114.351,113.346,113.536,19.0,15.58,03:03:25:19,0.07%
12/03/2021 15:55,12/06/2021 19:20,USDJPY,Buy,0.1,111.543,114.348,113.349,113.536,18.7,15.32,03:03:25:12,0.07%
12/03/2021 15:55,12/06/2021 19:20,USDJPY,Buy,0.1,111.582,114.339,113.337,113.537,20.0,16.47,03:03:25:22,0.07%
12/03/2021 15:55,12/06/2021 19:20,USDJPY,Buy,0.1,111.543,114.337,113.339,113.537,19.8,16.29,03:03:25:20,0.07%
12/03/2021 15:55,12/06/2021 19:20,USDJPY,Buy,0.1,111.569,114.34,113.351,113.537,18.6,15.23,03:03:25:18,0.07%
12/03/2021 15:55,12/06/2021 19:20,USDJPY,Buy,0.1,111.543,114.346,113.347,113.537,19.0,15.58,03:03:25:15,0.07%
12/03/2021 15:55,12/06/2021 19:20,USDJPY,Buy,0.1,111.518,114.347,113.342,113.537,19.5,16.03,03:03:25:13,0.07%
12/03/2021 15:55,12/06/2021 19:20,USDJPY,Buy,0.1,111.543,114.349,113.348,113.537,18.9,15.5,03:03:25:08,0.07%
12/03/2021 15:55,12/06/2021 19:20,USDJPY,Buy,0.1,111.556,114.351,113.354,113.537,18.3,14.97,03:03:25:14,0.07%
12/03/2021 15:55,12/06/2021 19:20,USDJPY,Buy,0.1,111.556,114.351,113.354,113.537,18.3,14.97,03:03:25:14,0.07%
12/03/2021 15:55,12/06/2021 19:20,USDJPY,Buy,0.1,111.531,114.347,113.343,113.537,19.4,15.94,03:03:25:11,0.07%
12/03/2021 15:55,12/06/2021 19:20,USDJPY,Buy,0.1,111.492,114.347,113.343,113.537,19.4,15.94,03:03:25:11,0.07%
12/03/2021 17:51,12/06/2021 19:20,USDJPY,Buy,0.1,111.578,113.978,112.984,113.537,55.3,47.56,03:01:29:17,0.21%
12/03/2021 17:51,12/06/2021 19:20,USDJPY,Buy,0.1,111.565,113.971,112.979,113.537,55.8,48.0,03:01:29:15,0.22%
12/03/2021 15:55,12/06/2021 19:20,USDJPY,Buy,0.1,111.531,114.342,113.343,113.537,19.4,15.94,03:03:25:07,0.07%
12/03/2021 15:55,12/06/2021 19:20,USDJPY,Buy,0.1,111.543,114.343,113.342,113.537,19.5,16.03,03:03:25:07,0.07%
12/03/2021 15:55,12/06/2021 19:20,USDJPY,Buy,0.1,111.479,114.339,113.344,113.537,19.3,15.85,03:03:25:05,0.07%
12/03/2021 15:55,12/06/2021 19:20,USDJPY,Buy,0.1,111.531,114.344,113.348,113.537,18.9,15.5,03:03:25:04,0.07%
12/03/2021 17:51,12/06/2021 19:20,USDJPY,Buy,0.1,111.569,113.985,112.988,113.537,54.9,47.2,03:01:28:56,0.21%
12/03/2021 17:51,12/06/2021 19:20,USDJPY,Buy,0.1,111.569,113.991,112.986,113.538,55.2,47.47,03:01:28:52,0.21%
12/03/2021 17:51,12/06/2021 19:20,USDJPY,Buy,0.1,111.577,113.977,112.982,113.539,55.7,47.91,03:01:29:12,0.22%
12/03/2021 17:51,12/06/2021 19:20,USDJPY,Buy,0.1,111.577,113.977,112.979,113.539,56.0,48.17,03:01:29:11,0.22%
12/03/2021 15:55,12/06/2021 19:20,USDJPY,Buy,0.1,111.543,114.349,113.35,113.539,18.9,15.5,03:03:24:59,0.07%
12/03/2021 17:51,12/06/2021 19:20,USDJPY,Buy,0.1,111.531,113.988,112.99,113.539,54.9,47.2,03:01:28:52,0.22%
12/03/2021 17:52,12/06/2021 19:20,USDJPY,Buy,0.1,111.569,113.986,112.985,113.539,55.4,47.64,03:01:28:46,0.22%
12/03/2021 17:51,12/06/2021 19:20,USDJPY,Buy,0.1,111.582,113.99,112.986,113.539,55.3,47.56,03:01:28:48,0.22%
12/03/2021 17:51,12/06/2021 19:20,USDJPY,Buy,0.1,111.543,113.984,112.985,113.539,55.4,47.64,03:01:28:52,0.22%
12/03/2021 17:51,12/06/2021 19:20,USDJPY,Buy,0.1,111.543,113.985,112.985,113.539,55.4,47.64,03:01:28:52,0.22%
12/03/2021 17:51,12/06/2021 19:20,USDJPY,Buy,0.1,111.556,113.989,112.992,113.541,54.9,47.2,03:01:28:48,0.22%
12/03/2021 17:52,12/06/2021 19:20,USDJPY,Buy,0.1,111.543,113.985,112.989,113.541,55.2,47.47,03:01:28:41,0.22%
12/03/2021 17:52,12/06/2021 19:20,USDJPY,Buy,0.1,111.556,113.986,112.99,113.54,55.0,47.29,03:01:28:40,0.22%
12/03/2021 17:51,12/06/2021 19:20,USDJPY,Buy,0.1,111.556,113.99,112.99,113.541,55.1,47.38,03:01:28:47,0.22%
12/03/2021 17:51,12/06/2021 19:20,USDJPY,Buy,0.1,111.569,113.99,112.986,113.541,55.5,47.73,03:01:28:43,0.22%
12/03/2021 17:52,12/06/2021 19:20,USDJPY,Buy,0.1,111.569,113.985,112.985,113.541,55.6,47.82,03:01:28:40,0.22%
12/03/2021 17:52,12/06/2021 19:20,USDJPY,Buy,0.1,111.531,113.989,112.989,113.541,55.2,47.47,03:01:28:35,0.22%
12/03/2021 17:52,12/06/2021 19:20,USDJPY,Buy,0.1,111.595,113.99,112.986,113.543,55.7,47.91,03:01:28:41,0.23%
12/03/2021 17:52,12/06/2021 19:20,USDJPY,Buy,0.1,111.492,113.986,112.986,113.541,55.5,47.73,03:01:28:32,0.22%
12/03/2021 17:52,12/06/2021 19:20,USDJPY,Buy,0.1,111.569,113.985,112.985,113.543,55.8,47.99,03:01:28:37,0.23%
12/03/2021 17:52,12/06/2021 19:20,USDJPY,Buy,0.1,111.531,113.986,112.986,113.544,55.8,47.99,03:01:28:29,0.23%
12/03/2021 17:52,12/06/2021 19:20,USDJPY,Buy,0.1,111.492,113.986,112.985,113.544,55.9,48.08,03:01:28:28,0.23%
12/03/2021 17:52,12/06/2021 19:20,USDJPY,Buy,0.1,111.543,113.989,112.99,113.544,55.4,47.64,03:01:28:32,0.23%
12/03/2021 17:52,12/06/2021 19:20,USDJPY,Buy,0.1,111.518,113.99,112.99,113.544,55.4,47.64,03:01:28:31,0.23%
12/03/2021 17:52,12/06/2021 19:20,USDJPY,Buy,0.1,111.556,113.985,112.987,113.544,55.7,47.91,03:01:28:24,0.23%
12/03/2021 17:52,12/06/2021 19:20,USDJPY,Buy,0.1,111.492,113.985,112.987,113.544,55.7,47.91,03:01:28:23,0.23%
12/03/2021 17:52,12/06/2021 19:20,USDJPY,Buy,0.1,111.543,113.989,112.986,113.544,55.8,47.99,03:01:28:27,0.23%
12/03/2021 17:52,12/06/2021 19:20,USDJPY,Buy,0.1,111.531,113.986,112.986,113.544,55.8,47.99,03:01:28:27,0.23%
12/03/2021 17:52,12/06/2021 19:20,USDJPY,Buy,0.1,111.787,113.987,112.988,113.543,55.5,47.73,03:01:28:20,0.23%
12/03/2021 17:52,12/06/2021 19:20,USDJPY,Buy,0.1,111.788,113.988,112.985,113.543,55.8,47.99,03:01:28:19,0.23%
12/03/2021 17:52,12/06/2021 19:20,USDJPY,Buy,0.1,111.786,113.986,112.986,113.543,55.7,47.91,03:01:28:16,0.23%
12/03/2021 17:52,12/06/2021 19:20,USDJPY,Buy,0.1,111.786,113.986,112.986,113.543,55.7,47.91,03:01:28:14,0.23%
12/03/2021 17:52,12/06/2021 19:20,USDJPY,Buy,0.1,111.786,113.986,112.985,113.537,55.2,47.47,03:01:28:16,0.23%
12/03/2021 17:52,12/06/2021 19:20,USDJPY,Buy,0.1,111.786,113.986,112.986,113.538,55.2,47.47,03:01:28:13,0.23%
12/03/2021 17:52,12/06/2021 19:20,USDJPY,Buy,0.1,111.786,113.986,112.986,113.538,55.2,47.47,03:01:28:10,0.23%
12/03/2021 17:52,12/06/2021 19:20,USDJPY,Buy,0.1,111.787,113.987,112.987,113.538,55.1,47.38,03:01:28:08,0.23%
12/03/2021 17:52,12/06/2021 19:20,USDJPY,Buy,0.1,111.786,113.986,112.986,113.537,55.1,47.38,03:01:28:10,0.23%
12/03/2021 17:52,12/06/2021 19:20,USDJPY,Buy,0.1,111.786,113.986,112.987,113.538,55.1,47.38,03:01:28:08,0.23%
12/03/2021 17:52,12/06/2021 19:20,USDJPY,Buy,0.1,111.787,113.987,112.987,113.538,55.1,47.38,03:01:28:05,0.23%
12/03/2021 17:52,12/06/2021 19:20,USDJPY,Buy,0.1,111.787,113.987,112.987,113.537,55.0,47.29,03:01:28:04,0.23%
12/03/2021 17:52,12/06/2021 19:20,USDJPY,Buy,0.1,111.787,113.987,112.987,113.537,55.0,47.29,03:01:28:04,0.23%
12/03/2021 17:52,12/06/2021 19:20,USDJPY,Buy,0.1,111.787,113.987,112.987,113.537,55.0,47.29,03:01:27:59,0.23%
12/03/2021 17:52,12/06/2021 19:20,USDJPY,Buy,0.1,111.786,113.986,112.987,113.537,55.0,47.29,03:01:27:56,0.24%
12/03/2021 17:52,12/06/2021 19:20,USDJPY,Buy,0.1,111.787,113.987,112.987,113.537,55.0,47.29,03:01:27:54,0.24%
11/30/2021 07:16,12/02/2021 18:33,EURUSD,Sell,0.1,1.1409,1.1209,1.13089,1.12979,11.0,10.14,02:11:17:35,0.05%
11/30/2021 07:16,12/02/2021 18:33,EURUSD,Sell,0.1,1.1409,1.1209,1.1309,1.12979,11.1,10.24,02:11:17:32,0.05%
11/30/2021 07:16,12/02/2021 18:33,EURUSD,Sell,0.1,1.1409,1.1209,1.1309,1.1297700000000002,11.3,10.44,02:11:17:26,0.05%
11/30/2021 07:16,12/02/2021 18:33,EURUSD,Sell,0.1,1.1409200000000002,1.1209200000000001,1.1309,1.1297700000000002,11.3,10.44,02:11:17:23,0.05%
11/30/2021 07:16,12/02/2021 18:33,EURUSD,Sell,0.1,1.1409,1.1209,1.1309200000000001,1.12979,11.3,10.44,02:11:17:17,0.05%
11/30/2021 07:16,12/02/2021 18:33,EURUSD,Sell,0.1,1.1409,1.1209,1.1309,1.12981,10.9,10.04,02:11:17:14,0.05%
11/30/2021 07:15,12/02/2021 18:33,EURUSD,Sell,0.1,1.14089,1.12089,1.1309,1.12982,10.8,9.94,02:11:17:15,0.05%
11/30/2021 07:16,12/02/2021 18:33,EURUSD,Sell,0.1,1.14089,1.12089,1.1309,1.12978,11.2,10.34,02:11:17:10,0.05%
11/30/2021 07:16,12/02/2021 18:33,EURUSD,Sell,0.1,1.1409,1.1209,1.1309,1.1297700000000002,11.3,10.44,02:11:17:04,0.05%
11/30/2021 07:16,12/02/2021 18:33,EURUSD,Sell,0.1,1.14089,1.12089,1.13089,1.12982,10.7,9.84,02:11:17:01,0.05%
11/30/2021 07:15,12/02/2021 18:20,EURUSD,Sell,0.1,1.14089,1.12089,1.13089,1.13025,6.4,5.54,02:11:04:21,0.03%
11/30/2021 07:15,12/02/2021 18:20,EURUSD,Sell,0.1,1.14089,1.12089,1.13089,1.13025,6.4,5.54,02:11:04:20,0.03%
11/30/2021 07:15,12/02/2021 18:20,EURUSD,Sell,0.1,1.1409,1.1209,1.13089,1.13025,6.4,5.54,02:11:04:16,0.03%
11/30/2021 07:15,12/02/2021 18:20,EURUSD,Sell,0.1,1.14089,1.12089,1.13089,1.13025,6.4,5.54,02:11:04:17,0.03%
11/30/2021 07:15,12/02/2021 18:20,EURUSD,Sell,0.1,1.14088,1.1208799999999999,1.1308799999999999,1.13025,6.3,5.44,02:11:04:18,0.03%
11/25/2021 08:11,11/25/2021 13:26,EURJPY,Sell,0.1,130.437,128.437,129.437,129.377,6.0,4.2,00:05:14:49,0.02%
11/25/2021 08:11,11/25/2021 13:26,EURJPY,Sell,0.1,130.437,128.437,129.437,129.385,5.2,3.51,00:05:14:47,0.02%
11/25/2021 08:11,11/25/2021 13:26,EURJPY,Sell,0.1,130.437,128.437,129.437,129.385,5.2,3.51,00:05:14:45,0.02%
11/25/2021 08:11,11/25/2021 13:26,EURJPY,Sell,0.1,130.436,128.436,129.436,129.386,5.0,3.34,00:05:14:43,0.02%
11/25/2021 08:11,11/25/2021 13:26,EURJPY,Sell,0.1,130.435,128.435,129.436,129.386,5.0,3.34,00:05:14:39,0.02%
11/25/2021 08:11,11/25/2021 13:26,EURJPY,Sell,0.1,130.437,128.437,129.437,129.386,5.1,3.42,00:05:14:32,0.02%
11/25/2021 08:11,11/25/2021 13:26,EURJPY,Sell,0.1,130.437,128.437,129.437,129.382,5.5,3.77,00:05:14:27,0.02%
11/25/2021 08:11,11/25/2021 13:26,EURJPY,Sell,0.1,130.437,128.437,129.437,129.381,5.6,3.85,00:05:14:23,0.02%
11/25/2021 08:11,11/25/2021 13:26,EURJPY,Sell,0.1,130.437,128.437,129.436,129.385,5.1,3.43,00:05:14:19,0.02%
11/25/2021 08:11,11/25/2021 13:26,EURJPY,Sell,0.1,130.436,128.436,129.436,129.386,5.0,3.33,00:05:14:15,0.02%
11/23/2021 14:14,11/24/2021 14:30,EURJPY,Sell,0.1,129.3,128.95,129.349,129.109,24.0,19.76,01:00:15:22,0.10%
11/23/2021 14:14,11/24/2021 14:29,EURJPY,Sell,0.1,129.3,128.9,129.35,129.1,25.0,20.63,01:00:15:22,0.10%
11/23/2021 14:14,11/24/2021 14:29,EURJPY,Sell,0.1,129.3,128.9,129.357,129.099,25.8,21.32,01:00:15:23,0.11%
11/23/2021 14:14,11/24/2021 14:29,EURJPY,Sell,0.1,129.3,128.9,129.355,129.097,25.8,21.33,01:00:15:23,0.11%
11/23/2021 14:14,11/24/2021 14:29,EURJPY,Sell,0.1,129.3,128.9,129.355,129.092,26.3,21.76,01:00:15:24,0.11%
11/23/2021 14:14,11/24/2021 14:29,EURJPY,Sell,0.1,129.3,128.9,129.356,129.092,26.4,21.85,01:00:15:24,0.11%
11/23/2021 14:14,11/24/2021 14:29,EURJPY,Sell,0.1,129.3,128.9,129.361,129.097,26.4,21.84,01:00:15:23,0.11%
11/23/2021 14:14,11/24/2021 14:29,EURJPY,Sell,0.1,129.3,128.9,129.362,129.095,26.7,22.1,01:00:15:23,0.11%
11/23/2021 14:14,11/24/2021 14:29,EURJPY,Sell,0.1,129.3,128.9,129.357,129.096,26.1,21.59,01:00:15:24,0.11%
11/23/2021 14:14,11/24/2021 09:35,EURJPY,Sell,0.1,130.358,128.361,129.355,129.188,16.7,13.46,00:19:21:07,0.07%
11/19/2021 08:18,11/19/2021 10:27,GBPJPY,Buy,0.1,153.603,154.815,154.341,153.583,-75.8,-69.28,00:02:08:18,-0.35%
10/22/2021 08:58,11/19/2021 07:21,GBPUSD,Sell,0.05,1.35168,1.33158,1.3795600000000001,1.34905,305.1,148.13,27:22:23:46,0.75%
10/22/2021 08:58,11/19/2021 07:21,GBPUSD,Sell,0.05,1.35169,1.2867600000000001,1.3795600000000001,1.34906,305.0,148.08,27:22:23:42,0.76%
10/22/2021 08:58,11/19/2021 07:21,GBPUSD,Sell,0.05,1.3517,1.14934,1.3795600000000001,1.34904,305.2,148.18,27:22:23:40,0.77%
10/22/2021 08:58,11/19/2021 07:21,GBPUSD,Sell,0.05,1.3517,1.288,1.37955,1.34905,305.0,148.08,27:22:23:36,0.77%
10/22/2021 08:58,11/19/2021 07:21,GBPUSD,Sell,0.05,1.3517,1.15059,1.37955,1.34905,305.0,148.08,27:22:23:32,0.78%
10/22/2021 08:58,11/19/2021 07:21,GBPUSD,Sell,0.05,1.35168,1.1555600000000001,1.37957,1.34905,305.2,148.18,27:22:23:28,0.78%
10/22/2021 08:58,11/19/2021 07:21,GBPUSD,Sell,0.05,1.35763,1.15992,1.3795600000000001,1.34905,305.1,148.13,27:22:23:24,0.79%
10/22/2021 08:58,11/19/2021 07:21,GBPUSD,Sell,0.05,1.35905,1.16054,1.37955,1.34904,305.1,148.13,27:22:23:25,0.80%
10/22/2021 08:58,11/19/2021 07:21,GBPUSD,Sell,0.05,1.35166,1.1785700000000001,1.3795600000000001,1.34904,305.2,148.18,27:22:23:18,0.80%
10/22/2021 08:58,11/19/2021 07:21,GBPUSD,Sell,0.05,1.35735,1.28925,1.37955,1.34904,305.1,148.13,27:22:23:15,0.81%
10/22/2021 08:58,11/19/2021 07:21,GBPUSD,Sell,0.05,1.3516700000000001,1.28925,1.3795600000000001,1.34904,305.2,148.18,27:22:23:11,0.82%
10/22/2021 08:58,11/19/2021 07:21,GBPUSD,Sell,0.05,1.35839,1.28925,1.3795600000000001,1.34904,305.2,148.18,27:22:23:07,0.82%
10/22/2021 08:57,11/19/2021 07:21,GBPUSD,Sell,0.05,1.3617,1.16116,1.37955,1.34902,305.3,148.23,27:22:23:05,0.83%
10/22/2021 08:57,11/19/2021 07:21,GBPUSD,Sell,0.05,1.36274,1.15805,1.37955,1.3489799999999998,305.7,148.43,27:22:23:02,0.84%
10/22/2021 08:57,11/18/2021 05:46,GBPUSD,Sell,0.05,1.36973,1.15121,1.37957,1.3493600000000001,302.1,146.77,26:20:48:56,0.84%
10/22/2021 08:57,11/18/2021 05:46,GBPUSD,Sell,0.05,1.36,1.1630200000000002,1.37957,1.3493600000000001,302.1,146.77,26:20:48:52,0.84%
10/22/2021 08:57,11/18/2021 05:46,GBPUSD,Sell,0.05,1.36085,1.29298,1.37957,1.3493600000000001,302.1,146.77,26:20:48:49,0.85%
10/22/2021 08:57,11/18/2021 05:46,GBPUSD,Sell,0.05,1.37399,1.1642700000000001,1.37957,1.3493600000000001,302.1,146.77,26:20:48:45,0.86%
10/22/2021 08:57,11/18/2021 05:46,GBPUSD,Sell,0.05,1.37285,1.17235,1.37957,1.3493600000000001,302.1,146.77,26:20:48:42,0.87%
10/22/2021 08:57,11/18/2021 05:46,GBPUSD,Sell,0.05,1.37125,1.2022,1.37957,1.3493600000000001,302.1,146.77,26:20:48:39,0.87%
10/22/2021 08:57,11/18/2021 05:46,GBPUSD,Sell,0.05,1.36794,1.19411,1.37957,1.3493700000000002,302.0,146.72,26:20:48:36,0.88%
10/22/2021 08:57,11/18/2021 05:46,GBPUSD,Sell,0.05,1.36548,1.18106,1.37957,1.3493700000000002,302.0,146.72,26:20:48:30,0.89%
10/22/2021 08:57,11/17/2021 05:20,GBPUSD,Sell,0.05,1.36378,1.25567,1.37957,1.34204,375.3,183.79,25:20:22:27,1.12%
10/22/2021 08:57,11/17/2021 05:20,GBPUSD,Sell,0.05,1.3644399999999999,1.16675,1.37957,1.34207,375.0,183.64,25:20:22:24,1.14%
10/22/2021 08:57,11/17/2021 05:20,GBPUSD,Sell,0.05,1.36699,1.1841700000000002,1.37957,1.34204,375.3,183.79,25:20:22:21,1.15%
10/22/2021 08:57,11/17/2021 05:20,GBPUSD,Sell,0.05,1.3693600000000001,1.27433,1.37963,1.34204,375.9,184.09,25:20:22:38,1.17%
10/22/2021 08:57,11/17/2021 05:20,GBPUSD,Sell,0.05,1.375,1.28116,1.37963,1.34205,375.8,184.04,25:20:22:34,1.18%
10/22/2021 08:57,11/17/2021 05:19,GBPUSD,Sell,0.05,1.375,1.28116,1.37963,1.3421,375.3,183.79,25:20:22:31,1.19%
10/22/2021 08:57,11/17/2021 05:19,GBPUSD,Sell,0.05,1.375,1.28116,1.37963,1.34212,375.1,183.69,25:20:22:28,1.21%
10/22/2021 08:57,11/17/2021 05:17,GBPUSD,Sell,0.05,1.375,1.2737,1.37962,1.3418299999999999,377.9,185.09,25:20:19:48,1.23%
10/22/2021 08:57,11/17/2021 05:17,GBPUSD,Sell,0.05,1.375,1.19971,1.3795600000000001,1.3418299999999999,377.3,184.79,25:20:19:40,1.24%
10/22/2021 08:57,11/17/2021 05:16,GBPUSD,Sell,0.05,1.375,1.24137,1.37955,1.34176,377.9,185.09,25:20:19:33,1.26%
10/22/2021 08:57,11/17/2021 05:16,GBPUSD,Sell,0.05,1.375,1.27495,1.37954,1.3418299999999999,377.1,184.69,25:20:19:28,1.27%
10/22/2021 08:57,11/17/2021 05:16,GBPUSD,Sell,0.05,1.375,1.17608,1.37954,1.34184,377.0,184.64,25:20:19:25,1.29%
10/22/2021 08:57,11/16/2021 05:16,GBPUSD,Sell,0.05,1.375,1.2724600000000001,1.37953,1.34338,361.5,177.03,24:20:18:55,1.25%
10/22/2021 08:57,11/16/2021 05:16,GBPUSD,Sell,0.05,1.375,1.26251,1.37951,1.34338,361.3,176.93,24:20:18:52,1.27%
10/22/2021 08:57,11/16/2021 05:16,GBPUSD,Sell,0.05,1.375,1.2724600000000001,1.3795,1.34335,361.5,177.03,24:20:18:49,1.28%
10/22/2021 08:57,11/16/2021 05:16,GBPUSD,Sell,0.05,1.375,1.2718399999999999,1.3795,1.34335,361.5,177.03,24:20:18:45,1.30%
10/22/2021 08:57,11/16/2021 05:16,GBPUSD,Sell,0.05,1.375,1.16924,1.3795,1.34334,361.6,177.08,24:20:18:42,1.32%
10/22/2021 08:57,11/16/2021 05:15,GBPUSD,Sell,0.05,1.375,1.14686,1.3795,1.34334,361.6,177.08,24:20:18:38,1.34%
10/22/2021 08:57,11/16/2021 05:15,GBPUSD,Sell,0.05,1.375,1.26873,1.37951,1.34333,361.8,177.18,24:20:18:33,1.36%
10/22/2021 08:57,11/15/2021 07:08,GBPUSD,Sell,0.05,1.3517,1.2799200000000002,1.37963,1.34389,357.4,175.12,23:22:10:58,1.38%
10/22/2021 08:57,11/15/2021 07:08,GBPUSD,Sell,0.05,1.3517,1.30666,1.37963,1.3439,357.3,175.07,23:22:10:58,1.36%
10/22/2021 08:57,11/15/2021 07:08,GBPUSD,Sell,0.05,1.3517,1.28427,1.37963,1.3439,357.3,175.07,23:22:10:55,1.40%
10/22/2021 08:57,11/15/2021 07:08,GBPUSD,Sell,0.05,1.35169,1.18665,1.37963,1.3438700000000001,357.6,175.22,23:22:10:53,1.42%
10/22/2021 08:57,11/15/2021 07:08,GBPUSD,Sell,0.05,1.3517,1.2525600000000001,1.37963,1.3439,357.3,175.07,23:22:10:51,1.44%
10/22/2021 08:57,11/15/2021 07:08,GBPUSD,Sell,0.05,1.3517,1.1537,1.37963,1.3439,357.3,175.07,23:22:10:46,1.46%
10/22/2021 08:57,11/15/2021 07:08,GBPUSD,Sell,0.05,1.3517,1.26686,1.37963,1.34391,357.2,175.02,23:22:10:41,1.48%
10/22/2021 08:57,11/12/2021 10:03,GBPUSD,Sell,0.05,1.375,1.14872,1.37951,1.34036,391.5,192.31,21:01:06:09,1.65%
10/22/2021 08:57,11/12/2021 10:03,GBPUSD,Sell,0.05,1.375,1.2364,1.3795,1.34035,391.5,192.31,21:01:06:06,1.68%
10/22/2021 08:57,11/12/2021 10:03,GBPUSD,Sell,0.05,1.375,1.21401,1.37953,1.3403,392.3,192.71,21:01:06:03,1.71%
10/22/2021 08:57,11/12/2021 10:03,GBPUSD,Sell,0.05,1.375,1.1966,1.37953,1.34027,392.6,192.86,21:01:06:00,1.74%
10/22/2021 08:57,11/12/2021 10:03,GBPUSD,Sell,0.05,1.375,1.23204,1.3795,1.34039,391.1,192.11,21:01:05:58,1.76%
10/22/2021 08:57,11/11/2021 07:02,GBPUSD,Sell,0.05,1.375,1.2451,1.37963,1.3417,379.3,186.35,19:22:04:44,1.74%
10/22/2021 08:57,11/11/2021 07:02,GBPUSD,Sell,0.05,1.375,1.24759,1.37963,1.3417,379.3,186.35,19:22:04:42,1.77%
10/22/2021 08:58,11/11/2021 03:10,GBPUSD,Sell,0.05,1.375,1.28552,1.3795899999999999,1.3410799999999998,385.1,189.25,19:18:11:59,1.83%
10/22/2021 08:58,11/11/2021 03:10,GBPUSD,Sell,0.05,1.375,1.288,1.37958,1.34111,384.7,189.05,19:18:11:52,1.87%
10/22/2021 08:58,11/11/2021 03:09,GBPUSD,Sell,0.05,1.375,1.29049,1.3795899999999999,1.34117,384.2,188.8,19:18:11:46,1.90%
10/22/2021 08:58,11/11/2021 03:09,GBPUSD,Sell,0.05,1.375,1.288,1.37961,1.34117,384.4,188.9,19:18:11:39,1.94%
10/22/2021 08:57,11/10/2021 21:18,GBPUSD,Sell,0.05,1.375,1.20717,1.37942,1.3413899999999999,380.3,187.27,19:12:21:19,1.96%
10/22/2021 08:58,11/10/2021 05:11,GBPUSD,Sell,0.05,1.375,1.28925,1.3795899999999999,1.35551,240.8,117.52,18:20:13:19,1.24%
10/22/2021 08:58,11/10/2021 05:08,GBPUSD,Sell,0.05,1.375,1.28925,1.3796,1.35566,239.4,116.82,18:20:10:34,1.25%
10/22/2021 08:58,11/10/2021 05:08,GBPUSD,Sell,0.05,1.375,1.28552,1.3795899999999999,1.35566,239.3,116.77,18:20:10:29,1.27%
10/26/2021 13:01,11/10/2021 05:08,GBPUSD,Sell,0.1,1.375,0.0,1.38256,1.35566,269.0,263.82,14:16:06:49,2.95%
10/22/2021 08:57,11/09/2021 16:19,GBPUSD,Sell,0.05,1.365,1.353,1.37942,1.3529799999999998,264.4,129.46,18:07:22:23,1.47%
10/26/2021 13:01,11/09/2021 04:38,GBPUSD,Sell,0.1,1.375,0.0,1.38247,1.35585,266.2,261.3,13:15:36:17,3.05%
10/26/2021 13:01,11/09/2021 04:38,GBPUSD,Sell,0.1,1.375,0.0,1.38245,1.35585,266.0,261.1,13:15:36:09,3.15%
10/22/2021 08:57,11/08/2021 05:26,GBPUSD,Sell,0.05,1.375,1.22707,1.37942,1.34751,319.1,156.95,16:20:28:51,1.93%
10/22/2021 08:57,11/08/2021 05:25,GBPUSD,Sell,0.05,1.375,1.2793,1.37942,1.34756,318.6,156.7,16:20:28:46,1.96%
10/22/2021 08:57,11/08/2021 05:25,GBPUSD,Sell,0.05,1.375,1.20966,1.37943,1.34756,318.7,156.75,16:20:28:41,2.00%
10/22/2021 08:57,11/08/2021 05:25,GBPUSD,Sell,0.05,1.365,1.1891399999999999,1.37943,1.3475700000000002,318.6,156.7,16:20:28:37,2.04%
10/26/2021 13:01,11/05/2021 07:15,GBPUSD,Sell,0.1,1.365,1.3489,1.38245,1.3493700000000002,330.8,326.46,09:18:13:51,4.44%
10/26/2021 13:01,11/05/2021 07:15,GBPUSD,Sell,0.1,1.365,1.3488,1.38245,1.34942,330.3,325.96,09:18:13:48,4.64%
10/22/2021 08:57,11/04/2021 10:22,GBPUSD,Sell,0.05,1.368,1.3628,1.37935,1.36316,161.9,78.63,13:01:25:00,1.13%
10/22/2021 08:57,11/04/2021 10:22,GBPUSD,Sell,0.05,1.36801,1.3628,1.37935,1.36317,161.8,78.58,13:01:24:57,1.14%
10/22/2021 08:57,11/04/2021 10:21,GBPUSD,Sell,0.05,1.368,1.3628,1.3793600000000001,1.3632,161.6,78.48,13:01:24:54,1.16%
10/22/2021 08:57,11/04/2021 07:00,GBPUSD,Sell,0.05,1.368,1.3651,1.3793600000000001,1.3655899999999999,137.7,66.53,12:22:03:18,0.99%
10/22/2021 08:57,11/04/2021 07:00,GBPUSD,Sell,0.05,1.368,1.3651,1.37935,1.36564,137.1,66.23,12:22:03:15,1.00%
10/22/2021 08:57,11/04/2021 07:00,GBPUSD,Sell,0.05,1.368,1.3651,1.37935,1.36568,136.7,66.03,12:22:03:12,1.00%
10/22/2021 08:57,11/04/2021 07:00,GBPUSD,Sell,0.05,1.368,1.3651,1.3793600000000001,1.36568,136.8,66.08,12:22:03:09,1.01%
10/22/2021 08:57,11/04/2021 07:00,GBPUSD,Sell,0.05,1.368,1.3651,1.37935,1.3656700000000002,136.8,66.08,12:22:03:06,1.02%
10/22/2021 08:57,11/04/2021 07:00,GBPUSD,Sell,0.05,1.368,1.3651,1.37935,1.3656700000000002,136.8,66.08,12:22:03:03,1.03%
10/22/2021 08:57,11/03/2021 14:19,GBPUSD,Sell,0.05,1.36935,1.3521,1.37935,1.36459,147.6,71.9,12:05:22:05,1.14%
10/22/2021 08:56,11/03/2021 14:18,GBPUSD,Sell,0.05,1.3693600000000001,1.35239,1.37935,1.36468,146.7,71.45,12:05:21:55,1.14%
10/22/2021 08:56,11/03/2021 14:18,GBPUSD,Sell,0.05,1.36933,1.35248,1.3793600000000001,1.36468,146.8,71.5,12:05:21:52,1.16%
10/22/2021 08:56,11/03/2021 14:18,GBPUSD,Sell,0.05,1.36933,1.35248,1.37934,1.36463,147.1,71.65,12:05:21:49,1.17%
10/26/2021 13:02,11/03/2021 14:18,GBPUSD,Sell,0.1,1.372,1.362,1.38245,1.36471,177.4,174.17,08:01:16:06,2.94%
10/22/2021 08:56,11/02/2021 10:03,GBPUSD,Sell,0.05,1.3735,1.3615,1.37933,1.36354,157.9,77.19,11:01:07:02,1.32%
10/22/2021 08:56,11/02/2021 10:03,GBPUSD,Sell,0.05,1.3735,1.3615,1.3793600000000001,1.36353,158.3,77.39,11:01:07:02,1.34%
10/26/2021 13:02,11/02/2021 08:04,GBPUSD,Sell,0.1,1.37201,1.3648,1.38245,1.36466,177.9,174.95,06:19:02:55,3.23%
10/26/2021 13:02,11/02/2021 08:04,GBPUSD,Sell,0.1,1.372,1.3648,1.38245,1.36466,177.9,174.95,06:19:02:53,3.12%
10/26/2021 13:02,11/02/2021 08:04,GBPUSD,Sell,0.1,1.372,1.365,1.38245,1.365,174.5,171.55,06:19:02:20,3.27%
10/26/2021 13:02,11/01/2021 21:06,GBPUSD,Sell,0.1,1.37531,1.3643100000000001,1.38245,1.3663100000000001,161.4,158.73,06:08:04:22,3.12%
10/26/2021 13:02,11/01/2021 11:55,GBPUSD,Sell,0.1,1.372,1.3645,1.38246,1.3650799999999998,173.8,171.13,05:22:53:33,3.48%
10/26/2021 13:02,11/01/2021 11:55,GBPUSD,Sell,0.1,1.372,1.3645,1.38246,1.36506,174.0,171.33,05:22:53:27,3.61%
10/26/2021 13:02,10/29/2021 10:48,GBPUSD,Sell,0.1,1.382,1.3777,1.38238,1.3776700000000002,47.1,44.71,02:21:46:22,0.99%
10/26/2021 13:02,10/29/2021 10:48,GBPUSD,Sell,0.1,1.382,1.3777,1.38236,1.3776700000000002,46.9,44.51,02:21:46:20,0.97%
10/26/2021 13:02,10/29/2021 10:48,GBPUSD,Sell,0.1,1.382,1.3777,1.38236,1.3776700000000002,46.9,44.51,02:21:46:18,0.96%
10/26/2021 13:02,10/29/2021 10:48,GBPUSD,Sell,0.1,1.382,1.3777,1.38236,1.3776700000000002,46.9,44.51,02:21:46:17,0.95%
10/26/2021 13:02,10/29/2021 10:48,GBPUSD,Sell,0.1,1.382,1.3777,1.38236,1.3776700000000002,46.9,44.51,02:21:46:15,0.95%
10/26/2021 13:02,10/28/2021 07:20,GBPUSD,Sell,0.1,1.378,1.3739,1.38246,1.3745100000000001,79.5,77.39,01:18:18:08,1.74%
10/26/2021 13:02,10/28/2021 07:20,GBPUSD,Sell,0.1,1.378,1.3739,1.38247,1.37453,79.4,77.29,01:18:18:05,1.77%
10/26/2021 13:02,10/28/2021 07:20,GBPUSD,Sell,0.1,1.378,1.3739,1.38245,1.37453,79.2,77.09,01:18:18:02,1.79%
10/26/2021 13:02,10/27/2021 13:45,GBPUSD,Sell,0.1,1.382,1.3725,1.3825399999999999,1.37296,95.8,94.52,01:00:42:39,2.25%
10/26/2021 13:02,10/27/2021 13:44,GBPUSD,Sell,0.1,1.382,1.3725,1.3825399999999999,1.3729200000000001,96.2,94.92,01:00:42:10,2.31%
10/26/2021 13:02,10/27/2021 13:44,GBPUSD,Sell,0.1,1.382,1.3725,1.3826399999999999,1.37286,97.8,96.52,01:00:41:50,2.41%
10/26/2021 13:02,10/27/2021 08:09,GBPUSD,Sell,0.1,1.379,1.3758,1.3826399999999999,1.37653,61.1,59.82,00:19:07:24,1.51%
10/26/2021 13:02,10/27/2021 08:09,GBPUSD,Sell,0.1,1.379,1.3758,1.3826399999999999,1.37653,61.1,59.82,00:19:07:15,1.54%
10/26/2021 13:02,10/26/2021 17:51,GBPJPY,Sell,0.1,157.555,157.155,157.625,157.328,29.7,25.0,00:04:49:22,0.65%
10/26/2021 13:02,10/26/2021 17:51,GBPJPY,Sell,0.1,157.561,157.16,157.624,157.325,29.9,25.17,00:04:49:23,0.66%
10/26/2021 13:02,10/26/2021 17:51,GBPJPY,Sell,0.1,157.564,157.164,157.615,157.322,29.3,24.64,00:04:49:24,0.65%
10/26/2021 13:02,10/26/2021 17:51,GBPJPY,Sell,0.1,157.564,157.164,157.614,157.322,29.2,24.56,00:04:49:24,0.65%
10/26/2021 13:02,10/26/2021 17:51,GBPJPY,Sell,0.1,157.56,157.158,157.605,157.32,28.5,23.94,00:04:49:25,0.64%
10/26/2021 13:02,10/26/2021 17:51,GBPJPY,Sell,0.1,157.566,157.166,157.605,157.32,28.5,23.94,00:04:49:26,0.64%
10/26/2021 13:02,10/26/2021 17:51,GBPJPY,Sell,0.1,157.566,157.166,157.606,157.318,28.8,24.21,00:04:49:26,0.65%
10/26/2021 13:02,10/26/2021 17:51,GBPJPY,Sell,0.1,157.557,157.157,157.604,157.317,28.7,24.12,00:04:49:27,0.65%
10/26/2021 13:02,10/26/2021 17:51,GBPJPY,Sell,0.1,157.554,157.154,157.601,157.32,28.1,23.6,00:04:49:26,0.64%
10/26/2021 13:02,10/26/2021 17:51,GBPJPY,Sell,0.1,157.554,157.154,157.602,157.319,28.3,23.77,00:04:49:27,0.65%
10/26/2021 13:02,10/26/2021 17:51,GBPJPY,Sell,0.1,157.555,157.155,157.602,157.321,28.1,23.6,00:04:49:27,0.65%
10/26/2021 13:02,10/26/2021 17:51,GBPJPY,Sell,0.1,157.553,157.153,157.603,157.323,28.0,23.51,00:04:49:28,0.65%
10/26/2021 13:02,10/26/2021 17:51,GBPJPY,Sell,0.1,157.558,157.158,157.612,157.324,28.8,24.21,00:04:49:29,0.68%
10/26/2021 13:02,10/26/2021 17:51,GBPJPY,Sell,0.1,157.556,157.156,157.611,157.321,29.0,24.38,00:04:49:30,0.69%
10/26/2021 13:02,10/26/2021 17:51,GBPJPY,Sell,0.1,157.561,157.159,157.611,157.327,28.4,23.86,00:04:49:31,0.68%
10/26/2021 13:02,10/26/2021 17:51,GBPJPY,Sell,0.1,157.557,157.158,157.611,157.328,28.3,23.77,00:04:49:32,0.68%
10/26/2021 13:02,10/26/2021 17:51,GBPJPY,Sell,0.1,157.554,157.156,157.612,157.329,28.3,23.77,00:04:49:33,0.68%
10/26/2021 13:02,10/26/2021 17:51,GBPJPY,Sell,0.1,157.556,157.154,157.611,157.329,28.2,23.68,00:04:49:34,0.68%
10/26/2021 13:02,10/26/2021 17:51,GBPJPY,Sell,0.1,157.559,157.159,157.611,157.329,28.2,23.68,00:04:49:35,0.69%
10/26/2021 13:01,10/26/2021 17:51,GBPJPY,Sell,0.1,157.572,157.172,157.611,157.334,27.7,23.24,00:04:49:38,0.69%
10/26/2021 13:02,10/26/2021 17:51,GBPJPY,Sell,0.1,157.573,157.173,157.61,157.331,27.9,23.42,00:04:49:36,0.69%
10/26/2021 13:01,10/26/2021 17:51,GBPJPY,Sell,0.1,157.572,157.172,157.61,157.332,27.8,23.33,00:04:49:40,0.69%
10/26/2021 13:01,10/26/2021 17:51,GBPJPY,Sell,0.1,157.57,157.169,157.604,157.331,27.3,22.9,00:04:49:41,0.69%
10/26/2021 13:01,10/26/2021 17:51,GBPJPY,Sell,0.1,157.573,157.173,157.616,157.332,28.4,23.86,00:04:49:42,0.72%
10/26/2021 13:01,10/26/2021 17:51,GBPJPY,Sell,0.1,157.572,157.174,157.628,157.333,29.5,24.82,00:04:49:47,0.75%
10/22/2021 08:57,10/25/2021 11:30,GBPUSD,Sell,0.05,1.38011,1.37311,1.37963,1.37514,44.9,21.81,03:02:32:50,0.67%
10/22/2021 08:57,10/25/2021 11:30,GBPUSD,Sell,0.05,1.38009,1.3731,1.37963,1.37514,44.9,21.81,03:02:32:49,0.67%
10/22/2021 08:58,10/25/2021 11:30,GBPUSD,Sell,0.05,1.3812,1.37425,1.37963,1.37514,44.9,21.81,03:02:32:25,0.68%
10/22/2021 08:58,10/22/2021 22:59,GBPUSD,Sell,0.05,1.38115,1.37415,1.37963,1.37615,34.8,16.9,00:14:01:36,0.53%
10/22/2021 08:57,10/22/2021 22:58,GBPUSD,Sell,0.05,1.38166,1.37466,1.37964,1.37666,29.8,14.4,00:14:00:41,0.45%
10/22/2021 08:57,10/22/2021 22:58,GBPUSD,Sell,0.05,1.38166,1.37466,1.37964,1.37666,29.8,14.4,00:14:00:31,0.45%
10/22/2021 08:57,10/22/2021 22:58,GBPUSD,Sell,0.05,1.3815600000000001,1.37456,1.37964,1.37656,30.8,14.9,00:14:00:23,0.47%
10/22/2021 08:57,10/22/2021 22:57,GBPUSD,Sell,0.05,1.3814600000000001,1.37446,1.37964,1.37646,31.8,15.4,00:14:00:15,0.49%
10/22/2021 08:57,10/22/2021 22:57,GBPUSD,Sell,0.05,1.3814600000000001,1.37446,1.37964,1.37646,31.8,15.4,00:14:00:09,0.49%
10/22/2021 08:57,10/22/2021 22:57,GBPUSD,Sell,0.05,1.3814600000000001,1.37446,1.37964,1.37646,31.8,15.4,00:14:00:01,0.49%
10/22/2021 08:57,10/22/2021 22:57,GBPUSD,Sell,0.05,1.3814600000000001,1.37446,1.37964,1.37646,31.8,15.4,00:13:59:55,0.50%
10/22/2021 08:57,10/22/2021 22:57,GBPUSD,Sell,0.05,1.3814600000000001,1.37446,1.37964,1.37646,31.8,15.4,00:13:59:47,0.50%
10/22/2021 08:57,10/22/2021 22:57,GBPUSD,Sell,0.05,1.3814600000000001,1.37446,1.37964,1.37646,31.8,15.4,00:13:59:40,0.50%
10/22/2021 08:57,10/22/2021 22:57,GBPUSD,Sell,0.05,1.3815600000000001,1.37456,1.37965,1.37646,31.9,15.45,00:13:59:42,0.51%
10/22/2021 08:57,10/22/2021 21:15,GBPUSD,Sell,0.05,1.3801299999999999,1.37313,1.37965,1.37513,45.2,22.1,00:12:17:21,0.73%
10/22/2021 08:57,10/22/2021 21:14,GBPUSD,Sell,0.05,1.38014,1.37314,1.37965,1.37514,45.1,22.05,00:12:17:13,0.73%
10/22/2021 08:57,10/22/2021 16:46,GBPUSD,Sell,0.05,1.37842,1.37442,1.37966,1.3766100000000001,30.5,14.75,00:07:49:14,0.49%
