Open Date,Close Date,Symbol,Action,Units/Lots,Open Price,Close Price,Commission,Swap,Pips,Profit,Gain,Duration (DD:HH:MM:SS),Profitable(%),Profitable(time duration),Drawdown,Risk:Reward,Max(pips),Max(USD),Min(pips),Min(USD),Entry Accuracy(%),Exit Accuracy(%),ProfitMissed(pips),ProfitMissed(USD)
10/22/2019 21:50,11/08/2019 17:02,EURUSD,Sell,0.10,1.11243,1.10243,0.0000,9.8800,100.0,109.88,0.25,16:19:12:22,60.9,10d 5h ,101.2,0.49,102.3,102.3,-50.3,-50.3,67.0,98.5,-2.30,-2.30
10/21/2019 21:50,10/22/2019 11:24,EURUSD,Sell,6.40,1.11467,1.11400,0.0000,33.2800,6.7,462.08,1.05,00:13:34:20,12.1,1h 38m,11.6,0.84,11.9,761.6,-10.0,-640.0,54.3,76.3,-5.20,-332.80
10/18/2019 21:50,10/22/2019 11:24,EURUSD,Sell,1.60,1.11571,1.11400,0.0000,16.6400,17.1,290.24,0.66,03:13:34:08,27.0,23h 6m,26.7,0.92,22.3,356.8,-20.6,-329.6,52.0,87.9,-5.20,-83.20
10/17/2019 21:50,10/22/2019 11:24,EURUSD,Sell,0.40,1.11220,1.11400,0.0000,6.2400,-18.0,-65.76,-0.15,04:13:34:19,1.8,1h 58m,63.2,7.43,7.5,30.0,-55.7,-222.8,11.9,59.7,-25.50,-102.00
10/15/2019 21:50,10/22/2019 11:24,EURUSD,Sell,0.10,1.10288,1.11400,0.0000,3.6400,-111.2,-107.56,-0.24,06:13:34:19,2.3,3h 37m,152.7,39.22,3.8,3.8,-148.9,-148.9,2.5,24.7,-115.00,-115.00
10/15/2019 21:50,10/17/2019 12:38,EURUSD,Buy,0.10,1.10320,1.11320,0.0000,-4.3600,100.0,95.64,0.22,01:14:48:38,78.3,1d 6h ,30.9,0.09,100.0,100.0,-8.9,-8.9,91.8,100.0,0.00,0.00
10/14/2019 21:50,10/15/2019 10:15,EURUSD,Sell,1.92,1.10298,1.10193,0.0000,11.3300,10.5,212.93,0.49,00:12:25:52,70.5,8h 45m,23.1,1.24,12.1,232.32,-15.0,-288.0,44.6,94.1,-1.60,-30.72
10/11/2019 21:50,10/15/2019 10:15,EURUSD,Sell,0.48,1.10410,1.10193,0.0000,5.6600,21.7,109.82,0.25,03:12:25:52,99.3,3d 11h ,29.8,0.11,27.1,130.08,-3.0,-14.399999999999999,90.0,82.1,-5.40,-25.92
09/25/2019 21:50,10/15/2019 10:15,EURUSD,Sell,0.12,1.09364,1.10193,0.0000,14.1700,-82.9,-85.31,-0.20,19:12:25:52,16.6,3d 5h ,178.6,2.17,56.3,67.55999999999999,-122.3,-146.76,31.5,22.1,-139.20,-167.04
09/25/2019 21:50,10/11/2019 14:13,EURUSD,Buy,0.12,1.09393,1.10393,0.0000,-24.1500,100.0,95.85,0.22,15:16:23:06,77.1,12d 2h ,84.2,0.58,102.1,122.51999999999998,-58.9,-70.67999999999999,63.4,98.7,-2.10,-2.52
09/23/2019 21:50,09/24/2019 22:36,EURUSD,Buy,0.48,1.09936,1.10222,0.0000,-5.3800,28.6,131.90,0.31,01:00:45:57,52.6,13h 1m,20.0,0.26,28.6,137.28,-7.3,-35.04,79.7,100.0,0.00,0.00
09/24/2019 21:50,09/24/2019 22:36,EURUSD,Buy,1.92,1.10153,1.10222,0.0000,0.0000,6.9,132.48,0.31,00:00:46:18,93.5,43m,6.1,0.11,7.5,144.0,-0.8,-15.36,90.4,92.8,-0.60,-11.52
09/13/2019 21:50,09/24/2019 22:36,EURUSD,Buy,0.12,1.10748,1.10222,0.0000,-12.0700,-52.6,-75.19,-0.17,11:00:46:18,2.3,6h 5m,118.1,10.26,10.5,12.6,-107.6,-129.11999999999998,8.9,46.6,-63.10,-75.72
09/13/2019 21:50,09/23/2019 10:40,EURUSD,Sell,0.12,1.10714,1.09714,0.0000,5.6700,100.0,125.67,0.29,09:12:50:16,72.5,6d 21h ,78.1,0.13,104.4,125.28,-13.9,-16.68,88.3,96.3,-4.40,-5.28
09/04/2019 21:50,09/13/2019 09:06,EURUSD,Buy,0.12,1.10351,1.10759,0.0000,-14.7600,40.8,34.20,0.08,08:11:16:34,41.5,3d 12h ,148.9,2.11,48.7,58.44,-102.6,-123.11999999999999,32.2,94.8,-7.90,-9.48
09/12/2019 21:50,09/13/2019 09:06,EURUSD,Buy,0.48,1.10706,1.10759,0.0000,-5.3800,5.3,20.06,0.05,00:11:16:36,9.4,1h 3m,18.5,2.41,6.3,30.24,-15.2,-72.96,29.3,95.3,-1.00,-4.80
09/04/2019 21:50,09/12/2019 15:45,EURUSD,Sell,0.12,1.10328,1.09328,0.0000,7.0800,100.0,127.08,0.30,07:17:55:35,57.3,4d 10h ,62.9,0.48,100.3,120.35999999999999,-48.6,-58.32,67.4,99.8,-0.30,-0.36
09/03/2019 21:50,09/04/2019 09:22,EURUSD,Buy,7.68,1.09699,1.09783,0.0000,-86.0200,8.4,559.10,1.32,00:11:32:04,83.7,9h 39m,8.4,0.52,9.5,729.6,-4.9,-376.32,66.0,92.4,-1.10,-84.48
09/02/2019 21:50,09/04/2019 09:22,EURUSD,Buy,1.92,1.09718,1.09783,0.0000,-43.0000,6.5,81.80,0.19,01:11:32:05,25.1,8h 55m,42.5,6.35,6.7,128.64,-42.5,-816.0,13.6,99.6,-0.20,-3.84
08/30/2019 21:50,09/04/2019 09:22,EURUSD,Buy,0.48,1.09779,1.09783,0.0000,-16.1400,0.4,-14.22,-0.03,04:11:32:02,57.6,2d 13h ,66.0,2.79,17.4,83.52,-48.6,-233.28,26.4,74.2,-17.00,-81.60
08/20/2019 21:50,09/04/2019 09:22,EURUSD,Buy,0.12,1.11006,1.09783,0.0000,-20.1200,-122.3,-166.88,-0.39,14:11:32:04,27.7,4d ,228.2,2.86,59.1,70.92,-169.1,-202.92,25.9,20.5,-181.40,-217.68
08/20/2019 21:50,08/30/2019 18:05,EURUSD,Sell,0.12,1.10971,1.09971,0.0000,8.5000,100.0,128.50,0.30,09:20:15:51,53.2,5d 5h ,106.1,0.62,100.0,120.0,-62.2,-74.64,61.7,100.0,0.00,0.00
08/19/2019 21:50,08/20/2019 20:34,EURUSD,Buy,1.92,1.10857,1.11016,0.0000,-21.5000,15.9,283.78,0.67,00:22:44:47,30.6,6h 57m,19.1,0.93,18.1,347.52000000000004,-16.8,-322.56,51.9,93.7,-2.20,-42.24
08/16/2019 21:50,08/20/2019 20:34,EURUSD,Buy,0.48,1.11002,1.11016,0.0000,-10.7600,1.4,-4.04,-0.01,03:22:44:48,5.1,4h 49m,41.0,3.23,9.7,46.559999999999995,-31.3,-150.24,23.7,79.8,-8.30,-39.84
08/08/2019 21:50,08/20/2019 20:34,EURUSD,Buy,0.12,1.11896,1.11016,0.0000,-13.4100,-88.0,-119.01,-0.28,11:22:44:47,36.0,4d 7h ,158.7,3.18,38.0,45.6,-120.7,-144.84,23.9,20.6,-126.00,-151.20
08/08/2019 21:50,08/16/2019 11:01,EURUSD,Sell,0.12,1.11863,1.10863,0.0000,5.6700,100.0,125.67,0.30,07:13:11:19,39.2,2d 23h ,62.6,0.39,103.9,124.68,-41.0,-49.199999999999996,71.7,97.3,-3.90,-4.68
08/07/2019 21:50,08/08/2019 14:02,EURUSD,Sell,1.92,1.12150,1.11983,0.0000,33.9800,16.7,354.62,0.85,00:16:11:57,85.7,13h 52m,29.3,0.66,18.7,359.03999999999996,-12.4,-238.07999999999998,60.1,93.6,-2.00,-38.40
08/06/2019 21:50,08/08/2019 14:02,EURUSD,Sell,0.48,1.11964,1.11983,0.0000,11.3300,-1.9,2.21,0.01,01:16:11:52,11.5,4h 37m,58.7,2.72,15.8,75.84,-42.9,-205.92,26.9,69.8,-17.70,-84.96
08/02/2019 21:50,08/08/2019 14:02,EURUSD,Sell,0.12,1.11113,1.11983,0.0000,4.3300,-87.0,-100.07,-0.24,05:16:11:58,38.8,2d 4h ,141.1,20.08,6.7,8.04,-134.4,-161.28,4.7,33.6,-93.70,-112.44
08/02/2019 21:50,08/06/2019 01:00,EURUSD,Buy,0.12,1.11143,1.12143,0.0000,-2.7200,100.0,117.28,0.28,03:03:10:38,29.5,22h 10m,16.3,0.11,102.4,122.88,-10.8,-12.96,90.5,97.9,-2.40,-2.88
08/01/2019 21:50,08/02/2019 10:59,EURUSD,Buy,0.48,1.10852,1.11100,0.0000,-5.5200,24.8,113.52,0.27,00:13:09:09,37.0,4h 51m,25.0,0.52,28.0,134.4,-14.5,-69.6,65.9,92.5,-3.20,-15.36
07/25/2019 21:50,08/02/2019 10:59,EURUSD,Buy,0.12,1.11471,1.11100,0.0000,-11.0400,-37.1,-55.56,-0.13,07:13:09:04,15.0,1d 3h ,130.3,9.11,12.9,15.48,-117.4,-140.88,9.9,61.6,-50.00,-60.00
07/25/2019 21:50,08/01/2019 03:46,EURUSD,Sell,0.12,1.11438,1.10438,0.0000,5.5400,100.0,125.54,0.30,06:05:56:16,70.4,4d 9h ,44.3,0.16,101.8,122.16,-16.2,-19.439999999999998,86.3,98.5,-1.80,-2.16
07/24/2019 21:50,07/25/2019 14:45,EURUSD,Buy,1.92,1.11394,1.11558,0.0000,-66.2400,16.4,248.64,0.60,00:16:54:50,24.7,4h 10m,17.2,0.84,16.4,314.87999999999994,-13.8,-264.96,54.3,100.0,0.00,0.00
07/23/2019 21:50,07/25/2019 14:45,EURUSD,Buy,0.48,1.11531,1.11558,0.0000,-22.0800,2.7,-9.12,-0.02,01:16:55:04,0.9,22m,29.8,10.19,2.7,12.96,-27.5,-132.0,8.9,100.0,0.00,0.00
07/10/2019 21:50,07/25/2019 14:45,EURUSD,Buy,0.12,1.12552,1.11558,0.0000,-23.4600,-99.4,-142.74,-0.34,14:16:55:08,37.4,5d 11h ,154.1,4.82,26.5,31.799999999999997,-127.6,-153.11999999999998,17.2,18.3,-125.90,-151.08
07/10/2019 21:50,07/23/2019 17:59,EURUSD,Sell,0.12,1.12518,1.11518,0.0000,10.2900,100.0,130.29,0.32,12:20:09:51,54.3,6d 23h ,78.1,0.32,103.2,123.84,-32.9,-39.48,75.8,97.6,-3.20,-3.84
07/05/2019 21:50,07/10/2019 15:46,EURUSD,Buy,7.68,1.12221,1.12448,0.0000,-264.9600,22.7,1478.40,3.71,04:17:56:08,15.0,17h 5m,38.9,1.19,22.7,1743.36,-27.1,-2081.28,45.6,100.0,0.00,0.00
06/25/2019 21:50,07/10/2019 15:46,EURUSD,Buy,0.12,1.13776,1.12448,0.0000,-20.7000,-132.8,-180.06,-0.44,14:17:56:09,3.2,11h 19m,193.4,13.33,13.5,16.2,-179.9,-215.88,7.0,24.4,-146.30,-175.56
07/03/2019 21:50,07/10/2019 15:46,EURUSD,Buy,0.48,1.12820,1.12448,0.0000,-38.6400,-37.2,-217.20,-0.53,06:17:56:09,14.9,1d ,99.3,7.08,12.3,59.04,-87.0,-417.59999999999997,12.4,50.2,-49.50,-237.60
07/04/2019 21:51,07/10/2019 15:46,EURUSD,Buy,1.92,1.12855,1.12448,0.0000,-88.3200,-40.7,-869.76,-2.14,05:17:54:29,0.8,1h 6m,91.5,90.91,1.0,19.2,-90.5,-1737.6,1.1,54.4,-41.70,-800.64
06/25/2019 21:50,07/03/2019 10:12,EURUSD,Sell,0.12,1.13742,1.12742,0.0000,6.3300,100.0,126.33,0.31,07:12:22:44,92.0,6d 21h ,41.3,0.17,105.3,126.35999999999999,-17.5,-21.0,85.7,95.7,-5.30,-6.36
06/24/2019 21:50,06/25/2019 19:36,EURUSD,Sell,7.68,1.13977,1.13777,0.0000,50.6900,20.0,1586.69,4.03,00:21:46:33,64.8,14h 6m,20.2,0.55,25.7,1973.7599999999998,-14.1,-1082.8799999999999,64.6,85.7,-5.70,-437.76
06/18/2019 21:50,06/25/2019 19:36,EURUSD,Sell,0.12,1.11928,1.13777,0.0000,5.5400,-184.9,-216.34,-0.54,06:21:46:34,1.6,2h 39m,222.0,50.76,4.3,5.159999999999999,-217.7,-261.23999999999995,1.9,14.8,-189.20,-227.04
06/21/2019 21:50,06/25/2019 19:36,EURUSD,Sell,1.92,1.13639,1.13777,0.0000,25.3400,-13.8,-239.62,-0.60,03:21:46:36,0.0,0s,47.9,23.92,-2.0,-38.4,-47.9,-919.68,-4.4,74.3,-11.80,-226.56
06/20/2019 21:50,06/25/2019 19:36,EURUSD,Sell,0.48,1.12888,1.13777,0.0000,9.5100,-88.9,-417.21,-1.04,04:21:46:34,0.8,56m,128.4,22.78,5.4,25.92,-123.0,-590.4,4.2,26.6,-94.30,-452.64
06/18/2019 21:50,06/20/2019 10:52,EURUSD,Buy,0.12,1.11958,1.12958,0.0000,-5.5200,100.0,114.48,0.29,01:13:02:44,82.5,1d 6h ,21.4,0.08,101.4,121.68,-7.7,-9.24,92.9,98.7,-1.40,-1.68
06/17/2019 21:50,06/18/2019 05:09,EURUSD,Buy,1.92,1.12195,1.12312,0.0000,-22.0800,11.7,202.56,0.51,00:07:19:51,99.8,7h 18m,3.9,0.08,12.9,247.68,0.0,0.0,100.0,90.7,-1.20,-23.04
06/14/2019 21:50,06/18/2019 05:09,EURUSD,Buy,0.48,1.12136,1.12312,0.0000,-11.0400,17.6,73.44,0.18,03:07:19:52,36.4,1d 4h ,28.0,0.30,29.2,140.16,-8.9,-42.72,76.6,69.6,-11.60,-55.68
06/10/2019 21:50,06/18/2019 05:09,EURUSD,Buy,0.12,1.13157,1.12312,0.0000,-11.0400,-84.5,-112.44,-0.28,07:07:19:51,17.5,1d 6h ,136.2,4.41,25.2,30.24,-111.0,-133.2,18.5,19.5,-109.70,-131.64
06/10/2019 21:50,06/14/2019 19:29,EURUSD,Sell,0.12,1.13131,1.12131,0.0000,4.7500,100.0,124.75,0.31,03:21:39:15,59.1,2d 7h ,32.5,0.26,106.0,127.19999999999999,-27.8,-33.36,79.2,95.5,-6.00,-7.20
06/07/2019 21:50,06/10/2019 08:18,EURUSD,Sell,7.68,1.13333,1.13080,0.0000,50.6900,25.3,1993.73,5.26,02:10:28:15,19.4,11h 20m,16.6,0.09,41.9,3217.9199999999996,3.8,291.84,110.0,56.4,-16.60,-1274.88
05/02/2019 21:50,06/10/2019 08:18,EURUSD,Sell,0.12,1.11737,1.13080,0.0000,29.5800,-134.3,-131.58,-0.34,38:10:28:11,32.0,12d 7h ,219.8,3.39,50.1,60.12,-169.7,-203.64,22.8,16.1,-184.40,-221.28
06/05/2019 21:50,06/10/2019 08:18,EURUSD,Sell,0.48,1.12234,1.13080,0.0000,15.8400,-84.6,-390.24,-1.00,04:10:28:11,0.1,6m,122.8,625.00,0.2,0.96,-122.6,-588.4799999999999,0.2,30.9,-84.80,-407.04
06/06/2019 21:50,06/10/2019 08:18,EURUSD,Sell,1.92,1.12689,1.13080,0.0000,25.3400,-39.1,-725.38,-1.88,03:10:28:08,10.5,8h 39m,90.0,5.98,12.9,247.68,-77.1,-1480.32,14.3,42.2,-52.00,-998.40
05/02/2019 21:50,06/05/2019 11:45,EURUSD,Buy,0.12,1.11764,1.12764,0.0000,-44.7300,100.0,75.27,0.19,33:13:54:57,62.0,20d 19h ,133.8,0.49,108.1,129.72,-52.8,-63.35999999999999,67.2,95.0,-8.10,-9.72
05/01/2019 21:50,05/02/2019 18:20,EURUSD,Sell,0.44,1.11967,1.11752,0.0000,9.1100,21.5,103.71,0.27,00:20:30:38,28.1,5h 45m,23.7,0.88,22.1,97.24000000000001,-19.4,-85.36,53.3,98.6,-0.60,-2.64
04/26/2019 21:50,05/02/2019 18:20,EURUSD,Sell,0.11,1.11512,1.11752,0.0000,4.5600,-24.0,-21.84,-0.06,05:20:30:39,4.1,5h 45m,112.2,22.42,4.8,5.28,-107.4,-118.14000000000001,4.3,74.3,-28.80,-31.68
04/26/2019 21:50,05/01/2019 21:00,EURUSD,Buy,0.11,1.11538,1.12538,0.0000,-3.9900,100.0,106.01,0.27,04:23:10:11,54.6,2d 17h ,67.0,0.07,104.8,115.28,-7.4,-8.14,93.4,95.7,-4.80,-5.28
04/25/2019 21:50,04/26/2019 15:41,EURUSD,Buy,1.76,1.11299,1.11501,0.0000,-21.3000,20.2,334.22,0.87,00:17:51:15,96.6,17h 14m,22.7,0.24,22.9,403.04,-5.4,-95.04000000000002,80.9,90.5,-2.70,-47.52
04/24/2019 21:50,04/26/2019 15:41,EURUSD,Buy,0.44,1.11525,1.11501,0.0000,-21.2900,-2.4,-31.85,-0.08,01:17:51:15,25.1,10h 30m,41.1,3.57,9.0,39.6,-32.1,-141.24,21.9,72.3,-11.40,-50.16
04/16/2019 21:50,04/26/2019 15:41,EURUSD,Buy,0.11,1.12916,1.11501,0.0000,-15.9600,-141.5,-171.61,-0.44,09:17:51:15,12.8,1d 5h ,197.5,5.93,28.5,31.35,-169.0,-185.9,14.4,13.9,-170.00,-187.00
04/16/2019 21:50,04/24/2019 16:06,EURUSD,Sell,0.11,1.12890,1.11890,0.0000,6.0800,100.0,116.08,0.30,07:18:16:54,83.9,6d 12h ,38.9,0.31,100.0,110.00000000000001,-31.1,-34.21,76.3,100.0,0.00,0.00
04/15/2019 21:50,04/16/2019 12:15,EURUSD,Sell,1.76,1.13021,1.12884,0.0000,12.1400,13.7,253.26,0.66,00:14:24:59,39.6,5h 42m,21.4,0.66,17.6,309.76000000000005,-11.7,-205.92000000000002,60.1,86.7,-3.90,-68.64
04/12/2019 21:50,04/16/2019 12:15,EURUSD,Sell,0.44,1.12971,1.12884,0.0000,6.0800,8.7,44.36,0.12,03:14:24:49,4.4,3h 48m,22.1,2.38,9.3,40.92000000000001,-22.1,-97.24000000000001,29.6,98.1,-0.60,-2.64
04/01/2019 21:50,04/16/2019 12:15,EURUSD,Sell,0.11,1.12076,1.12884,0.0000,11.4000,-80.8,-77.48,-0.20,14:14:24:57,7.2,1d 1h ,134.4,5.25,21.5,23.650000000000002,-112.9,-124.19000000000001,16.0,23.9,-102.30,-112.53
04/01/2019 21:50,04/12/2019 12:11,EURUSD,Buy,0.11,1.12103,1.13103,0.0000,-17.2900,100.0,92.71,0.24,10:14:21:43,89.5,9d 11h ,44.8,0.24,102.3,112.53,-24.4,-26.84,80.7,98.2,-2.30,-2.53
03/29/2019 21:50,04/01/2019 05:50,EURUSD,Buy,7.04,1.12188,1.12307,0.0000,-85.1800,11.9,752.58,2.00,02:08:00:50,15.8,8h 51m,10.8,0.08,12.9,908.1600000000001,0.0,0.0,100.0,92.2,-1.00,-70.40
03/28/2019 21:50,04/01/2019 05:50,EURUSD,Buy,1.76,1.12288,1.12307,0.0000,-42.6000,1.9,-9.16,-0.02,03:08:00:51,16.8,13h 26m,27.7,1.33,13.4,235.84000000000003,-17.8,-313.28000000000003,42.9,63.1,-11.50,-202.40
03/21/2019 21:50,04/01/2019 05:50,EURUSD,Buy,0.11,1.13611,1.12307,0.0000,-11.9700,-130.4,-155.41,-0.41,10:08:00:50,4.2,10h 24m,176.6,5.67,26.5,29.150000000000002,-150.1,-165.11,15.0,11.2,-156.90,-172.59
03/27/2019 21:50,04/01/2019 05:50,EURUSD,Buy,0.44,1.12649,1.12307,0.0000,-26.6100,-34.2,-177.09,-0.47,04:08:00:51,0.0,0s,53.9,54.05,0.0,0.0,-53.9,-237.16000000000003,0.0,36.5,-34.20,-150.48
03/21/2019 21:50,03/27/2019 04:56,EURUSD,Sell,0.11,1.13585,1.12585,0.0000,3.0400,100.0,113.04,0.30,05:07:06:19,91.8,4d 20h ,54.2,0.29,102.5,112.75000000000001,-30.2,-33.22,77.2,98.1,-2.50,-2.75
03/20/2019 21:50,03/20/2019 23:56,EURUSD,Sell,7.04,1.14429,1.14123,0.0000,0.0000,30.6,2154.24,6.05,00:02:06:01,0.8,1m,0.0,0.03,30.6,2154.2400000000002,0.0,0.0,100.0,100.0,0.00,0.00
03/11/2019 21:50,03/20/2019 23:56,EURUSD,Sell,0.11,1.12449,1.14123,0.0000,6.8400,-167.4,-177.30,-0.48,09:02:05:58,0.0,0s,200.6,204.08,0.0,0.0,-200.6,-220.66000000000003,0.0,16.6,-167.40,-184.14
03/18/2019 21:50,03/20/2019 23:56,EURUSD,Sell,0.44,1.13319,1.14123,0.0000,6.0800,-80.4,-347.68,-0.94,02:02:05:30,0.0,0s,113.6,113.64,0.0,0.0,-113.6,-499.84000000000003,0.0,29.2,-80.40,-353.76
03/19/2019 21:50,03/20/2019 23:56,EURUSD,Sell,1.76,1.13529,1.14123,0.0000,12.1400,-59.4,-1033.30,-2.82,01:02:05:59,52.8,13h 46m,109.6,5.45,17.0,299.20000000000005,-92.6,-1629.76,15.5,30.3,-76.40,-1344.64
03/11/2019 21:50,03/18/2019 10:48,EURUSD,Buy,0.11,1.12474,1.13474,0.0000,-9.3100,100.0,100.69,0.27,06:12:58:47,100.0,6d 12h ,42.1,0.01,102.2,112.42000000000002,0.0,0.0,100.0,97.8,-2.20,-2.42
03/08/2019 20:50,03/11/2019 12:42,EURUSD,Buy,1.76,1.12420,1.12507,0.0000,-21.3000,8.7,131.82,0.36,02:15:52:22,8.2,5h 14m,18.9,1.62,11.7,205.92000000000002,-18.9,-332.64,38.2,90.2,-3.00,-52.80
03/07/2019 20:50,03/11/2019 12:42,EURUSD,Buy,0.44,1.12217,1.12507,0.0000,-10.6400,29.0,116.96,0.32,03:15:52:22,81.4,2d 23h ,39.0,1.25,31.1,136.84,-39.0,-171.60000000000002,44.4,97.0,-2.10,-9.24
02/12/2019 20:50,03/11/2019 12:42,EURUSD,Buy,0.11,1.13339,1.12507,0.0000,-36.5400,-83.2,-128.06,-0.35,26:15:52:27,41.1,10d 22h ,235.4,1.83,83.2,91.52000000000001,-152.2,-167.42,35.3,29.3,-166.40,-183.04
02/12/2019 20:50,03/07/2019 16:59,EURUSD,Sell,0.11,1.13312,1.12312,0.0000,16.8100,100.0,126.81,0.34,22:20:09:13,41.1,9d 9h ,174.1,0.86,100.0,110.00000000000001,-85.9,-94.49000000000001,53.8,100.0,0.00,0.00
02/11/2019 20:50,02/12/2019 14:39,EURUSD,Buy,30.08,1.12712,1.12934,0.0000,-376.0000,22.2,6301.76,20.64,00:17:49:39,94.5,16h 50m,30.7,0.52,23.1,6948.4800000000005,-12.1,-3639.68,65.6,97.4,-0.90,-270.72
02/04/2019 20:50,02/12/2019 14:39,EURUSD,Buy,0.47,1.14320,1.12934,0.0000,-48.5900,-138.6,-700.01,-2.00,07:17:49:40,4.9,9h 6m,179.6,22.68,7.6,35.72,-172.0,-808.4,4.2,18.6,-146.20,-687.14
02/07/2019 20:50,02/12/2019 14:39,EURUSD,Buy,1.88,1.13539,1.12934,0.0000,-71.5500,-60.5,-1208.95,-3.52,04:17:49:39,0.0,0s,94.8,95.24,0.0,0.0,-94.8,-1782.24,0.0,36.2,-60.50,-1137.40
02/08/2019 20:50,02/12/2019 14:39,EURUSD,Buy,7.52,1.13260,1.12934,0.0000,-188.0000,-32.6,-2639.52,-7.96,03:17:49:26,1.7,1h 31m,70.0,21.60,3.1,233.12,-66.9,-5030.880000000001,4.4,49.0,-35.70,-2684.64
02/04/2019 20:50,02/07/2019 13:39,EURUSD,Sell,0.47,1.14294,1.13294,0.0000,12.2600,100.0,482.26,1.39,02:16:49:18,83.3,2d 5h ,21.0,0.10,104.1,489.27,-10.2,-47.94,91.1,96.4,-4.10,-19.27
02/01/2019 20:50,02/04/2019 06:33,EURUSD,Sell,7.20,1.14617,1.14453,0.0000,37.5800,16.4,1218.38,3.65,02:09:43:05,100.0,2d 9h ,8.8,0.05,21.4,1540.8,0.0,0.0,100.0,76.6,-5.00,-360.00
01/31/2019 20:50,02/04/2019 06:33,EURUSD,Sell,1.80,1.14433,1.14453,0.0000,18.8000,-2.0,-17.20,-0.05,03:09:42:55,7.5,6h 7m,51.0,5.22,8.2,147.6,-42.8,-770.4,16.1,80.0,-10.20,-183.60
01/21/2019 20:50,02/04/2019 06:33,EURUSD,Sell,0.45,1.13645,1.14453,0.0000,32.9000,-80.8,-330.70,-0.98,13:09:43:04,16.6,2d 5h ,220.9,2.07,72.0,324.0,-148.9,-670.0500000000001,32.6,30.8,-152.80,-687.60
01/21/2019 20:50,01/30/2019 21:04,EURUSD,Buy,0.45,1.13673,1.14673,0.0000,-52.9100,100.0,397.09,1.19,09:00:14:36,71.6,6d 10h ,100.6,0.57,132.0,594.0,-74.8,-336.59999999999997,63.8,84.5,-32.00,-144.00
01/18/2019 20:50,01/21/2019 09:05,EURUSD,Buy,7.04,1.13675,1.13847,0.0000,-91.9400,17.2,1118.94,3.47,02:12:15:49,15.5,9h 20m,10.9,0.43,17.8,1253.1200000000001,-7.7,-542.08,69.8,97.6,-0.60,-42.24
01/17/2019 20:50,01/21/2019 09:05,EURUSD,Buy,1.76,1.13867,1.13847,0.0000,-45.9800,-2.0,-81.18,-0.25,03:12:15:26,20.8,17h 31m,55.8,1.45,22.8,401.28000000000003,-33.0,-580.8000000000001,40.9,55.6,-24.80,-436.48
01/07/2019 20:50,01/21/2019 09:05,EURUSD,Buy,0.44,1.14800,1.13847,0.0000,-80.4800,-95.3,-499.80,-1.52,13:12:15:50,16.5,2d 5h ,211.9,1.38,89.0,391.6,-122.9,-540.7600000000001,42.0,13.0,-184.30,-810.92
01/07/2019 20:50,01/17/2019 09:11,EURUSD,Sell,0.44,1.14773,1.13773,0.0000,27.5800,100.0,467.58,1.45,09:12:21:51,74.5,7d 2h ,141.5,0.92,100.0,440.00000000000006,-91.7,-403.48,52.2,100.0,0.00,0.00
12/24/2018 20:50,12/26/2018 10:39,EURUSD,Sell,6.72,1.14121,1.13923,0.0000,70.1600,19.8,1400.72,4.53,01:13:49:37,93.0,1d 11h ,33.4,0.22,30.4,2042.8799999999999,-6.8,-456.96,81.7,71.5,-10.60,-712.32
11/20/2018 20:50,12/26/2018 10:39,EURUSD,Sell,0.42,1.13652,1.13923,0.0000,78.8900,-27.1,-34.93,-0.11,35:13:49:38,48.4,17d 5h ,204.2,1.23,91.4,383.88000000000005,-112.8,-473.76,44.8,42.0,-118.50,-497.70
12/21/2018 20:50,12/26/2018 10:39,EURUSD,Sell,1.68,1.13631,1.13923,0.0000,26.3100,-29.2,-464.25,-1.48,04:13:49:39,1.1,1h 12m,78.7,18.69,4.0,67.2,-74.7,-1254.96,5.1,57.8,-33.20,-557.76
11/20/2018 20:50,12/20/2018 11:23,EURUSD,Buy,0.42,1.13677,1.14677,0.0000,-175.6300,100.0,244.37,0.78,29:14:33:47,,,,,,,,,,,,
11/19/2018 20:50,11/20/2018 11:03,EURUSD,Sell,6.40,1.14506,1.14263,0.0000,33.4100,24.3,1588.61,5.37,00:14:13:41,47.8,6h 48m,28.0,0.79,27.1,1734.4,-21.5,-1376.0,55.8,94.2,-2.80,-179.20
11/16/2018 20:50,11/20/2018 11:03,EURUSD,Sell,1.60,1.14153,1.14263,0.0000,16.7000,-11.0,-159.30,-0.54,03:14:13:40,67.5,2d 10h ,76.2,2.70,20.6,329.6,-55.6,-889.6,27.0,58.5,-31.60,-505.60
11/13/2018 20:50,11/20/2018 11:03,EURUSD,Sell,0.40,1.12553,1.14263,0.0000,14.6200,-171.0,-669.38,-2.20,06:14:13:40,0.0,0s,211.8,212.77,0.0,0.0,-211.8,-847.2,0.0,19.3,-171.00,-684.00
11/13/2018 20:50,11/15/2018 21:32,EURUSD,Buy,0.40,1.12578,1.13578,0.0000,-20.8900,100.0,379.11,1.26,02:00:42:51,100.0,2d ,73.6,0.01,100.0,400.0,0.0,0.0,100.0,100.0,0.00,0.00
11/12/2018 20:50,11/13/2018 18:14,EURUSD,Buy,1.60,1.12383,1.12846,0.0000,-20.9000,46.3,719.90,2.46,00:21:24:30,57.9,12h 23m,24.7,0.42,52.0,832.0,-21.9,-350.4,70.4,92.3,-5.70,-91.20
11/01/2018 21:50,11/13/2018 18:14,EURUSD,Buy,0.40,1.14077,1.12846,0.0000,-52.2100,-123.1,-544.61,-1.82,11:20:24:32,25.8,3d 1h ,279.8,2.16,88.5,354.0,-191.3,-765.2,31.6,24.4,-211.60,-846.40
11/01/2018 21:50,11/12/2018 08:33,EURUSD,Sell,0.40,1.14050,1.13050,0.0000,18.8000,100.0,418.80,1.42,10:10:43:09,68.5,7d 3h ,128.8,0.88,103.1,412.4,-91.2,-364.8,53.1,98.4,-3.10,-12.40
10/31/2018 21:50,11/01/2018 06:43,EURUSD,Buy,1.56,1.13138,1.13450,0.0000,-61.1200,31.2,425.60,1.47,00:08:53:06,97.4,8h 39m,11.2,0.18,35.7,556.9200000000001,-6.5,-101.39999999999999,84.6,89.3,-4.50,-70.20
10/26/2018 21:50,11/01/2018 06:43,EURUSD,Buy,0.39,1.14078,1.13450,0.0000,-30.5500,-62.8,-275.47,-0.94,05:08:53:14,1.0,1h 17m,109.4,14.01,7.3,28.47,-102.1,-398.18999999999994,6.7,35.9,-70.10,-273.39
10/26/2018 21:50,10/31/2018 20:53,EURUSD,Sell,0.39,1.14051,1.13051,0.0000,6.1200,100.0,396.12,1.37,04:23:03:01,59.3,2d 22h ,46.6,0.10,100.0,390.0,-10.0,-39.0,90.9,100.0,0.00,0.00
10/25/2018 21:50,10/26/2018 17:36,EURUSD,Buy,6.08,1.13623,1.13845,0.0000,-79.4000,22.2,1270.36,4.60,00:19:46:30,74.7,14h 46m,43.8,0.53,48.4,2942.72,-25.8,-1568.6399999999999,65.2,64.7,-26.20,-1592.96
10/24/2018 21:50,10/26/2018 17:36,EURUSD,Buy,1.52,1.13945,1.13845,0.0000,-79.4000,-10.0,-231.40,-0.83,01:19:46:21,37.2,16h 17m,93.6,1.63,35.6,541.12,-58.0,-881.5999999999999,38.0,51.3,-45.60,-693.12
10/10/2018 21:50,10/26/2018 17:36,EURUSD,Buy,0.38,1.15266,1.13845,0.0000,-89.3100,-142.1,-629.29,-2.21,15:19:46:22,43.3,6d 20h ,272.5,2.28,83.1,315.78,-189.4,-719.72,30.5,17.4,-225.20,-855.76
10/10/2018 21:50,10/24/2018 11:00,EURUSD,Sell,0.38,1.15243,1.14243,0.0000,27.7400,100.0,407.74,1.45,13:13:10:00,49.4,6d 16h ,107.7,0.70,122.3,464.73999999999995,-85.4,-324.52,58.9,89.3,-22.30,-84.74
10/09/2018 21:50,10/10/2018 17:00,EURUSD,Buy,1.48,1.15019,1.15236,0.0000,-19.3300,21.7,301.83,1.09,00:19:10:30,71.8,13h 46m,30.5,0.46,39.0,577.2,-18.0,-266.40000000000003,68.4,69.6,-17.30,-256.04
10/02/2018 21:50,10/10/2018 17:00,EURUSD,Buy,0.37,1.15484,1.15236,0.0000,-38.6500,-24.8,-130.41,-0.47,07:19:10:31,5.9,11h 2m,151.7,3.05,37.5,138.75,-114.2,-422.54,24.7,58.9,-62.30,-230.51
10/02/2018 21:50,10/09/2018 13:04,EURUSD,Sell,0.37,1.15460,1.14460,0.0000,13.5100,100.0,383.51,1.39,06:15:14:33,92.5,6d 3h ,66.6,0.36,111.8,413.66,-39.9,-147.63,73.7,92.2,-11.80,-43.66
09/24/2018 21:50,10/02/2018 11:50,EURUSD,Buy,0.10,1.17582,1.15129,0.0000,-9.1500,-245.3,-254.45,-0.74,07:14:00:52,16.0,1d 5h ,273.1,8.83,27.8,27.8,-245.3,-245.3,10.2,0.0,-273.10,-273.10
09/27/2018 21:50,10/02/2018 11:50,EURUSD,Buy,0.40,1.16591,1.15129,0.0000,-14.7900,-146.2,-599.59,-1.76,04:14:00:51,0.0,0s,146.2,147.06,0.0,0.0,-146.2,-584.8,0.0,0.0,-146.20,-584.80
09/28/2018 21:50,10/02/2018 11:50,EURUSD,Buy,1.60,1.16146,1.15129,0.0000,-41.8000,-101.7,-1669.00,-4.99,03:14:00:50,1.2,1h 1m,102.7,102.04,1.0,16.0,-101.7,-1627.2,1.0,0.0,-102.70,-1643.20
10/01/2018 21:50,10/02/2018 11:50,EURUSD,Buy,6.40,1.15776,1.15129,0.0000,-83.5800,-64.7,-4224.38,-13.30,00:14:00:52,0.0,0s,64.7,64.94,0.0,0.0,-64.7,-4140.8,0.0,0.0,-64.70,-4140.80
09/24/2018 21:50,09/27/2018 21:19,EURUSD,Sell,0.10,1.17557,1.16557,0.0000,2.1100,100.0,102.11,0.30,02:23:29:45,58.3,1d 17h ,56.4,0.34,101.0,101.0,-34.6,-34.6,74.5,99.3,-1.00,-1.00
09/20/2018 21:50,09/24/2018 08:54,EURUSD,Sell,0.40,1.17730,1.17357,0.0000,3.3800,37.3,152.58,0.45,03:11:04:29,85.3,2d 22h ,25.6,0.67,38.5,154.0,-25.6,-102.4,60.1,98.1,-1.20,-4.80
09/21/2018 21:50,09/24/2018 08:54,EURUSD,Sell,1.60,1.17443,1.17357,0.0000,6.7500,8.6,144.35,0.42,02:11:04:08,12.9,7h 37m,15.3,0.77,10.3,164.8,-7.9,-126.4,56.6,90.7,-1.70,-27.20
09/05/2018 21:50,09/24/2018 08:54,EURUSD,Sell,0.10,1.16228,1.17357,0.0000,8.0100,-112.9,-104.89,-0.31,18:11:04:28,41.7,7d 16h ,260.4,1.89,90.0,90.0,-170.4,-170.4,34.6,22.1,-202.90,-202.90
09/05/2018 21:50,09/20/2018 14:19,EURUSD,Buy,0.10,1.16252,1.17252,0.0000,-18.5000,100.0,81.50,0.24,14:16:29:33,44.6,6d 13h ,114.3,0.92,100.0,100.0,-92.4,-92.4,52.0,100.0,0.00,0.00
09/04/2018 21:50,09/05/2018 04:22,EURUSD,Buy,6.40,1.15797,1.15960,0.0000,-69.6300,16.3,973.57,2.96,00:06:32:19,100.0,6h 32m,13.6,0.04,27.0,1728.0,0.0,0.0,100.0,60.4,-10.70,-684.80
08/31/2018 21:50,09/05/2018 04:22,EURUSD,Buy,0.40,1.16043,1.15960,0.0000,-13.0500,-8.3,-46.25,-0.14,04:06:32:21,19.7,20h 12m,94.8,3.12,23.0,92.0,-71.8,-287.2,24.3,67.0,-31.30,-125.20
08/29/2018 21:50,09/05/2018 04:22,EURUSD,Buy,0.10,1.17016,1.15960,0.0000,-7.6200,-105.6,-113.22,-0.34,06:06:32:22,4.0,6h 1m,178.3,12.84,12.9,12.9,-165.4,-165.4,7.2,33.5,-118.50,-118.50
09/03/2018 21:58,09/05/2018 04:22,EURUSD,Buy,1.60,1.16200,1.15960,0.0000,-34.8200,-24.0,-418.82,-1.26,01:06:24:18,0.0,0s,87.5,87.72,0.0,0.0,-87.5,-1400.0,0.0,72.6,-24.00,-384.00
08/29/2018 21:50,08/31/2018 18:42,EURUSD,Sell,0.10,1.16991,1.15991,0.0000,1.6900,100.0,101.69,0.30,01:20:52:08,81.8,1d 12h ,44.0,0.15,100.0,100.0,-15.2,-15.2,86.8,100.0,0.00,0.00
08/28/2018 21:50,08/29/2018 09:00,EURUSD,Sell,1.60,1.16939,1.16748,0.0000,6.7500,19.1,312.35,0.94,00:11:10:31,82.9,9h 15m,17.4,0.10,30.1,481.6,-3.0,-48.0,90.9,66.8,-11.00,-176.00
08/27/2018 21:50,08/29/2018 09:00,EURUSD,Sell,0.40,1.16759,1.16748,0.0000,3.3800,1.1,7.78,0.02,01:11:10:28,19.5,6h 51m,68.3,4.26,13.0,52.0,-55.3,-221.2,19.0,82.6,-11.90,-47.60
08/23/2018 21:50,08/29/2018 09:00,EURUSD,Sell,0.10,1.15372,1.16748,0.0000,1.6800,-137.6,-135.92,-0.41,05:11:10:29,0.2,15m,195.0,196.08,1.0,1.0,-194.0,-194.0,0.5,28.9,-138.60,-138.60
08/23/2018 21:50,08/27/2018 02:55,EURUSD,Buy,0.10,1.15394,1.16394,0.0000,-2.1800,100.0,97.82,0.30,03:05:05:36,99.4,3d 4h ,22.7,0.03,103.1,103.1,-3.0,-3.0,97.2,97.1,-3.10,-3.10
08/22/2018 21:50,08/23/2018 03:37,EURUSD,Sell,1.60,1.15850,1.15701,0.0000,20.2600,14.9,258.66,0.79,00:05:47:55,62.6,3h 37m,14.2,0.86,16.6,265.6,-14.2,-227.2,53.9,94.5,-1.70,-27.20
08/21/2018 21:50,08/23/2018 03:37,EURUSD,Sell,0.40,1.15801,1.15701,0.0000,6.7500,10.0,46.75,0.14,01:05:47:55,48.2,14h 21m,65.7,1.59,25.4,101.6,-40.3,-161.2,38.7,76.6,-15.40,-61.60
08/20/2018 21:50,08/23/2018 03:37,EURUSD,Sell,0.10,1.14655,1.15701,0.0000,2.1100,-104.6,-102.49,-0.31,02:05:47:53,0.0,0s,154.9,156.25,0.0,0.0,-154.9,-154.9,0.0,32.5,-104.60,-104.60
08/20/2018 21:50,08/21/2018 19:55,EURUSD,Buy,0.10,1.14678,1.15678,0.0000,-1.0900,100.0,98.91,0.30,00:22:05:55,100.0,22h 5m,39.9,0.01,100.0,100.0,0.0,0.0,100.0,100.0,0.00,0.00
08/17/2018 21:57,08/20/2018 11:53,EURUSD,Sell,0.40,1.14424,1.14094,0.0000,1.6900,33.0,133.69,0.41,02:13:56:11,24.1,14h 55m,12.6,0.07,37.1,148.4,2.7,10.8,107.8,88.1,-4.10,-16.40
08/14/2018 21:50,08/20/2018 11:53,EURUSD,Sell,0.10,1.13395,1.14094,0.0000,2.5300,-69.9,-67.37,-0.21,05:14:03:33,11.1,14h 52m,141.5,2.81,37.1,37.1,-104.4,-104.4,26.2,24.4,-107.00,-107.00
08/14/2018 21:50,08/17/2018 21:57,EURUSD,Buy,0.10,1.13420,1.14420,0.0000,-5.4400,100.0,94.56,0.29,03:00:07:19,75.4,2d 6h ,53.2,0.39,101.8,101.8,-39.7,-39.7,71.9,98.7,-1.80,-1.80
08/13/2018 21:50,08/14/2018 06:39,EURUSD,Buy,1.60,1.13968,1.14152,0.0000,-17.4100,18.4,276.99,0.86,00:08:49:09,98.3,8h 40m,10.8,0.07,18.4,294.4,-1.2,-19.2,93.9,100.0,0.00,0.00
08/10/2018 21:50,08/14/2018 06:39,EURUSD,Buy,0.40,1.14007,1.14152,0.0000,-8.7000,14.5,49.30,0.15,03:08:49:09,18.2,14h 42m,45.0,1.19,29.0,116.0,-34.4,-137.6,45.7,77.1,-14.50,-58.00
08/07/2018 21:50,08/14/2018 06:39,EURUSD,Buy,0.10,1.15948,1.14152,0.0000,-7.6200,-179.6,-187.22,-0.58,06:08:49:10,19.7,1d 6h ,260.6,7.10,32.2,32.2,-228.4,-228.4,12.4,18.7,-211.80,-211.80
08/07/2018 21:50,08/10/2018 08:09,EURUSD,Sell,0.10,1.15920,1.14920,0.0000,2.1100,100.0,102.11,0.31,02:10:19:34,43.5,1d 1h ,46.3,0.24,146.3,146.3,-35.1,-35.1,80.7,74.5,-46.30,-46.30
08/06/2018 21:50,08/07/2018 11:45,EURUSD,Buy,0.40,1.15563,1.15875,0.0000,-4.3500,31.2,120.45,0.37,00:13:55:52,80.3,11h 11m,13.3,0.18,33.2,132.8,-5.9,-23.6,84.9,94.9,-2.00,-8.00
07/19/2018 21:50,08/07/2018 11:45,EURUSD,Buy,0.10,1.16503,1.15875,0.0000,-18.5100,-62.8,-81.31,-0.25,18:13:55:54,66.2,12d 7h ,212.7,1.23,95.5,95.5,-117.2,-117.2,44.9,25.6,-158.30,-158.30
07/19/2018 21:50,08/06/2018 13:14,EURUSD,Sell,0.10,1.16479,1.15479,0.0000,6.7400,100.0,106.74,0.33,17:15:24:44,29.4,5d 4h ,113.6,0.96,102.4,102.4,-98.3,-98.3,51.0,98.8,-2.40,-2.40
07/18/2018 21:50,07/19/2018 20:19,EURUSD,Buy,1.40,1.16499,1.16757,0.0000,-45.7000,25.8,315.50,0.99,00:22:29:45,14.2,3h 11m,73.7,2.67,25.8,361.2,-69.0,-966.0,27.2,100.0,0.00,0.00
07/16/2018 21:50,07/19/2018 20:19,EURUSD,Buy,0.35,1.17169,1.16757,0.0000,-19.0400,-41.2,-163.24,-0.51,02:22:29:36,8.5,5h 59m,161.1,5.42,25.1,87.85000000000001,-136.0,-476.0,15.6,58.8,-66.30,-232.05
07/16/2018 21:50,07/18/2018 11:30,EURUSD,Sell,0.35,1.17144,1.16144,0.0000,2.9600,100.0,352.96,1.11,01:13:39:50,80.8,1d 6h ,40.2,0.27,101.9,356.65000000000003,-27.6,-96.60000000000001,78.7,98.5,-1.90,-6.65
07/13/2018 21:50,07/16/2018 08:54,EURUSD,Buy,1.40,1.16790,1.17047,0.0000,-15.2300,25.7,344.57,1.10,02:11:04:44,19.0,11h 13m,20.1,0.12,26.7,373.8,-3.2,-44.800000000000004,89.3,96.7,-1.00,-14.00
07/10/2018 21:50,07/16/2018 08:54,EURUSD,Buy,0.35,1.17454,1.17047,0.0000,-22.8500,-40.7,-165.30,-0.52,05:11:04:41,1.0,1h 18m,135.2,20.16,6.4,22.400000000000002,-128.8,-450.80000000000007,4.7,65.2,-47.10,-164.85
07/10/2018 21:50,07/13/2018 10:00,EURUSD,Sell,0.35,1.17429,1.16429,0.0000,7.3900,100.0,357.39,1.14,02:12:10:19,97.6,2d 10h ,53.8,0.11,100.0,350.0,-10.7,-37.449999999999996,90.3,100.0,0.00,0.00
07/09/2018 21:50,07/10/2018 12:00,EURUSD,Sell,1.40,1.17464,1.17190,0.0000,5.9100,27.4,389.51,1.26,00:14:10:57,51.6,7h 19m,20.6,0.50,31.5,441.0,-15.6,-218.4,66.9,91.3,-4.10,-57.40
06/29/2018 21:50,07/10/2018 12:00,EURUSD,Sell,0.35,1.16716,1.17190,0.0000,13.3100,-47.4,-152.59,-0.49,10:14:10:49,30.2,3d 4h ,195.5,1.50,78.2,273.7,-117.3,-410.55,40.0,35.8,-125.60,-439.60
06/29/2018 21:50,07/09/2018 09:09,EURUSD,Buy,0.35,1.16743,1.17743,0.0000,-30.4700,100.0,319.53,1.04,09:11:19:26,44.7,4d 5h ,88.2,0.78,103.6,362.59999999999997,-80.9,-283.15000000000003,56.2,98.0,-3.60,-12.60
06/28/2018 21:50,06/29/2018 05:36,EURUSD,Buy,1.40,1.15568,1.15872,0.0000,-15.2300,30.4,410.37,1.36,00:07:46:16,100.0,7h 46m,77.9,0.01,108.3,1516.2,0.0,0.0,100.0,28.1,-77.90,-1090.60
06/26/2018 21:50,06/29/2018 05:36,EURUSD,Buy,0.35,1.16470,1.15872,0.0000,-19.0400,-59.8,-228.34,-0.75,02:07:46:18,20.2,11h 15m,140.7,5.20,22.7,79.45,-118.0,-413.0,16.1,41.4,-82.50,-288.75
06/26/2018 21:50,06/27/2018 22:15,EURUSD,Sell,0.35,1.16441,1.15441,0.0000,1.4800,100.0,351.48,1.17,01:00:25:24,58.1,14h 11m,29.2,0.25,100.9,353.15000000000003,-25.6,-89.60000000000001,79.8,99.3,-0.90,-3.15
06/26/2018 21:50,06/27/2018 03:06,EURUSD,Buy,1.40,1.16468,1.16439,0.0000,-15.2300,-2.9,-55.83,-0.18,00:05:16:47,97.5,5h 8m,8.3,0.54,5.4,75.60000000000001,-2.9,-40.6,65.1,0.0,-8.30,-116.20
06/25/2018 21:50,06/26/2018 12:09,EURUSD,Sell,1.40,1.17079,1.16691,0.0000,5.9100,38.8,549.11,1.85,00:14:19:56,68.0,9h 44m,25.8,0.19,56.0,784.0,-10.9,-152.6,83.7,74.3,-17.20,-240.80
06/19/2018 21:50,06/26/2018 12:09,EURUSD,Sell,0.35,1.15757,1.16691,0.0000,10.3500,-93.4,-316.55,-1.06,06:14:19:57,14.0,22h 9m,205.1,2.26,62.9,220.15,-142.2,-497.69999999999993,30.7,23.8,-156.30,-547.05
06/19/2018 21:50,06/25/2018 14:20,EURUSD,Buy,0.35,1.15783,1.16783,0.0000,-22.8500,100.0,327.15,1.10,05:16:30:30,81.4,4d 15h ,82.9,0.64,101.8,356.3,-65.5,-229.25,60.8,98.9,-1.80,-6.30
06/18/2018 21:50,06/19/2018 02:41,EURUSD,Buy,22.40,1.16192,1.16249,0.0000,-243.7100,5.7,1033.09,3.61,00:04:51:22,100.0,4h 51m,14.9,0.05,20.6,4614.400000000001,0.0,0.0,100.0,27.7,-14.90,-3337.60
06/15/2018 21:50,06/19/2018 02:41,EURUSD,Buy,5.60,1.16105,1.16249,0.0000,-121.8600,14.4,684.54,2.45,03:04:51:26,15.3,11h 45m,43.7,1.49,29.3,1640.8,-43.7,-2447.2000000000003,40.1,79.6,-14.90,-834.40
06/14/2018 21:50,06/19/2018 02:41,EURUSD,Buy,1.40,1.16055,1.16249,0.0000,-45.6900,19.4,225.91,0.82,04:04:51:28,21.3,21h 28m,58.0,1.62,34.3,480.19999999999993,-55.5,-777.0,38.2,83.4,-14.90,-208.60
06/08/2018 21:50,06/19/2018 02:41,EURUSD,Buy,0.35,1.17732,1.16249,0.0000,-34.2800,-148.3,-553.33,-1.96,10:04:51:30,23.3,2d 9h ,275.1,4.08,54.2,189.70000000000002,-220.9,-773.15,19.7,26.4,-202.50,-708.75
06/08/2018 21:50,06/14/2018 16:18,EURUSD,Sell,0.35,1.17709,1.16709,0.0000,8.8700,100.0,358.87,1.29,05:18:28:25,23.5,1d 8h ,92.1,0.56,100.0,350.0,-56.2,-196.70000000000002,64.0,100.0,0.00,0.00
06/07/2018 21:50,06/08/2018 09:20,EURUSD,Sell,5.60,1.18118,1.17866,0.0000,23.6300,25.2,1434.83,5.42,00:11:30:37,100.0,11h 30m,26.3,0.02,51.5,2884.0,0.0,0.0,100.0,48.9,-26.30,-1472.80
06/06/2018 21:50,06/08/2018 09:20,EURUSD,Sell,1.40,1.17635,1.17866,0.0000,23.6300,-23.1,-299.77,-1.12,01:11:30:39,0.3,6m,73.7,27.32,2.7,37.800000000000004,-73.7,-1031.8,3.5,66.2,-25.80,-361.20
05/30/2018 21:50,06/08/2018 09:20,EURUSD,Sell,0.35,1.16479,1.17866,0.0000,16.2600,-138.7,-469.19,-1.72,08:11:30:34,0.3,36m,192.0,70.42,2.7,9.450000000000001,-189.3,-662.5500000000001,1.4,26.4,-141.40,-494.90
05/30/2018 21:50,06/06/2018 09:32,EURUSD,Buy,0.35,1.16503,1.17503,0.0000,-26.6600,100.0,323.34,1.20,06:11:41:56,99.6,6d 11h ,82.7,0.05,100.0,350.0,-5.1,-17.849999999999998,95.1,100.0,0.00,0.00
05/29/2018 21:50,05/30/2018 09:15,EURUSD,Buy,5.60,1.15292,1.15660,0.0000,-60.9300,36.8,1999.87,8.03,00:11:25:50,89.1,10h 11m,45.5,0.12,82.3,4608.8,-9.8,-548.8000000000001,89.4,50.6,-45.50,-2548.00
05/24/2018 21:50,05/30/2018 09:15,EURUSD,Buy,0.35,1.17304,1.15660,0.0000,-14.8400,-164.4,-590.24,-2.24,05:11:25:51,0.0,0s,209.2,212.77,0.0,0.0,-209.2,-732.1999999999999,0.0,21.4,-164.40,-575.40
05/28/2018 21:50,05/30/2018 09:15,EURUSD,Buy,1.40,1.16287,1.15660,0.0000,-30.4600,-62.7,-908.26,-3.52,01:11:25:41,6.6,2h 20m,118.9,13.68,8.1,113.39999999999999,-110.8,-1551.2,6.8,40.5,-70.80,-991.20
05/24/2018 21:50,05/28/2018 15:34,EURUSD,Sell,0.35,1.17278,1.16278,0.0000,3.1600,100.0,353.16,1.36,03:17:43:58,100.0,3d 17h ,76.5,0.02,105.9,370.65000000000003,-2.0,-7.0,98.1,94.5,-5.90,-20.65
05/23/2018 21:50,05/24/2018 11:30,EURUSD,Buy,1.40,1.17065,1.17379,0.0000,-43.2600,31.4,396.34,1.55,00:13:40:38,61.2,8h 22m,35.3,0.38,38.7,541.8000000000001,-14.6,-204.4,72.6,86.3,-7.30,-102.20
05/17/2018 21:50,05/24/2018 11:30,EURUSD,Buy,0.35,1.18016,1.17379,0.0000,-25.2600,-63.7,-248.21,-0.96,06:13:40:38,7.7,12h 8m,145.9,5.69,21.8,76.3,-124.1,-434.34999999999997,14.9,41.4,-85.50,-299.25
05/17/2018 21:50,05/23/2018 14:42,EURUSD,Sell,0.35,1.17991,1.16991,0.0000,6.3200,100.0,356.32,1.40,05:16:52:11,90.2,5d 3h ,99.1,0.24,100.0,350.0,-24.3,-85.05,80.5,100.0,0.00,0.00
05/16/2018 21:50,05/17/2018 05:12,EURUSD,Buy,5.60,1.18066,1.18297,0.0000,-173.0400,23.1,1120.56,4.59,00:07:21:59,100.0,7h 21m,15.7,0.04,28.3,1584.8,0.0,0.0,100.0,81.6,-5.20,-291.20
05/15/2018 21:50,05/17/2018 05:12,EURUSD,Buy,1.40,1.18538,1.18297,0.0000,-57.6800,-24.1,-395.08,-1.59,01:07:22:04,0.0,0s,87.6,87.72,0.0,0.0,-87.6,-1226.3999999999999,0.0,72.5,-24.10,-337.40
05/10/2018 21:50,05/17/2018 05:12,EURUSD,Buy,0.35,1.19290,1.18297,0.0000,-25.2600,-99.3,-372.81,-1.48,06:07:22:04,59.6,3d 18h ,228.7,2.47,65.9,230.65000000000003,-162.8,-569.8000000000001,28.8,27.8,-165.20,-578.20
05/10/2018 21:50,05/15/2018 16:49,EURUSD,Sell,0.35,1.19261,1.18261,0.0000,4.7400,100.0,354.74,1.43,04:18:59:46,20.0,22h 59m,97.6,0.69,100.0,350.0,-68.8,-240.79999999999998,59.2,100.0,0.00,0.00
05/09/2018 21:50,05/10/2018 09:38,EURUSD,Buy,5.60,1.18626,1.18766,0.0000,-173.0400,14.0,610.96,2.52,00:11:48:12,55.4,6h 32m,16.6,0.91,17.5,980.0,-16.0,-896.0,52.2,89.6,-3.50,-196.00
05/08/2018 21:50,05/10/2018 09:38,EURUSD,Buy,1.40,1.18681,1.18766,0.0000,-57.6800,8.5,61.32,0.25,01:11:48:14,19.6,7h 1m,40.3,2.26,17.8,249.20000000000002,-40.3,-564.1999999999999,30.6,84.0,-9.30,-130.20
05/04/2018 21:50,05/10/2018 09:38,EURUSD,Buy,0.35,1.19611,1.18766,0.0000,-21.6500,-84.5,-317.40,-1.30,05:11:48:13,3.7,4h 52m,147.9,9.13,14.6,51.1,-133.3,-466.55000000000007,9.9,33.0,-99.10,-346.85
05/04/2018 21:50,05/08/2018 16:04,EURUSD,Sell,0.35,1.19585,1.18585,0.0000,3.1600,100.0,353.16,1.46,03:18:14:27,39.9,1d 12h ,38.1,0.14,119.1,416.84999999999997,-17.2,-60.199999999999996,87.4,86.0,-19.10,-66.85
04/26/2018 21:50,05/04/2018 16:18,EURUSD,Buy,0.10,1.21074,1.19242,0.0000,-8.2400,-183.2,-191.44,-0.62,07:18:27:55,36.8,2d 20h ,215.8,6.39,29.2,29.2,-186.6,-186.6,13.5,1.6,-212.40,-212.40
05/01/2018 21:50,05/04/2018 16:18,EURUSD,Buy,0.40,1.19970,1.19242,0.0000,-20.6000,-72.8,-311.80,-1.02,02:18:28:04,20.4,13h 33m,108.6,2.35,32.4,129.6,-76.2,-304.8,29.8,3.1,-105.20,-420.80
05/02/2018 21:50,05/04/2018 16:18,EURUSD,Buy,1.60,1.20052,1.19242,0.0000,-65.9200,-81.0,-1361.92,-4.48,01:18:28:04,0.0,0s,84.4,84.75,0.0,0.0,-84.4,-1350.4,0.0,4.0,-81.00,-1296.00
05/03/2018 21:50,05/04/2018 16:18,EURUSD,Buy,6.40,1.19996,1.19242,0.0000,-65.9200,-75.4,-4891.52,-16.86,00:18:28:04,0.0,0s,78.9,79.37,0.0,0.0,-78.9,-5049.6,0.0,4.4,-75.40,-4825.60
04/26/2018 21:50,05/01/2018 17:13,EURUSD,Sell,0.10,1.21046,1.20046,0.0000,1.3500,100.0,101.35,0.33,04:19:23:27,36.4,1d 18h ,78.7,0.30,112.5,112.5,-33.3,-33.3,77.2,91.4,-12.50,-12.50
04/25/2018 21:50,04/26/2018 15:55,EURUSD,Buy,6.40,1.21792,1.22001,0.0000,-197.7600,20.9,1139.84,3.85,00:18:05:02,19.4,3h 30m,100.4,3.31,23.3,1491.2,-77.1,-4934.4,23.2,97.6,-2.40,-153.60
04/23/2018 21:50,04/26/2018 15:55,EURUSD,Buy,0.40,1.22131,1.22001,0.0000,-20.6000,-13.0,-72.60,-0.24,02:18:05:02,31.1,20h 33m,141.4,3.65,30.4,121.6,-111.0,-444.0,21.5,69.3,-43.40,-173.60
04/19/2018 21:50,04/26/2018 15:55,EURUSD,Buy,0.10,1.23407,1.22001,0.0000,-7.2100,-140.6,-147.81,-0.48,06:18:05:02,3.9,6h 19m,249.2,22.52,10.6,10.6,-238.6,-238.6,4.3,39.3,-151.20,-151.20
04/24/2018 21:50,04/26/2018 15:55,EURUSD,Buy,1.60,1.22392,1.22001,0.0000,-65.9200,-39.1,-691.52,-2.28,01:18:05:03,0.0,0s,137.1,138.89,0.0,0.0,-137.1,-2193.6,0.0,71.5,-39.10,-625.60
04/19/2018 21:50,04/23/2018 12:00,EURUSD,Sell,0.10,1.23381,1.22381,0.0000,0.9000,100.0,100.90,0.33,03:14:10:13,89.5,3d 5h ,32.2,0.13,102.3,102.3,-13.2,-13.2,88.6,98.0,-2.30,-2.30
04/18/2018 21:50,04/19/2018 11:36,EURUSD,Sell,1.60,1.23768,1.23624,0.0000,21.6000,14.4,252.00,0.83,00:13:46:19,47.9,6h 35m,35.2,1.59,14.4,230.4,-22.9,-366.4,38.6,100.0,0.00,0.00
04/17/2018 21:50,04/19/2018 11:36,EURUSD,Sell,0.40,1.23634,1.23624,0.0000,7.2000,1.0,11.20,0.04,01:13:46:23,5.6,2h 6m,51.6,2.07,16.8,67.2,-34.8,-139.2,32.6,69.4,-15.80,-63.20
04/02/2018 21:50,04/19/2018 11:36,EURUSD,Sell,0.10,1.23013,1.23624,0.0000,8.5500,-61.1,-52.55,-0.17,16:13:46:22,36.6,6d 1h ,193.1,1.35,82.2,82.2,-110.9,-110.9,42.6,25.8,-143.30,-143.30
04/02/2018 21:50,04/17/2018 10:13,EURUSD,Buy,0.10,1.23036,1.24036,0.0000,-15.4500,100.0,84.55,0.28,14:12:23:16,57.5,8d 8h ,111.7,0.85,100.1,100.1,-84.6,-84.6,54.2,99.9,-0.10,-0.10
03/30/2018 21:50,04/02/2018 14:33,EURUSD,Buy,1.60,1.23236,1.23327,0.0000,-16.4800,9.1,129.12,0.43,02:16:43:04,12.8,8h 17m,15.2,0.68,19.1,305.6,-12.9,-206.4,59.7,68.8,-10.00,-160.00
03/29/2018 21:50,04/02/2018 14:33,EURUSD,Buy,0.40,1.23081,1.23327,0.0000,-8.2400,24.6,90.16,0.30,03:16:43:16,95.7,3d 12h ,18.5,0.45,34.6,138.4,-15.5,-62.0,69.1,80.0,-10.00,-40.00
03/27/2018 21:50,04/02/2018 14:33,EURUSD,Buy,0.10,1.24031,1.23327,0.0000,-6.2200,-70.4,-76.62,-0.26,05:16:43:06,6.3,8h 36m,133.8,6.31,18.3,18.3,-115.5,-115.5,13.7,33.7,-88.70,-88.70
03/27/2018 21:50,03/29/2018 10:41,EURUSD,Sell,0.10,1.24004,1.23004,0.0000,1.6900,100.0,101.69,0.34,01:12:51:45,74.5,1d 3h ,32.9,0.20,102.9,102.9,-21.0,-21.0,83.1,97.7,-2.90,-2.90
03/26/2018 21:50,03/27/2018 12:52,EURUSD,Sell,0.40,1.24565,1.24153,0.0000,1.6900,41.2,166.49,0.56,00:15:02:49,88.9,13h 22m,31.1,0.37,46.0,184.0,-16.8,-67.2,73.2,92.4,-4.80,-19.20
03/08/2018 20:50,03/27/2018 12:52,EURUSD,Sell,0.10,1.23124,1.24153,0.0000,7.1600,-102.9,-95.74,-0.32,18:16:02:40,43.0,8d ,226.7,2.16,71.7,71.7,-155.0,-155.0,31.6,23.0,-174.60,-174.60
03/08/2018 20:50,03/26/2018 12:50,EURUSD,Buy,0.10,1.23150,1.24150,0.0000,-16.6400,100.0,83.36,0.28,17:16:00:23,52.8,9d 7h ,169.5,0.74,100.0,100.0,-74.3,-74.3,57.4,100.0,0.00,0.00
03/07/2018 20:50,03/08/2018 13:00,EURUSD,Sell,0.40,1.24083,1.23782,0.0000,5.0600,30.1,125.46,0.42,00:16:10:19,67.6,10h 55m,51.2,0.36,37.6,150.4,-13.6,-54.4,73.4,85.4,-7.50,-30.00
03/02/2018 20:50,03/08/2018 13:00,EURUSD,Sell,0.10,1.23199,1.23782,0.0000,2.1500,-58.3,-56.15,-0.19,05:16:10:18,6.7,9h 7m,158.0,2.80,41.6,41.6,-116.4,-116.4,26.3,36.8,-99.90,-99.90
03/02/2018 20:50,03/07/2018 01:01,EURUSD,Buy,0.10,1.23229,1.24229,0.0000,-3.1200,100.0,96.88,0.33,04:04:11:36,40.2,1d 16h ,78.9,0.43,104.1,104.1,-44.3,-44.3,70.1,97.2,-4.10,-4.10
03/01/2018 20:50,03/01/2018 21:23,EURUSD,Buy,1.60,1.21923,1.22097,0.0000,0.0000,17.4,278.40,0.95,00:00:33:39,,,,,,,,,,,,
02/28/2018 20:50,03/01/2018 21:23,EURUSD,Buy,0.40,1.22077,1.22097,0.0000,-12.4600,2.0,-4.46,-0.02,01:00:33:39,,,,,,,,,,,,
02/22/2018 20:50,03/01/2018 21:23,EURUSD,Buy,0.10,1.23227,1.22097,0.0000,-7.2700,-113.0,-120.27,-0.41,07:00:33:40,,,,,,,,,,,,
02/22/2018 20:50,02/28/2018 04:53,EURUSD,Sell,0.10,1.23199,1.22199,0.0000,0.9200,100.0,100.92,0.34,05:08:03:00,80.8,4d 7h ,73.1,0.33,103.8,103.8,-34.2,-34.2,75.2,97.2,-3.80,-3.80
02/21/2018 20:50,02/21/2018 21:11,EURUSD,Buy,0.40,1.23221,1.23537,0.0000,0.0000,31.6,126.40,0.43,00:00:21:01,4.8,1m,33.9,1.07,31.6,126.4,-33.9,-135.6,48.2,100.0,0.00,0.00
02/16/2018 20:57,02/21/2018 21:11,EURUSD,Buy,0.10,1.24183,1.23537,0.0000,-3.1200,-64.6,-67.72,-0.23,05:00:13:13,5.1,6h 7m,147.6,8.53,15.5,15.5,-132.1,-132.1,10.5,45.7,-80.10,-80.10
02/16/2018 20:57,02/21/2018 09:32,EURUSD,Sell,0.10,1.24153,1.23153,0.0000,0.6900,100.0,100.69,0.35,04:12:34:29,92.8,4d 4h ,43.4,0.18,100.9,100.9,-18.5,-18.5,84.5,99.2,-0.90,-0.90
02/16/2018 20:50,02/16/2018 20:57,EURUSD,Sell,0.40,1.24315,1.24183,0.0000,0.0000,13.2,52.80,0.18,00:00:07:47,14.3,1m,0.0,0.08,13.2,52.8,0.0,0.0,100.0,100.0,0.00,0.00
02/14/2018 20:50,02/16/2018 20:57,EURUSD,Sell,0.10,1.24275,1.24183,0.0000,0.9100,9.2,10.11,0.03,02:00:07:45,4.6,2h 12m,125.8,7.54,16.7,16.7,-125.8,-125.8,11.7,94.7,-7.50,-7.50
02/14/2018 20:50,02/16/2018 04:31,EURUSD,Buy,0.10,1.24303,1.25303,0.0000,-4.1500,100.0,95.85,0.33,01:07:41:15,100.0,1d 7h ,45.3,0.01,107.9,107.9,0.0,0.0,100.0,92.7,-7.90,-7.90
02/13/2018 20:50,02/14/2018 15:30,EURUSD,Sell,0.40,1.23504,1.23129,0.0000,0.9100,37.5,150.91,0.52,00:18:40:21,26.8,5h 0m,86.0,0.61,64.1,256.4,-39.1,-156.4,62.1,74.2,-26.60,-106.40
02/09/2018 20:50,02/14/2018 15:30,EURUSD,Sell,0.10,1.22248,1.23129,0.0000,0.6900,-88.1,-87.41,-0.30,04:18:40:27,0.0,0s,164.7,166.67,0.0,0.0,-164.7,-164.7,0.0,46.5,-88.10,-88.10
02/09/2018 20:50,02/13/2018 09:46,EURUSD,Buy,0.10,1.22297,1.23297,0.0000,-2.0800,100.0,97.92,0.34,03:12:56:52,100.0,3d 12h ,59.0,0.01,100.0,100.0,0.0,0.0,100.0,100.0,0.00,0.00
02/08/2018 20:50,02/09/2018 09:54,EURUSD,Buy,6.40,1.22695,1.22831,0.0000,-66.4300,13.6,803.97,2.87,00:13:04:38,13.4,1h 45m,29.2,1.87,15.6,998.4,-29.2,-1868.8,34.8,95.5,-2.00,-128.00
02/07/2018 20:50,02/09/2018 09:54,EURUSD,Buy,1.60,1.22637,1.22831,0.0000,-66.4300,19.4,243.97,0.88,01:13:04:38,40.4,14h 58m,75.6,1.64,28.6,457.6,-47.0,-752.0,37.8,87.8,-9.20,-147.20
02/02/2018 20:50,02/09/2018 09:54,EURUSD,Buy,0.10,1.24748,1.22831,0.0000,-7.2700,-191.7,-198.97,-0.70,06:13:04:39,0.0,0s,258.1,263.16,0.0,0.0,-258.1,-258.1,0.0,25.7,-191.70,-191.70
02/06/2018 20:50,02/09/2018 09:54,EURUSD,Buy,0.40,1.23991,1.22831,0.0000,-20.7600,-116.0,-484.76,-1.71,02:13:04:39,0.2,7m,182.6,1000.00,0.2,0.8,-182.4,-729.6,0.1,36.4,-116.20,-464.80
02/02/2018 20:50,02/05/2018 23:50,EURUSD,Sell,0.10,1.24721,1.23721,0.0000,0.2300,100.0,100.23,0.35,03:03:00:05,99.9,3d 2h ,43.7,0.00,106.6,106.6,-0.3,-0.3,99.7,93.8,-6.60,-6.60
02/01/2018 20:50,02/02/2018 15:35,EURUSD,Sell,0.40,1.24903,1.24568,0.0000,0.9100,33.5,134.91,0.48,00:18:45:55,27.9,5h 14m,28.3,0.80,33.5,134.0,-26.9,-107.6,55.5,100.0,0.00,0.00
01/30/2018 20:50,02/02/2018 15:35,EURUSD,Sell,0.10,1.23848,1.24568,0.0000,1.1400,-72.0,-70.86,-0.25,02:18:45:50,0.0,0s,134.6,135.14,0.0,0.0,-134.6,-134.6,0.0,46.5,-72.00,-72.00
01/30/2018 20:50,02/01/2018 19:03,EURUSD,Buy,0.10,1.23875,1.24875,0.0000,-4.1500,100.0,95.85,0.34,01:22:13:42,99.9,1d 22h ,84.9,0.00,106.5,106.5,-0.1,-0.1,99.9,93.9,-6.50,-6.50
01/29/2018 20:50,01/30/2018 11:56,EURUSD,Buy,0.40,1.23775,1.24035,0.0000,-4.1500,26.0,99.85,0.35,00:15:06:55,52.9,7h 59m,49.2,0.86,45.6,182.4,-39.1,-156.4,53.8,76.9,-19.60,-78.40
01/26/2018 20:50,01/30/2018 11:56,EURUSD,Buy,0.10,1.24454,1.24035,0.0000,-2.0800,-41.9,-43.98,-0.16,03:15:06:57,0.0,0s,108.4,108.70,0.0,0.0,-108.4,-108.4,0.0,61.3,-41.90,-41.90
01/26/2018 20:50,01/29/2018 18:19,EURUSD,Sell,0.10,1.24428,1.23428,0.0000,0.2300,100.0,100.23,0.36,02:21:29:48,100.0,2d 21h ,39.5,0.01,105.8,105.8,0.0,0.0,100.0,94.5,-5.80,-5.80
01/25/2018 20:50,01/25/2018 21:04,EURUSD,Sell,1.60,1.24735,1.24416,0.0000,0.0000,31.9,510.40,1.85,00:00:14:20,100.0,14m,35.0,0.01,66.9,1070.4,0.0,0.0,100.0,47.7,-35.00,-560.00
01/24/2018 20:50,01/25/2018 21:04,EURUSD,Sell,0.40,1.24021,1.24416,0.0000,2.7200,-39.5,-155.28,-0.56,01:00:14:20,18.7,4h 31m,134.8,4.24,28.2,112.8,-119.6,-478.4,19.1,54.2,-67.70,-270.80
01/16/2018 20:50,01/25/2018 21:04,EURUSD,Sell,0.10,1.22630,1.24416,0.0000,2.5100,-178.6,-176.09,-0.63,09:00:14:19,44.7,4d ,353.8,2.61,97.9,97.9,-255.9,-255.9,27.7,21.8,-276.50,-276.50
01/16/2018 20:50,01/24/2018 15:58,EURUSD,Buy,0.10,1.22656,1.23656,0.0000,-8.3100,100.0,91.69,0.33,07:19:08:02,46.0,3d 14h ,138.0,1.00,100.4,100.4,-100.5,-100.5,50.0,99.8,-0.40,-0.40
01/15/2018 20:50,01/16/2018 09:10,EURUSD,Sell,1.60,1.22720,1.22271,0.0000,3.6300,44.9,722.03,2.67,00:12:20:38,94.1,11h 36m,33.2,0.17,53.1,849.6,-9.1,-145.6,85.4,86.8,-8.20,-131.20
01/08/2018 20:50,01/16/2018 09:10,EURUSD,Sell,0.10,1.19606,1.22271,0.0000,1.6000,-266.5,-264.90,-0.96,07:12:20:33,25.0,1d 21h ,372.7,7.69,42.9,42.9,-329.8,-329.8,11.5,17.0,-309.40,-309.40
01/12/2018 20:50,01/16/2018 09:10,EURUSD,Sell,0.40,1.21573,1.22271,0.0000,0.9100,-69.8,-278.29,-1.02,03:12:20:44,0.0,0s,134.4,135.14,0.0,0.0,-134.4,-537.6,0.0,48.1,-69.80,-279.20
01/08/2018 20:50,01/12/2018 02:11,EURUSD,Buy,0.10,1.19631,1.20631,0.0000,-6.2300,100.0,93.77,0.34,03:05:20:58,40.7,1d 7h ,83.0,0.46,100.0,100.0,-46.1,-46.1,68.4,100.0,0.00,0.00
12/20/2017 20:50,12/21/2017 16:13,EURUSD,Sell,0.40,1.18819,1.18512,0.0000,3.8500,30.7,126.65,0.46,00:19:22:59,98.3,19h 3m,24.5,0.19,30.7,122.8,-5.8,-23.2,84.1,100.0,0.00,0.00
12/11/2017 20:50,12/21/2017 16:13,EURUSD,Sell,0.10,1.17906,1.18512,0.0000,3.8400,-60.6,-56.76,-0.21,09:19:22:58,59.7,5d 20h ,179.1,1.58,69.5,69.5,-109.6,-109.6,38.8,27.4,-130.10,-130.10
12/11/2017 20:50,12/20/2017 17:37,EURUSD,Buy,0.10,1.17933,1.18933,0.0000,-7.6600,100.0,92.34,0.34,08:20:47:45,32.2,2d 20h ,106.5,0.71,101.9,101.9,-72.2,-72.2,58.5,98.9,-1.90,-1.90
12/08/2017 20:50,12/11/2017 11:38,EURUSD,Buy,0.40,1.17641,1.17959,0.0000,-3.4200,31.8,123.78,0.45,02:14:48:06,23.4,14h 41m,14.8,0.02,33.6,134.4,-0.6,-2.4,98.2,94.7,-1.80,-7.20
11/28/2017 20:50,12/11/2017 11:38,EURUSD,Buy,0.10,1.18609,1.17959,0.0000,-11.0700,-65.0,-76.07,-0.28,12:14:48:04,37.0,4d 16h ,198.9,1.77,71.8,71.8,-127.1,-127.1,36.1,31.2,-136.80,-136.80
11/28/2017 20:50,12/08/2017 08:23,EURUSD,Sell,0.10,1.18587,1.17587,0.0000,3.8400,100.0,103.84,0.38,09:11:33:09,48.8,4d 15h ,114.1,0.74,100.0,100.0,-74.0,-74.0,57.5,100.0,0.00,0.00
11/27/2017 20:50,11/28/2017 09:18,EURUSD,Sell,1.60,1.19017,1.18913,0.0000,5.1400,10.4,171.54,0.63,00:12:28:14,46.7,5h 49m,15.7,0.71,11.8,188.8,-8.4,-134.4,58.4,93.1,-1.40,-22.40
11/24/2017 20:50,11/28/2017 09:18,EURUSD,Sell,0.40,1.19234,1.18913,0.0000,2.5600,32.1,130.96,0.49,03:12:28:14,26.2,22h 7m,48.1,1.09,33.5,134.0,-36.6,-146.4,47.8,98.0,-1.40,-5.60
11/16/2017 20:50,11/28/2017 09:18,EURUSD,Sell,0.10,1.17696,1.18913,0.0000,3.2000,-121.7,-118.50,-0.44,11:12:28:18,21.3,2d 10h ,243.2,3.51,53.9,53.9,-189.3,-189.3,22.2,27.8,-175.60,-175.60
11/16/2017 20:50,11/24/2017 11:09,EURUSD,Buy,0.10,1.17722,1.18722,0.0000,-6.8100,100.0,93.19,0.35,07:14:19:43,66.6,5d 1h ,104.6,0.57,100.0,100.0,-56.6,-56.6,63.9,100.0,0.00,0.00
11/15/2017 20:50,11/16/2017 00:27,EURUSD,Sell,1.60,1.18006,1.17837,0.0000,15.4100,16.9,285.81,1.07,00:03:37:10,100.0,3h 37m,3.6,0.05,20.3,324.8,0.0,0.0,100.0,83.3,-3.40,-54.40
11/14/2017 20:50,11/16/2017 00:27,EURUSD,Sell,0.40,1.17972,1.17837,0.0000,5.1300,13.5,59.13,0.22,01:03:37:15,56.5,15h 36m,71.7,3.63,16.9,67.6,-61.4,-245.6,21.6,95.7,-3.40,-13.60
10/30/2017 21:50,11/16/2017 00:27,EURUSD,Sell,0.10,1.16324,1.17837,0.0000,6.0800,-151.3,-145.22,-0.54,16:02:37:17,41.8,6d 17h ,285.4,3.01,71.2,71.2,-214.2,-214.2,24.9,22.0,-222.50,-222.50
10/30/2017 21:50,11/14/2017 14:30,EURUSD,Buy,0.10,1.16349,1.17349,0.0000,-12.7700,100.0,87.23,0.33,14:16:40:49,52.5,7d 17h ,112.4,0.72,102.6,102.6,-73.7,-73.7,58.2,98.5,-2.60,-2.60
10/27/2017 21:50,10/30/2017 11:19,EURUSD,Buy,1.60,1.15967,1.16278,0.0000,-13.6600,31.1,483.94,1.85,02:13:29:32,22.4,13h 46m,17.8,0.07,32.2,515.2,-2.4,-38.4,93.1,96.8,-1.10,-17.60
10/26/2017 21:50,10/30/2017 11:19,EURUSD,Buy,0.40,1.16653,1.16278,0.0000,-6.8400,-37.5,-156.84,-0.60,03:13:29:36,0.0,0s,88.6,89.29,0.0,0.0,-88.6,-354.4,0.0,57.7,-37.50,-150.00
10/10/2017 21:50,10/30/2017 11:19,EURUSD,Buy,0.10,1.18035,1.16278,0.0000,-17.0300,-175.7,-192.73,-0.73,19:13:29:30,38.2,7d 11h ,297.7,3.01,74.3,74.3,-223.4,-223.4,25.0,16.0,-250.00,-250.00
10/10/2017 21:50,10/26/2017 17:57,EURUSD,Sell,0.10,1.18011,1.17011,0.0000,5.7600,100.0,105.76,0.40,15:20:07:22,50.6,8d ,110.7,0.73,104.4,104.4,-76.7,-76.7,57.6,97.6,-4.40,-4.40
10/06/2017 21:50,10/10/2017 04:13,EURUSD,Buy,0.40,1.17315,1.17586,0.0000,-6.8400,27.1,101.56,0.39,03:06:23:46,36.3,1d 4h ,26.6,0.37,29.9,119.6,-11.0,-44.0,73.1,93.2,-2.80,-11.20
10/09/2017 21:50,10/10/2017 04:13,EURUSD,Buy,1.60,1.17528,1.17586,0.0000,-13.6600,5.8,79.14,0.30,00:06:23:49,49.4,3h 9m,13.0,1.49,8.7,139.2,-13.0,-208.0,40.1,86.6,-2.90,-46.40
09/28/2017 21:50,10/10/2017 04:13,EURUSD,Buy,0.10,1.17878,1.17586,0.0000,-8.5100,-29.2,-37.71,-0.14,11:06:23:48,24.7,2d 18h ,147.5,2.54,41.7,41.7,-105.8,-105.8,28.3,51.9,-70.90,-70.90
09/28/2017 21:50,10/06/2017 15:30,EURUSD,Sell,0.10,1.17852,1.16852,0.0000,2.5600,100.0,102.56,0.39,07:17:40:04,63.7,4d 22h ,85.9,0.39,113.7,113.7,-44.3,-44.3,72.0,91.3,-13.70,-13.70
09/27/2017 21:50,09/28/2017 13:47,EURUSD,Buy,6.40,1.17595,1.17787,0.0000,-163.9700,19.2,1064.83,4.24,00:15:56:59,33.0,5h 15m,37.6,1.52,24.7,1580.8,-37.6,-2406.4,39.6,91.2,-5.50,-352.00
09/15/2017 21:50,09/28/2017 13:47,EURUSD,Buy,0.10,1.19413,1.17787,0.0000,-11.2200,-162.6,-173.82,-0.67,12:15:57:00,27.8,3d 12h ,294.5,3.00,73.7,73.7,-220.8,-220.8,25.0,19.8,-236.30,-236.30
09/25/2017 21:50,09/28/2017 13:47,EURUSD,Buy,0.40,1.18440,1.17787,0.0000,-17.0900,-65.3,-278.29,-1.08,02:15:57:01,13.2,8h 26m,140.9,7.24,17.1,68.4,-123.8,-495.2,12.1,41.5,-82.40,-329.60
09/26/2017 21:50,09/28/2017 13:47,EURUSD,Buy,1.60,1.17961,1.17787,0.0000,-54.6500,-17.4,-333.05,-1.31,01:15:57:01,0.0,0s,75.9,76.34,0.0,0.0,-75.9,-1214.4,0.0,77.1,-17.40,-278.40
09/15/2017 21:50,09/25/2017 19:19,EURUSD,Sell,0.10,1.19387,1.18387,0.0000,2.2900,100.0,102.29,0.40,09:21:29:49,43.0,4d 6h ,128.2,0.76,100.0,100.0,-76.3,-76.3,56.7,100.0,0.00,0.00
09/14/2017 21:50,09/15/2017 12:12,EURUSD,Buy,0.40,1.19174,1.19395,0.0000,-3.6000,22.1,84.80,0.33,00:14:21:40,47.1,6h 45m,21.9,0.55,29.0,116.0,-15.9,-63.6,64.6,84.6,-6.90,-27.60
09/11/2017 21:50,09/15/2017 12:12,EURUSD,Buy,0.10,1.19657,1.19395,0.0000,-5.4000,-26.2,-31.60,-0.12,03:14:21:58,21.8,18h 49m,150.4,4.41,27.8,27.8,-122.6,-122.6,18.5,64.1,-54.00,-54.00
09/11/2017 21:50,09/14/2017 15:30,EURUSD,Sell,0.10,1.19633,1.18633,0.0000,1.1600,100.0,101.16,0.39,02:17:40:00,66.8,1d 19h ,65.1,0.25,120.2,120.2,-30.2,-30.2,79.9,86.6,-20.20,-20.20
09/08/2017 21:50,09/11/2017 04:29,EURUSD,Sell,1.60,1.20281,1.20073,0.0000,3.7300,20.8,336.53,1.33,02:06:39:28,13.8,7h 32m,9.0,0.15,26.5,424.0,4.0,64.0,117.8,74.7,-5.70,-91.20
09/07/2017 21:50,09/11/2017 04:29,EURUSD,Sell,0.40,1.19964,1.20073,0.0000,1.8600,-10.9,-41.74,-0.16,03:06:39:29,0.0,0s,94.4,95.24,0.0,0.0,-94.4,-377.6,0.0,88.5,-10.90,-43.60
08/30/2017 21:50,09/11/2017 04:29,EURUSD,Sell,0.10,1.18903,1.20073,0.0000,2.7800,-117.0,-114.22,-0.45,11:06:39:28,31.8,3d 14h ,265.5,3.09,65.0,65.0,-200.5,-200.5,24.5,31.5,-182.00,-182.00
08/30/2017 21:50,09/07/2017 15:34,EURUSD,Buy,0.10,1.18934,1.19934,0.0000,-9.0000,100.0,91.00,0.36,07:17:44:06,50.1,3d 21h ,75.9,0.51,133.0,133.0,-68.1,-68.1,66.1,83.6,-33.00,-33.00
08/30/2017 21:50,08/31/2017 00:02,EURUSD,Sell,0.40,1.18908,1.18863,0.0000,2.8000,4.5,20.80,0.08,00:02:12:27,0.8,1m,0.0,0.22,4.5,18.0,0.0,0.0,100.0,100.0,0.00,0.00
08/29/2017 21:50,08/29/2017 22:20,EURUSD,Sell,6.40,1.19924,1.19751,0.0000,0.0000,17.3,1107.20,4.57,00:00:30:38,3.4,1m,0.0,0.06,17.3,1107.2,0.0,0.0,100.0,100.0,0.00,0.00
08/28/2017 21:50,08/29/2017 22:20,EURUSD,Sell,1.60,1.19782,1.19751,0.0000,3.7300,3.1,53.33,0.22,01:00:30:28,43.6,10h 41m,105.7,4.68,18.6,297.6,-87.1,-1393.6,17.6,85.3,-15.50,-248.00
08/18/2017 21:50,08/29/2017 22:20,EURUSD,Sell,0.10,1.17561,1.19751,0.0000,2.0000,-219.0,-217.00,-0.87,11:00:30:27,6.9,18h 15m,325.8,15.90,19.3,19.3,-306.5,-306.5,5.9,26.9,-238.30,-238.30
08/25/2017 21:50,08/29/2017 22:20,EURUSD,Sell,0.40,1.18719,1.19751,0.0000,1.8600,-103.2,-410.94,-1.67,04:00:30:38,0.0,0s,193.4,4.13,-46.8,-187.2,-193.4,-773.6,-31.9,61.5,-56.40,-225.60
08/18/2017 21:50,08/25/2017 17:01,EURUSD,Buy,0.10,1.17590,1.18590,0.0000,-6.3000,100.0,93.70,0.38,06:19:11:44,57.0,3d 21h ,77.8,0.22,100.9,100.9,-22.5,-22.5,81.8,99.3,-0.90,-0.90
08/17/2017 21:50,08/18/2017 12:04,EURUSD,Buy,0.40,1.17471,1.17644,0.0000,-3.6000,17.3,65.60,0.27,00:14:14:37,26.6,3h 47m,38.6,2.23,17.3,69.2,-38.6,-154.4,30.9,100.0,0.00,0.00
08/16/2017 21:50,08/18/2017 12:04,EURUSD,Buy,0.10,1.17716,1.17644,0.0000,-3.6000,-7.2,-10.80,-0.04,01:14:14:36,19.3,7h 22m,118.2,5.79,17.4,17.4,-100.8,-100.8,14.7,79.2,-24.60,-24.60
08/16/2017 21:50,08/17/2017 14:30,EURUSD,Sell,0.10,1.17689,1.16689,0.0000,0.5800,100.0,100.58,0.41,00:16:40:12,50.2,8h 22m,24.5,0.21,100.0,100.0,-20.6,-20.6,82.9,100.0,0.00,0.00
08/15/2017 21:50,08/16/2017 21:11,EURUSD,Buy,0.40,1.17353,1.17667,0.0000,-3.6000,31.4,122.00,0.50,00:23:21:37,53.6,12h 31m,69.5,1.51,31.4,125.6,-47.4,-189.6,39.8,100.0,0.00,0.00
08/11/2017 21:50,08/16/2017 21:11,EURUSD,Buy,0.10,1.18301,1.17667,0.0000,-2.7000,-63.4,-66.10,-0.27,04:23:21:38,0.9,1h 4m,146.1,36.50,3.9,3.9,-142.2,-142.2,2.7,53.9,-67.30,-67.30
08/11/2017 21:50,08/15/2017 10:10,EURUSD,Sell,0.10,1.18272,1.17272,0.0000,0.3800,100.0,100.38,0.41,03:12:20:21,41.7,1d 11h ,23.2,0.07,104.2,104.2,-6.8,-6.8,93.9,96.2,-4.20,-4.20
08/10/2017 21:50,08/10/2017 22:02,EURUSD,Buy,1.60,1.17684,1.17762,0.0000,0.0000,7.8,124.80,0.51,00:00:12:49,8.4,1m,0.0,0.13,7.8,124.8,0.0,0.0,100.0,100.0,0.00,0.00
08/09/2017 21:50,08/10/2017 22:02,EURUSD,Buy,0.40,1.17597,1.17762,0.0000,-10.8100,16.5,55.19,0.23,01:00:12:48,22.1,5h 21m,61.1,3.18,17.3,69.2,-55.0,-220.0,23.9,98.9,-0.80,-3.20
08/07/2017 21:50,08/10/2017 22:02,EURUSD,Buy,0.10,1.17937,1.17762,0.0000,-4.5000,-17.5,-22.00,-0.09,03:00:12:49,22.0,15h 53m,122.1,3.66,26.2,26.2,-95.9,-95.9,21.5,64.2,-43.70,-43.70
08/07/2017 21:50,08/09/2017 16:18,EURUSD,Sell,0.10,1.17910,1.16910,0.0000,0.3800,100.0,100.38,0.42,01:18:28:18,61.9,1d 2h ,39.4,0.29,100.0,100.0,-28.9,-28.9,77.6,100.0,0.00,0.00
08/04/2017 21:50,08/07/2017 06:43,EURUSD,Buy,0.40,1.17678,1.17999,0.0000,-3.6000,32.1,124.80,0.52,02:08:53:58,17.2,9h 47m,14.9,0.08,33.9,135.6,2.7,10.8,108.7,94.2,-1.80,-7.20
08/03/2017 21:50,08/07/2017 06:43,EURUSD,Buy,0.10,1.18663,1.17999,0.0000,-1.8000,-66.4,-68.20,-0.28,03:08:53:51,18.0,14h 33m,147.1,6.32,20.1,20.1,-127.0,-127.0,13.7,41.2,-86.50,-86.50
08/03/2017 21:50,08/04/2017 17:06,EURUSD,Sell,0.10,1.18634,1.17634,0.0000,0.1900,100.0,100.19,0.42,00:19:16:46,24.1,4h 38m,32.4,0.23,110.3,110.3,-24.9,-24.9,81.6,92.4,-10.30,-10.30
08/02/2017 21:50,08/03/2017 11:09,EURUSD,Sell,0.80,1.18564,1.18338,0.0000,4.6300,22.6,185.43,0.78,00:13:19:09,99.5,13h 15m,21.5,0.04,25.5,204.0,-1.0,-8.0,96.2,89.1,-2.90,-23.20
08/01/2017 21:50,08/03/2017 11:09,EURUSD,Sell,0.20,1.18056,1.18338,0.0000,1.5200,-28.2,-54.88,-0.23,01:13:19:07,5.2,1h 56m,105.2,8.66,10.9,21.8,-94.3,-188.6,10.4,62.8,-39.10,-78.20
08/01/2017 21:50,08/02/2017 20:10,EURUSD,Buy,0.20,1.18077,1.19077,0.0000,-1.6900,100.0,198.31,0.84,00:22:20:44,85.1,19h 0m,44.5,0.13,100.0,200.0,-13.0,-26.0,88.5,100.0,0.00,0.00
07/31/2017 21:50,08/01/2017 17:46,EURUSD,Sell,12.80,1.18289,1.17979,0.0000,23.1700,31.0,3991.17,20.29,00:19:56:34,81.6,16h 16m,27.0,0.20,34.2,4377.6,-6.7,-857.6,83.6,92.2,-3.20,-409.60
07/19/2017 21:50,08/01/2017 17:46,EURUSD,Sell,0.20,1.15142,1.17979,0.0000,4.7000,-283.7,-562.70,-2.49,12:19:55:58,2.6,8h 0m,358.3,11.20,29.4,58.8,-328.9,-657.8,8.2,12.6,-313.10,-626.20
07/27/2017 21:50,08/01/2017 17:46,EURUSD,Sell,0.80,1.16863,1.17979,0.0000,4.3500,-111.6,-888.45,-4.04,04:19:56:34,4.4,5h 6m,171.0,11.40,13.8,110.4,-157.2,-1257.6,8.1,26.7,-125.40,-1003.20
07/28/2017 21:50,08/01/2017 17:46,EURUSD,Sell,3.20,1.17520,1.17979,0.0000,11.5800,-45.9,-1457.22,-6.90,03:19:56:23,17.1,15h 43m,119.2,3.30,27.7,886.4,-91.5,-2928.0,23.2,38.3,-73.60,-2355.20
07/20/2017 21:50,07/26/2017 22:00,EURUSD,Buy,0.20,1.16238,1.17238,0.0000,-6.7600,100.0,193.24,0.86,06:00:10:50,99.4,5d 23h ,81.4,0.02,109.9,219.8,-2.1,-4.2,98.1,91.2,-9.90,-19.80
07/19/2017 21:50,07/20/2017 17:31,EURUSD,Buy,0.20,1.15167,1.16167,0.0000,-5.0700,100.0,194.93,0.88,00:19:40:45,55.6,10h 56m,52.3,0.36,101.8,203.6,-36.6,-73.2,73.6,98.7,-1.80,-3.60
07/18/2017 21:50,07/19/2017 17:38,EURUSD,Sell,0.80,1.15560,1.15128,0.0000,1.4500,43.2,347.05,1.59,00:19:48:33,100.0,19h 48m,22.1,0.02,45.8,366.4,0.0,0.0,100.0,94.3,-2.60,-20.80
07/13/2017 21:50,07/19/2017 17:38,EURUSD,Sell,0.20,1.14020,1.15128,0.0000,1.4400,-110.8,-220.16,-1.00,05:19:48:31,2.2,3h 4m,186.4,26.88,6.7,13.4,-179.7,-359.4,3.6,37.0,-117.50,-235.00
07/13/2017 21:50,07/18/2017 04:05,EURUSD,Buy,0.20,1.14047,1.15047,0.0000,-5.0700,100.0,194.93,0.89,04:06:15:38,95.7,4d 1h ,36.8,0.10,113.3,226.6,-11.4,-22.8,90.9,89.3,-13.30,-26.60
07/12/2017 21:50,07/13/2017 12:50,EURUSD,Sell,0.80,1.14140,1.13946,0.0000,4.3400,19.4,159.54,0.73,00:15:00:36,33.4,5h 0m,43.1,1.47,28.1,224.8,-41.4,-331.2,40.4,87.5,-8.70,-69.60
06/28/2017 21:50,07/13/2017 12:50,EURUSD,Sell,0.20,1.13789,1.13946,0.0000,6.1500,-15.7,-25.25,-0.12,14:15:00:30,21.4,3d 3h ,165.4,1.82,58.6,117.2,-106.8,-213.6,35.4,55.1,-74.30,-148.60
06/28/2017 21:50,07/12/2017 05:27,EURUSD,Buy,0.20,1.13817,1.14817,0.0000,-23.6600,100.0,176.34,0.82,13:07:37:25,76.1,10d 3h ,124.3,0.61,101.0,202.0,-62.0,-124.0,62.0,99.4,-1.00,-2.00
06/27/2017 21:50,06/28/2017 15:18,EURUSD,Sell,0.80,1.13394,1.13005,0.0000,1.4500,38.9,312.65,1.47,00:17:28:01,28.1,4h 54m,52.1,0.99,47.7,381.6,-47.3,-378.4,50.2,90.7,-8.80,-70.40
05/24/2017 21:50,06/28/2017 15:18,EURUSD,Sell,0.20,1.12068,1.13005,0.0000,4.5500,-93.7,-182.85,-0.85,34:17:28:00,62.3,21d 15h ,261.9,1.89,90.6,181.2,-171.3,-342.6,34.6,29.6,-184.30,-368.60
05/24/2017 21:50,06/27/2017 18:56,EURUSD,Buy,0.20,1.12094,1.13094,0.0000,-50.7500,100.0,149.25,0.70,33:21:06:30,34.6,11d 17h ,159.3,0.92,101.2,202.4,-93.2,-186.4,52.1,99.4,-1.20,-2.40
05/22/2017 21:50,05/23/2017 22:20,EURUSD,Sell,0.20,1.12389,1.11787,0.0000,0.0600,60.2,120.46,0.57,01:00:30:34,56.2,13h 46m,41.1,0.43,61.8,123.6,-26.5,-53.0,70.0,98.2,-1.60,-3.20
05/23/2017 21:50,05/23/2017 22:20,EURUSD,Sell,0.80,1.11791,1.11787,0.0000,0.0000,0.4,3.20,0.02,00:00:30:42,3.4,1m,0.0,2.50,0.4,3.2,0.0,0.0,100.0,100.0,0.00,0.00
05/22/2017 21:50,05/23/2017 10:14,EURUSD,Buy,0.80,1.12417,1.12542,0.0000,-5.7800,12.5,94.22,0.45,00:12:24:27,69.9,8h 40m,30.4,1.47,12.5,100.0,-18.4,-147.2,40.5,100.0,0.00,0.00
05/22/2017 21:50,05/23/2017 10:14,EURUSD,Buy,0.20,1.12420,1.12542,0.0000,-1.4400,12.2,22.96,0.11,00:12:24:29,69.4,8h 36m,30.4,1.53,12.2,24.4,-18.7,-37.4,39.5,100.0,0.00,0.00
05/19/2017 21:50,05/22/2017 10:37,EURUSD,Sell,0.80,1.12056,1.11712,0.0000,0.2600,34.4,275.46,1.33,02:12:47:07,20.7,12h 34m,15.8,0.09,40.0,320.0,-3.7,-29.6,91.5,87.2,-5.60,-44.80
05/18/2017 21:50,05/22/2017 10:37,EURUSD,Sell,0.20,1.10956,1.11712,0.0000,0.1200,-75.6,-151.08,-0.72,03:12:47:07,0.0,0s,115.1,116.28,0.0,0.0,-115.1,-230.2,0.0,34.3,-75.60,-151.20
05/18/2017 21:50,05/19/2017 20:32,EURUSD,Buy,0.20,1.10984,1.11984,0.0000,-1.4400,100.0,198.56,0.96,00:22:42:28,100.0,22h 42m,14.9,0.01,110.6,221.2,0.0,0.0,100.0,90.4,-10.60,-21.20
05/17/2017 21:50,05/18/2017 12:18,EURUSD,Sell,3.20,1.11533,1.11227,0.0000,3.0700,30.6,982.27,4.98,00:14:27:55,57.1,8h 15m,20.7,0.57,33.1,1059.2,-18.8,-601.6,63.8,95.2,-2.50,-80.00
05/16/2017 21:50,05/18/2017 12:18,EURUSD,Sell,0.80,1.10915,1.11227,0.0000,1.0300,-31.2,-248.57,-1.24,01:14:27:59,5.7,2h 11m,85.6,9.44,8.2,65.6,-77.4,-619.2,9.6,54.0,-39.40,-315.20
05/08/2017 21:50,05/18/2017 12:18,EURUSD,Sell,0.20,1.09311,1.11227,0.0000,0.7400,-191.6,-382.46,-1.88,09:14:27:55,44.1,4d 5h ,318.2,2.88,82.1,164.2,-236.1,-472.2,25.8,14.0,-273.70,-547.40
05/08/2017 21:50,05/16/2017 10:34,EURUSD,Buy,0.20,1.09339,1.10339,0.0000,-11.5300,100.0,188.47,0.93,07:12:44:28,16.1,1d 5h ,84.8,0.85,100.0,200.0,-84.8,-169.6,54.1,100.0,0.00,0.00
05/05/2017 21:50,05/08/2017 11:56,EURUSD,Sell,0.80,1.09848,1.09535,0.0000,0.2600,31.3,250.66,1.26,02:14:06:24,13.8,8h 34m,35.3,1.07,32.9,263.2,-35.2,-281.6,48.3,97.7,-1.60,-12.80
04/26/2017 21:50,05/08/2017 11:56,EURUSD,Sell,0.20,1.08902,1.09535,0.0000,0.8200,-63.3,-125.78,-0.63,11:14:06:22,9.9,1d 3h ,165.7,3.47,37.1,74.2,-128.6,-257.2,22.4,39.4,-100.40,-200.80
04/26/2017 21:50,05/05/2017 18:37,EURUSD,Buy,0.20,1.08927,1.09927,0.0000,-15.7900,100.0,184.21,0.93,08:20:47:38,84.3,7d 11h ,65.7,0.40,100.0,200.0,-39.6,-79.2,71.6,100.0,0.00,0.00
04/25/2017 21:50,04/26/2017 11:38,EURUSD,Sell,3.20,1.09365,1.09008,0.0000,1.2500,35.7,1143.65,6.11,00:13:48:32,63.9,8h 49m,26.5,0.35,38.6,1235.2,-13.4,-428.8,74.2,94.4,-2.90,-92.80
04/24/2017 21:50,04/26/2017 11:38,EURUSD,Sell,0.80,1.08522,1.09008,0.0000,0.6200,-48.6,-388.18,-2.03,01:13:48:31,0.0,0s,97.7,98.04,0.0,0.0,-97.7,-781.6,0.0,50.3,-48.60,-388.80
04/21/2017 21:50,04/26/2017 11:38,EURUSD,Sell,0.20,1.06971,1.09008,0.0000,0.2400,-203.7,-407.16,-2.09,04:13:48:30,0.6,39m,252.8,2.01,-125.8,-251.6,-252.8,-505.6,-99.1,38.7,-77.90,-155.80
04/21/2017 21:50,04/24/2017 00:00,EURUSD,Buy,0.20,1.07001,1.08001,0.0000,-1.4300,100.0,198.57,1.03,02:02:10:10,98.3,2d 1h ,115.5,0.46,215.5,431.0,100.0,200.0,186.6,0.0,-115.50,-231.00
04/20/2017 21:50,04/21/2017 13:17,EURUSD,Sell,0.80,1.07171,1.06946,0.0000,0.3100,22.5,180.31,0.94,00:15:27:47,47.5,7h 20m,27.4,0.69,24.9,199.2,-17.3,-138.4,59.0,94.3,-2.40,-19.20
04/05/2017 21:50,04/21/2017 13:17,EURUSD,Sell,0.20,1.06665,1.06946,0.0000,1.4100,-28.1,-54.79,-0.29,15:15:27:52,75.8,11d 20h ,199.7,1.10,95.0,190.0,-104.7,-209.4,47.6,38.4,-123.10,-246.20
04/05/2017 21:50,04/20/2017 11:48,EURUSD,Buy,0.20,1.06692,1.07692,0.0000,-24.2800,100.0,175.72,0.92,14:13:58:51,17.3,2d 12h ,110.4,0.96,102.2,204.4,-97.7,-195.4,51.1,98.9,-2.20,-4.40
04/03/2017 21:50,04/05/2017 00:58,EURUSD,Buy,12.80,1.06667,1.06782,0.0000,-182.5200,11.5,1289.48,7.27,01:03:08:31,44.4,12h 3m,36.2,2.02,14.6,1868.8,-29.5,-3776.0,33.1,93.0,-3.10,-396.80
03/31/2017 21:50,04/05/2017 00:58,EURUSD,Buy,3.20,1.06806,1.06782,0.0000,-68.4600,-2.4,-145.26,-0.81,04:03:08:30,0.2,11m,43.6,62.11,0.7,22.4,-43.4,-1388.8,1.6,93.0,-3.10,-99.20
03/30/2017 21:50,04/05/2017 00:58,EURUSD,Buy,0.80,1.06898,1.06782,0.0000,-22.8000,-11.6,-115.60,-0.64,05:03:08:29,3.3,4h 3m,61.8,5.72,9.2,73.6,-52.6,-420.8,14.9,66.3,-20.80,-166.40
03/28/2017 21:50,04/05/2017 00:58,EURUSD,Buy,0.20,1.08068,1.06782,0.0000,-11.4300,-128.6,-268.63,-1.47,07:03:08:27,6.2,10h 36m,183.8,8.94,18.5,37.0,-165.3,-330.6,10.1,20.0,-147.10,-294.20
03/28/2017 21:50,03/30/2017 19:59,EURUSD,Sell,0.20,1.08042,1.07042,0.0000,0.3100,100.0,200.31,1.11,01:22:09:24,76.2,1d 11h ,29.4,0.21,100.1,200.2,-21.5,-43.0,82.3,99.9,-0.10,-0.20
03/27/2017 21:50,03/28/2017 20:38,EURUSD,Sell,0.80,1.08672,1.08284,0.0000,0.3100,38.8,310.71,1.75,00:22:48:44,94.6,21h 34m,25.6,0.09,44.5,356.0,-4.2,-33.6,91.4,88.3,-5.70,-45.60
03/20/2017 21:50,03/28/2017 20:38,EURUSD,Sell,0.20,1.07350,1.08284,0.0000,2.0500,-93.4,-184.75,-1.03,07:22:48:41,0.4,45m,174.4,20.83,8.0,16.0,-166.4,-332.8,4.6,41.9,-101.40,-202.80
03/20/2017 21:50,03/27/2017 01:32,EURUSD,Buy,0.20,1.07375,1.08375,0.0000,-7.5000,100.0,192.50,1.09,06:03:42:21,98.7,6d 1h ,56.3,0.10,104.0,208.0,-10.6,-21.2,90.8,96.5,-4.00,-8.00
03/17/2017 21:50,03/20/2017 20:54,EURUSD,Sell,3.20,1.07472,1.07293,0.0000,4.5400,17.9,577.34,3.36,02:23:04:03,77.6,2d 7h ,38.5,1.33,20.8,665.6,-27.6,-883.2,43.0,94.0,-2.90,-92.80
03/16/2017 21:50,03/20/2017 20:54,EURUSD,Sell,0.80,1.07313,1.07293,0.0000,2.2800,2.0,18.28,0.11,03:23:04:02,0.3,17m,50.0,10.20,4.9,39.2,-50.0,-400.0,8.9,94.7,-2.90,-23.20
03/14/2017 21:50,03/20/2017 20:54,EURUSD,Sell,0.20,1.06077,1.07293,0.0000,1.6900,-121.6,-241.51,-1.39,05:23:04:02,1.8,2h 34m,180.4,25.97,6.7,13.4,-173.7,-347.4,3.7,28.9,-128.30,-256.60
03/14/2017 21:50,03/15/2017 22:00,EURUSD,Buy,0.20,1.06104,1.07104,0.0000,-1.0700,100.0,198.93,1.16,01:00:10:34,82.5,19h 56m,26.9,0.09,104.1,208.2,-9.3,-18.6,91.8,96.4,-4.10,-8.20
03/13/2017 21:50,03/14/2017 02:04,EURUSD,Sell,3.20,1.06575,1.06492,0.0000,4.6100,8.3,270.21,1.60,00:04:14:01,90.2,3h 49m,3.8,0.38,8.5,272.0,-3.2,-102.4,72.6,98.3,-0.20,-6.40
03/10/2017 20:50,03/14/2017 02:04,EURUSD,Sell,0.80,1.06806,1.06492,0.0000,2.3000,31.4,253.50,1.52,03:05:14:05,82.7,2d 15h ,36.7,1.00,31.4,251.2,-31.5,-252.0,49.9,100.0,0.00,0.00
02/23/2017 20:50,03/14/2017 02:04,EURUSD,Sell,0.20,1.05643,1.06492,0.0000,4.9100,-84.9,-164.89,-0.98,18:05:14:04,34.2,6d 5h ,216.1,2.16,68.3,136.6,-147.8,-295.6,31.6,29.1,-153.20,-306.40
02/23/2017 20:50,03/10/2017 17:55,EURUSD,Buy,0.20,1.05663,1.06663,0.0000,-16.2200,100.0,183.78,1.10,14:21:05:44,56.4,8d 9h ,129.4,0.69,101.5,203.0,-70.3,-140.6,59.1,99.1,-1.50,-3.00
02/22/2017 20:50,02/22/2017 21:06,EURUSD,Buy,0.80,1.05391,1.05657,0.0000,0.0000,26.6,212.80,1.30,00:00:16:48,43.8,7m,5.4,0.07,26.6,212.8,-1.8,-14.4,93.7,100.0,0.00,0.00
02/17/2017 20:50,02/22/2017 21:06,EURUSD,Buy,0.20,1.06103,1.05657,0.0000,-3.2400,-44.6,-92.44,-0.56,05:00:16:49,60.4,3d ,136.6,5.15,22.2,44.4,-114.4,-228.8,16.3,51.1,-66.80,-133.60
02/17/2017 20:50,02/22/2017 09:46,EURUSD,Sell,0.20,1.06077,1.05077,0.0000,0.8700,100.0,200.87,1.23,04:12:56:21,29.9,1d 8h ,27.8,0.25,100.0,200.0,-24.8,-49.6,80.1,100.0,0.00,0.00
02/16/2017 20:50,02/17/2017 17:22,EURUSD,Sell,0.80,1.06614,1.06308,0.0000,1.1500,30.6,245.95,1.53,00:20:32:07,37.0,7h 35m,23.8,0.50,31.0,248.0,-15.6,-124.8,66.5,99.1,-0.40,-3.20
02/14/2017 20:50,02/17/2017 17:22,EURUSD,Sell,0.20,1.05702,1.06308,0.0000,1.4400,-60.6,-119.76,-0.74,02:20:32:06,11.9,8h 9m,153.9,2.28,46.9,93.8,-107.0,-214.0,30.5,30.1,-107.50,-215.00
02/14/2017 20:50,02/16/2017 17:53,EURUSD,Buy,0.20,1.05727,1.06727,0.0000,-4.3300,100.0,195.67,1.22,01:21:03:50,77.1,1d 10h ,61.2,0.48,102.5,205.0,-49.4,-98.8,67.5,98.4,-2.50,-5.00
02/13/2017 20:50,02/14/2017 10:26,EURUSD,Buy,3.20,1.06038,1.06249,0.0000,-17.3400,21.1,657.86,4.29,00:13:36:40,36.8,5h 0m,17.2,0.57,21.9,700.8,-12.5,-400.0,63.7,97.7,-0.80,-25.60
02/10/2017 20:50,02/14/2017 10:26,EURUSD,Buy,0.80,1.06362,1.06249,0.0000,-8.6800,-11.3,-99.08,-0.64,03:13:36:51,63.5,2d 6h ,64.9,2.20,20.3,162.4,-44.6,-356.8,31.3,51.3,-31.60,-252.80
02/01/2017 20:50,02/14/2017 10:26,EURUSD,Buy,0.20,1.07447,1.06249,0.0000,-14.0600,-119.8,-253.66,-1.62,12:13:36:50,36.9,4d 15h ,229.0,2.02,75.9,151.8,-153.1,-306.2,33.1,14.5,-195.70,-391.40
02/01/2017 20:50,02/10/2017 09:58,EURUSD,Sell,0.20,1.07422,1.06422,0.0000,3.1700,100.0,203.17,1.31,08:13:08:48,45.0,3d 20h ,78.4,0.77,102.3,204.6,-78.4,-156.8,56.6,98.7,-2.30,-4.60
01/31/2017 20:50,02/01/2017 16:30,EURUSD,Sell,0.80,1.07883,1.07524,0.0000,1.1500,35.9,288.35,1.90,00:19:40:22,23.4,4h 36m,27.9,0.53,35.9,287.2,-19.1,-152.8,65.3,100.0,0.00,0.00
01/18/2017 20:50,02/01/2017 16:30,EURUSD,Sell,0.20,1.06706,1.07524,0.0000,3.9800,-81.8,-159.62,-1.04,13:19:40:22,13.2,1d 19h ,219.2,1.74,79.9,159.8,-139.3,-278.6,36.5,26.2,-161.70,-323.40
01/18/2017 20:50,01/31/2017 16:29,EURUSD,Buy,0.20,1.06736,1.07736,0.0000,-13.8000,100.0,186.20,1.23,12:19:39:06,84.7,10d 20h ,142.7,0.80,103.8,207.6,-82.9,-165.8,55.6,98.0,-3.80,-7.60
01/17/2017 20:50,01/18/2017 15:01,EURUSD,Sell,0.80,1.06969,1.06651,0.0000,1.1000,31.8,255.50,1.71,00:18:11:18,56.7,10h 18m,22.5,0.50,31.8,254.4,-15.8,-126.4,66.8,100.0,0.00,0.00
01/16/2017 20:50,01/18/2017 15:01,EURUSD,Sell,0.20,1.05998,1.06651,0.0000,0.5600,-65.3,-130.04,-0.86,01:18:10:46,2.8,1h 10m,120.6,25.84,4.5,9.0,-116.1,-232.2,3.7,42.1,-69.80,-139.60
01/16/2017 20:50,01/17/2017 13:30,EURUSD,Buy,0.20,1.06023,1.07023,0.0000,-1.0400,100.0,198.96,1.34,00:16:40:14,75.6,12h 36m,22.7,0.06,114.1,228.2,-7.0,-14.0,94.2,88.4,-14.10,-28.20
01/13/2017 20:50,01/16/2017 00:00,EURUSD,Sell,0.80,1.06304,1.06189,0.0000,1.1000,11.5,93.10,0.63,02:03:10:14,94.2,2d ,16.0,0.21,27.5,220.0,-5.8,-46.4,82.6,52.0,-16.00,-128.00
01/12/2017 20:50,01/16/2017 00:00,EURUSD,Sell,0.20,1.06347,1.06189,0.0000,0.5600,15.8,32.16,0.22,03:03:10:10,87.0,2d 17h ,57.0,0.83,32.8,65.6,-27.3,-54.6,54.6,71.7,-17.00,-34.00
01/12/2017 20:50,01/13/2017 12:11,EURUSD,Buy,0.80,1.06373,1.06497,0.0000,-4.1500,12.4,95.05,0.65,00:15:21:49,11.0,1h 41m,37.8,2.38,13.9,111.2,-33.1,-264.8,29.6,96.8,-1.50,-12.00
01/12/2017 20:50,01/13/2017 12:11,EURUSD,Buy,0.20,1.06374,1.06497,0.0000,-1.0400,12.3,23.56,0.16,00:15:21:51,11.0,1h 41m,37.8,2.41,13.8,27.6,-33.2,-66.4,29.4,96.8,-1.50,-3.00
01/09/2017 20:50,01/11/2017 21:01,EURUSD,Buy,0.20,1.05706,1.06087,0.0000,-2.0800,38.1,74.12,0.51,02:00:11:13,41.1,19h 48m,165.6,2.23,51.3,102.6,-114.3,-228.6,31.0,92.0,-13.20,-26.40
01/11/2017 20:50,01/11/2017 21:01,EURUSD,Buy,0.80,1.06027,1.06087,0.0000,0.0000,6.0,48.00,0.33,00:00:11:14,8.4,56s,0.0,0.17,6.0,48.0,0.0,0.0,100.0,100.0,0.00,0.00
01/09/2017 20:50,01/11/2017 17:15,EURUSD,Sell,0.20,1.05680,1.04680,0.0000,0.5600,100.0,200.56,1.40,01:20:25:36,53.9,23h 56m,63.2,0.52,103.3,206.6,-53.9,-107.8,65.7,97.9,-3.30,-6.60
12/16/2016 20:50,12/26/2016 03:37,EURUSD,Sell,0.20,1.04411,1.04511,0.0000,2.0900,-10.0,-17.91,-0.13,09:06:47:12,55.0,5d 2h ,131.2,0.54,85.1,170.2,-46.1,-92.2,64.9,27.5,-95.10,-190.20
12/16/2016 20:50,12/26/2016 03:37,EURUSD,Buy,0.20,1.04447,1.04478,0.0000,-7.9300,3.1,-1.73,-0.01,09:06:47:07,39.2,3d 15h ,119.6,2.09,42.5,85.0,-88.7,-177.4,32.4,70.0,-39.40,-78.80
12/15/2016 20:50,12/16/2016 12:09,EURUSD,Buy,0.80,1.04130,1.04653,0.0000,-3.3800,52.3,415.02,2.99,00:15:19:43,92.2,14h 7m,23.8,0.11,57.3,458.4,-6.5,-52.0,89.8,92.2,-5.00,-40.00
12/08/2016 20:50,12/16/2016 12:09,EURUSD,Buy,0.20,1.06125,1.04653,0.0000,-6.7900,-147.2,-301.19,-2.12,07:15:19:43,32.5,2d 11h ,290.1,4.63,51.5,103.0,-238.6,-477.2,17.8,31.5,-198.70,-397.40
12/08/2016 20:50,12/14/2016 22:51,EURUSD,Sell,0.20,1.06097,1.05097,0.0000,0.8400,100.0,200.84,1.44,06:02:01:36,57.1,3d 11h ,137.2,0.54,100.0,200.0,-54.3,-108.6,64.8,100.0,0.00,0.00
12/06/2016 20:50,12/08/2016 18:10,EURUSD,Sell,0.20,1.07051,1.06051,0.0000,0.8300,100.0,200.83,1.46,01:21:20:27,6.3,2h 51m,108.2,1.06,102.4,204.8,-108.2,-216.4,48.6,98.9,-2.40,-4.80
12/06/2016 20:50,12/08/2016 14:45,EURUSD,Buy,0.20,1.07079,1.08079,0.0000,-3.3900,100.0,196.61,1.45,01:17:55:11,100.0,1d 17h ,23.8,0.01,105.4,210.8,0.0,0.0,100.0,94.9,-5.40,-10.80
12/05/2016 20:50,12/06/2016 15:49,EURUSD,Sell,0.60,1.07773,1.07290,0.0000,0.6200,48.3,290.42,2.18,00:18:59:21,95.2,18h 4m,44.4,0.23,48.3,289.79999999999995,-11.2,-67.19999999999999,81.2,100.0,0.00,0.00
11/21/2016 20:50,12/06/2016 15:49,EURUSD,Sell,0.15,1.05976,1.07290,0.0000,2.4000,-131.4,-194.70,-1.44,14:18:59:19,38.1,5d 15h ,249.6,2.67,68.1,102.14999999999999,-181.5,-272.25,27.3,20.1,-199.50,-299.25
11/21/2016 20:50,12/05/2016 13:23,EURUSD,Buy,0.15,1.06000,1.07000,0.0000,-9.0000,100.0,141.00,1.06,13:16:33:23,72.0,9d 20h ,153.4,0.65,108.4,162.60000000000002,-70.6,-105.89999999999999,60.6,95.3,-8.40,-12.60
11/18/2016 20:50,11/21/2016 10:28,EURUSD,Buy,0.60,1.05966,1.06350,0.0000,-2.6100,38.4,227.79,1.74,02:13:38:08,12.1,7h 27m,24.3,0.42,39.5,237.0,-16.7,-100.19999999999999,70.3,98.0,-1.10,-6.60
11/15/2016 20:50,11/21/2016 10:28,EURUSD,Buy,0.15,1.07266,1.06350,0.0000,-3.9100,-91.6,-141.31,-1.06,05:13:38:01,8.5,11h 21m,183.7,5.04,30.4,45.599999999999994,-153.3,-229.95000000000002,16.5,33.6,-122.00,-183.00
11/15/2016 20:50,11/17/2016 22:06,EURUSD,Sell,0.15,1.07244,1.06244,0.0000,0.6500,100.0,150.65,1.15,02:01:15:55,74.3,1d 12h ,72.7,0.34,100.8,151.2,-34.4,-51.599999999999994,74.6,99.4,-0.80,-1.20
11/14/2016 20:50,11/15/2016 10:25,EURUSD,Buy,2.40,1.07485,1.07855,0.0000,-10.4400,37.0,877.56,7.17,00:13:35:51,58.2,7h 54m,25.2,0.64,38.2,916.8000000000001,-24.3,-583.2,61.1,98.1,-1.20,-28.80
11/09/2016 20:50,11/15/2016 10:25,EURUSD,Buy,0.15,1.09468,1.07855,0.0000,-3.9100,-161.3,-245.86,-1.91,05:13:35:50,0.0,0s,233.1,238.10,0.0,0.0,-233.1,-349.65,0.0,30.8,-161.30,-241.95
11/11/2016 20:50,11/15/2016 10:25,EURUSD,Buy,0.60,1.08497,1.07855,0.0000,-5.2200,-64.2,-390.42,-3.09,03:13:35:45,0.8,41m,138.8,138.89,0.0,0.0,-138.8,-832.8000000000001,0.0,53.7,-64.20,-385.20
11/09/2016 20:50,11/11/2016 18:14,EURUSD,Sell,0.15,1.09436,1.08436,0.0000,0.6500,100.0,150.65,1.18,01:21:24:25,97.8,1d 20h ,50.8,0.08,100.0,150.0,-8.0,-12.0,92.6,100.0,0.00,0.00
11/03/2016 21:50,11/04/2016 18:01,EURUSD,Sell,0.15,1.11067,1.11159,0.0000,0.1600,-9.2,-13.64,-0.11,00:20:11:51,85.6,17h 17m,33.2,0.48,22.4,33.599999999999994,-10.8,-16.200000000000003,67.5,4.8,-31.60,-47.40
11/03/2016 21:50,11/04/2016 18:01,EURUSD,Buy,0.15,1.11093,1.11140,0.0000,-0.6500,4.7,6.40,0.05,00:20:11:47,6.2,1h 15m,29.7,3.05,8.2,12.299999999999999,-25.0,-37.5,24.7,89.5,-3.50,-5.25
11/02/2016 21:50,11/03/2016 14:45,EURUSD,Sell,2.40,1.10948,1.10702,0.0000,7.7800,24.6,598.18,4.93,00:16:55:28,25.5,4h 18m,38.0,1.24,24.9,597.5999999999999,-30.9,-741.5999999999999,44.6,99.5,-0.30,-7.20
11/01/2016 21:50,11/03/2016 14:45,EURUSD,Sell,0.60,1.10588,1.10702,0.0000,2.5900,-11.4,-65.81,-0.54,01:16:55:25,15.3,6h 15m,75.8,7.52,8.9,53.400000000000006,-66.9,-401.40000000000003,11.7,73.2,-20.30,-121.80
10/25/2016 21:50,11/03/2016 14:45,EURUSD,Sell,0.15,1.08941,1.10702,0.0000,1.7800,-176.1,-262.37,-2.11,08:16:55:25,6.0,12h 32m,248.7,13.55,17.1,25.650000000000002,-231.6,-347.4,6.9,22.3,-193.20,-289.80
10/25/2016 21:50,11/01/2016 12:26,EURUSD,Buy,0.15,1.08959,1.09959,0.0000,-4.5600,100.0,145.44,1.18,06:14:36:45,90.7,5d 23h ,53.1,0.19,101.4,152.10000000000002,-18.9,-28.349999999999998,84.3,98.8,-1.40,-2.10
10/24/2016 21:50,10/25/2016 11:50,EURUSD,Buy,2.40,1.08796,1.08907,0.0000,-10.4400,11.1,255.96,2.12,00:14:00:17,19.7,2h 45m,15.7,0.95,12.1,290.4,-11.5,-276.0,51.3,95.8,-1.00,-24.00
10/21/2016 21:50,10/25/2016 11:50,EURUSD,Buy,0.60,1.08696,1.08907,0.0000,-5.2200,21.1,121.38,1.02,03:14:00:10,95.1,3d 9h ,30.0,0.35,29.2,175.2,-10.2,-61.199999999999996,74.1,79.4,-8.10,-48.60
10/18/2016 21:50,10/25/2016 11:50,EURUSD,Buy,0.15,1.09796,1.08907,0.0000,-4.5600,-88.9,-137.91,-1.14,06:14:00:06,8.0,12h 38m,158.5,3.14,38.3,57.449999999999996,-120.2,-180.3,24.2,19.7,-127.20,-190.80
10/18/2016 21:50,10/21/2016 15:53,EURUSD,Sell,0.15,1.09773,1.08773,0.0000,0.8100,100.0,150.81,1.26,02:18:03:34,73.3,2d ,65.3,0.39,103.5,155.25,-40.6,-60.900000000000006,71.8,97.6,-3.50,-5.25
10/14/2016 21:50,10/18/2016 02:56,EURUSD,Buy,9.60,1.09906,1.10119,0.0000,-83.5200,21.3,1961.28,19.68,03:05:06:03,18.7,14h 25m,25.4,1.19,21.3,2044.8000000000002,-25.4,-2438.3999999999996,45.6,100.0,0.00,0.00
10/12/2016 21:50,10/18/2016 02:56,EURUSD,Buy,0.60,1.10247,1.10119,0.0000,-15.6600,-12.8,-92.46,-0.83,05:05:06:02,16.2,20h 15m,92.7,1.79,33.2,199.20000000000002,-59.5,-357.0,35.8,50.4,-46.00,-276.00
10/10/2016 21:50,10/18/2016 02:56,EURUSD,Buy,0.15,1.11378,1.10119,0.0000,-5.2100,-125.9,-194.06,-1.72,07:05:05:58,1.6,2h 46m,176.7,42.19,4.1,6.1499999999999995,-172.6,-258.9,2.3,26.4,-130.00,-195.00
10/13/2016 21:50,10/18/2016 02:56,EURUSD,Buy,2.40,1.10533,1.10119,0.0000,-31.3200,-41.4,-1024.92,-9.32,04:05:05:47,3.0,3h 1m,92.7,19.16,4.6,110.39999999999999,-88.1,-2114.3999999999996,5.0,50.4,-46.00,-1104.00
10/10/2016 21:50,10/12/2016 08:20,EURUSD,Sell,0.15,1.11351,1.10351,0.0000,0.3200,100.0,150.32,1.35,01:10:30:24,86.3,1d 5h ,23.3,0.07,100.0,150.0,-6.6,-9.899999999999999,93.8,100.0,0.00,0.00
10/07/2016 21:50,10/07/2016 22:50,EURUSD,Buy,0.60,1.11740,1.11945,0.0000,0.0000,20.5,123.00,1.12,00:01:00:45,,,,,,,,,,,,
09/09/2016 21:00,10/07/2016 22:50,EURUSD,Buy,0.15,1.12144,1.11945,0.0000,-18.3200,-19.9,-48.17,-0.44,28:01:50:32,59.3,16d 15h ,165.3,1.89,57.3,85.94999999999999,-108.0,-162.0,34.7,53.3,-77.20,-115.80
09/09/2016 21:00,10/07/2016 05:21,EURUSD,Sell,0.15,1.12118,1.11328,0.0000,4.4900,79.0,122.99,1.13,27:08:21:25,37.2,10d 4h ,143.9,0.71,84.0,126.0,-59.9,-89.85,58.4,96.5,-5.00,-7.50
09/08/2016 21:00,09/09/2016 15:59,EURUSD,Sell,9.60,1.12510,1.12411,0.0000,10.3700,9.9,960.77,9.64,00:18:59:02,3.1,35m,34.7,1.89,17.4,1670.3999999999999,-32.9,-3158.3999999999996,34.6,85.1,-7.50,-720.00
09/06/2016 21:00,09/09/2016 15:59,EURUSD,Sell,0.60,1.12555,1.12411,0.0000,3.2400,14.4,89.64,0.90,02:18:59:01,55.8,1d 13h ,88.4,2.36,26.3,157.8,-62.1,-372.6,29.8,86.5,-11.90,-71.40
09/07/2016 21:00,09/09/2016 15:59,EURUSD,Sell,2.40,1.12366,1.12411,0.0000,10.3700,-4.5,-97.63,-0.97,01:18:59:02,0.2,5m,81.0,27.03,3.0,72.0,-81.0,-1944.0,3.6,91.1,-7.50,-180.00
08/31/2016 21:00,09/09/2016 15:59,EURUSD,Sell,0.15,1.11504,1.12411,0.0000,1.7800,-90.7,-134.27,-1.33,08:18:59:02,8.8,18h 33m,188.1,8.00,20.9,31.349999999999998,-167.2,-250.79999999999998,11.1,40.7,-111.60,-167.40
08/31/2016 21:00,09/06/2016 17:50,EURUSD,Buy,0.15,1.11531,1.12531,0.0000,-3.9500,100.0,146.05,1.47,05:20:50:14,81.8,4d 19h ,83.4,0.24,100.0,150.0,-23.6,-35.400000000000006,80.9,100.0,0.00,0.00
08/30/2016 21:00,08/31/2016 06:00,EURUSD,Buy,9.60,1.11366,1.11590,0.0000,-42.0500,22.4,2108.35,26.83,00:09:00:05,96.3,8h 40m,10.7,0.19,23.0,2208.0,-4.3,-412.79999999999995,84.2,97.8,-0.60,-57.60
08/19/2016 21:00,08/31/2016 06:00,EURUSD,Buy,0.15,1.13214,1.11590,0.0000,-6.5900,-162.4,-250.19,-2.71,11:09:00:05,25.3,2d 21h ,217.6,6.58,28.7,43.05,-188.9,-283.35,13.2,12.2,-191.10,-286.65
08/26/2016 21:00,08/31/2016 06:00,EURUSD,Buy,0.60,1.12149,1.11590,0.0000,-7.8900,-55.9,-343.29,-3.82,04:09:00:06,0.0,0s,82.6,10.58,-7.8,-46.8,-82.6,-495.59999999999997,-10.4,35.7,-48.10,-288.60
08/29/2016 21:00,08/31/2016 06:00,EURUSD,Buy,2.40,1.11911,1.11590,0.0000,-21.0200,-32.1,-791.42,-9.15,01:09:00:07,0.3,5m,58.9,588.24,0.1,2.4000000000000004,-58.8,-1411.1999999999998,0.2,45.3,-32.20,-772.80
08/19/2016 21:00,08/26/2016 19:21,EURUSD,Sell,0.15,1.13181,1.12181,0.0000,1.1300,100.0,151.13,1.66,06:22:21:10,,,,,,,,,,,,
08/18/2016 21:06,08/19/2016 10:48,EURUSD,Sell,0.60,1.13506,1.13157,0.0000,0.6200,34.9,210.02,2.36,00:13:41:24,71.0,9h 43m,16.4,0.40,34.9,209.39999999999998,-13.8,-82.80000000000001,71.7,100.0,0.00,0.00
08/17/2016 21:00,08/19/2016 10:48,EURUSD,Sell,0.15,1.12387,1.13157,0.0000,0.6300,-77.0,-114.87,-1.28,01:13:47:31,0.0,0s,125.7,126.58,0.0,0.0,-125.7,-188.55,0.0,38.7,-77.00,-115.50
08/17/2016 21:00,08/18/2016 21:06,EURUSD,Buy,0.15,1.12500,1.13500,0.0000,-1.9200,100.0,148.08,1.67,01:00:06:08,100.0,1d ,21.2,0.01,100.0,150.0,0.0,0.0,100.0,100.0,0.00,0.00
08/17/2016 21:00,08/17/2016 21:00,EURUSD,Sell,2.40,1.12607,1.12503,0.0000,0.0000,10.4,249.60,2.90,00:00:00:45,,,,,,,,,,,,
08/16/2016 21:00,08/17/2016 21:00,EURUSD,Sell,0.60,1.12793,1.12503,0.0000,0.6200,29.0,174.62,2.07,01:00:00:44,90.7,21h 46m,50.7,0.97,29.0,174.0,-28.1,-168.60000000000002,50.8,100.0,0.00,0.00
08/03/2016 21:00,08/17/2016 21:00,EURUSD,Sell,0.15,1.11425,1.12503,0.0000,2.2200,-107.8,-159.48,-1.86,14:00:00:42,44.1,6d 4h ,253.3,1.74,92.5,138.75,-160.8,-241.20000000000002,36.5,20.9,-200.30,-300.45
08/03/2016 21:00,08/16/2016 09:37,EURUSD,Buy,0.15,1.11448,1.12448,0.0000,-8.3200,100.0,141.68,1.68,12:12:37:43,48.4,6d 1h ,107.5,0.95,100.0,150.0,-94.7,-142.05,51.4,100.0,0.00,0.00
08/01/2016 21:00,08/03/2016 20:31,EURUSD,Sell,6.40,1.11666,1.11532,0.0000,13.3200,13.4,870.92,11.50,01:23:31:50,13.2,6h 16m,73.5,4.93,13.4,857.6,-66.1,-4230.4,16.9,100.0,0.00,0.00
07/29/2016 21:00,08/03/2016 20:31,EURUSD,Sell,1.60,1.11635,1.11532,0.0000,4.9800,10.3,169.78,2.29,04:23:31:50,3.6,4h 18m,0.0,1.00,11163.5,178616.0,11163.5,178616.0,0,0,-11153.20,-178451.20
07/26/2016 21:00,08/03/2016 20:31,EURUSD,Sell,0.10,1.09892,1.11532,0.0000,0.8100,-164.0,-163.19,-2.07,07:23:31:49,3.4,6h 30m,246.4,42.37,5.7,5.7,-240.7,-240.7,2.3,31.1,-169.70,-169.70
07/28/2016 21:00,08/03/2016 20:31,EURUSD,Sell,0.40,1.10704,1.11532,0.0000,1.6800,-82.8,-329.52,-4.26,05:23:31:50,0.0,0s,159.5,161.29,0.0,0.0,-159.5,-638.0,0.0,48.1,-82.80,-331.20
07/26/2016 21:00,07/28/2016 09:09,EURUSD,Buy,0.10,1.09918,1.10918,0.0000,-1.7100,100.0,98.29,1.26,01:12:09:33,70.9,1d 1h ,17.3,0.08,100.0,100.0,-8.3,-8.3,92.3,100.0,0.00,0.00
07/22/2016 21:00,07/26/2016 07:54,EURUSD,Buy,0.40,1.09674,1.10023,0.0000,-3.4000,34.9,136.20,1.80,03:10:54:55,95.2,3d 6h ,0.0,1.00,-10967.4,-43869.6,-10967.4,-43869.6,0,0,11002.30,44009.20
07/25/2016 21:00,07/26/2016 07:54,EURUSD,Buy,1.60,1.09950,1.10023,0.0000,-6.8200,7.3,109.98,1.43,00:10:54:58,14.3,1h 33m,10.7,1.09,9.7,155.2,-10.6,-169.6,47.8,88.2,-2.40,-38.40
07/05/2016 21:00,07/26/2016 07:54,EURUSD,Buy,0.10,1.10831,1.10023,0.0000,-8.8400,-80.8,-89.64,-1.17,20:10:54:57,16.2,3d 7h ,191.5,1.80,68.3,68.3,-123.2,-123.2,35.7,22.1,-149.10,-149.10
07/05/2016 21:00,07/22/2016 17:58,EURUSD,Sell,0.10,1.10805,1.09805,0.0000,1.9300,100.0,101.93,1.35,16:20:58:44,79.0,13d 7h ,126.7,0.71,100.1,100.1,-70.9,-70.9,58.5,99.9,-0.10,-0.10
07/04/2016 21:00,07/05/2016 03:57,EURUSD,Sell,6.40,1.11533,1.11356,0.0000,6.5300,17.7,1139.33,17.81,00:06:56:57,100.0,6h 56m,2.1,0.05,19.8,1267.2,0.0,0.0,100.0,89.4,-2.10,-134.40
06/28/2016 21:00,07/05/2016 03:57,EURUSD,Sell,0.10,1.10397,1.11356,0.0000,0.7100,-95.9,-95.19,-1.36,06:06:57:02,0.7,1h 3m,125.2,19.88,6.0,6.0,-119.2,-119.2,4.8,18.6,-101.90,-101.90
07/01/2016 21:00,07/05/2016 03:57,EURUSD,Sell,1.60,1.11257,1.11356,0.0000,3.2600,-9.9,-155.14,-2.37,03:06:57:04,5.2,4h 6m,0.0,1.00,11125.7,178011.2,11125.7,178011.2,0,0,-11135.60,-178169.60
06/30/2016 21:00,07/05/2016 03:57,EURUSD,Sell,0.40,1.10486,1.11356,0.0000,1.2300,-87.0,-346.77,-5.03,04:06:57:03,0.0,0s,110.3,111.11,0.0,0.0,-110.3,-441.2,0.0,21.1,-87.00,-348.00
06/28/2016 21:00,06/30/2016 13:32,EURUSD,Buy,0.10,1.10420,1.11420,0.0000,-1.6800,100.0,98.32,1.43,01:16:32:16,100.0,1d 16h ,40.5,0.01,102.9,102.9,0.0,0.0,100.0,97.2,-2.90,-2.90
06/27/2016 21:00,06/28/2016 04:51,EURUSD,Buy,0.40,1.10083,1.10518,0.0000,-1.6800,43.5,172.32,2.56,00:07:51:44,100.0,7h 51m,12.4,0.02,43.5,174.0,0.0,0.0,100.0,100.0,0.00,0.00
06/24/2016 21:00,06/28/2016 04:51,EURUSD,Buy,0.10,1.11634,1.10518,0.0000,-0.8400,-111.6,-112.44,-1.64,03:07:51:47,0.0,0s,190.2,192.31,0.0,0.0,-190.2,-190.2,0.0,41.3,-111.60,-111.60
06/24/2016 21:00,06/27/2016 00:01,EURUSD,Sell,0.10,1.11598,1.10598,0.0000,0.1000,100.0,100.10,1.49,02:03:01:13,100.0,2d 3h ,0.0,1.00,11159.8,11159.8,11159.8,11159.8,0,0,-11059.80,-11059.80
06/23/2016 21:00,06/24/2016 02:00,EURUSD,Sell,0.40,1.13573,1.13258,0.0000,0.4100,31.5,126.41,1.91,00:05:00:52,40.0,2h 0m,66.3,2.10,31.5,126.0,-66.3,-265.2,32.2,100.0,0.00,0.00
06/21/2016 21:00,06/24/2016 02:00,EURUSD,Sell,0.10,1.12623,1.13258,0.0000,0.5100,-63.5,-62.99,-0.94,02:05:00:57,13.3,7h 3m,181.7,7.91,20.4,20.4,-161.3,-161.3,11.2,53.8,-83.90,-83.90
06/21/2016 21:00,06/23/2016 12:15,EURUSD,Buy,0.10,1.12653,1.13653,0.0000,-1.6800,100.0,98.32,1.50,01:15:15:48,75.0,1d 5h ,33.3,0.19,120.5,120.5,-23.4,-23.4,83.7,85.8,-20.50,-20.50
06/20/2016 21:00,06/21/2016 15:59,EURUSD,Sell,0.40,1.13075,1.12887,0.0000,0.4100,18.8,75.61,1.16,00:18:59:40,11.2,2h 7m,32.7,1.44,22.7,90.8,-32.7,-130.8,41.0,93.0,-3.90,-15.60
06/17/2016 21:00,06/21/2016 15:59,EURUSD,Sell,0.10,1.12759,1.12887,0.0000,0.2000,-12.8,-12.60,-0.19,03:18:59:38,0.0,0s,0.0,1.00,11275.9,11275.9,11275.9,11275.9,0,0,-11288.70,-11288.70
06/17/2016 21:00,06/20/2016 07:40,EURUSD,Buy,0.10,1.12789,1.13789,0.0000,-0.4200,100.0,99.58,1.55,02:10:40:33,15.6,9h 9m,0.0,1.00,-11278.9,-11278.9,-11278.9,-11278.9,0,0,11378.90,11378.90
06/16/2016 21:00,06/16/2016 21:12,EURUSD,Buy,0.40,1.12212,1.12461,0.0000,0.0000,24.9,99.60,1.58,00:00:12:37,,,,,,,,,,,,
06/15/2016 21:00,06/16/2016 21:12,EURUSD,Buy,0.10,1.12831,1.12461,0.0000,-1.2600,-37.0,-38.26,-0.60,01:00:12:37,0.0,0s,112.3,112.36,0.0,0.0,-112.3,-112.3,0.0,67.1,-37.00,-37.00
06/15/2016 21:00,06/16/2016 15:17,EURUSD,Sell,0.10,1.12643,1.11643,0.0000,0.3100,100.0,100.31,1.60,00:18:17:18,75.0,13h 42m,12.4,0.12,100.0,100.0,-12.4,-12.4,89.0,100.0,0.00,0.00
06/14/2016 21:00,06/15/2016 18:27,EURUSD,Buy,0.40,1.12153,1.12434,0.0000,-1.6800,28.1,110.72,1.80,00:21:27:02,80.0,17h 9m,6.3,0.22,28.1,112.4,-6.3,-25.2,81.7,100.0,0.00,0.00
06/13/2016 21:00,06/15/2016 18:27,EURUSD,Buy,0.10,1.12934,1.12434,0.0000,-0.8400,-50.0,-50.84,-0.82,01:21:27:00,0.0,0s,92.5,92.59,0.0,0.0,-92.5,-92.5,0.0,45.9,-50.00,-50.00
06/13/2016 21:00,06/14/2016 17:31,EURUSD,Sell,0.10,1.12911,1.11911,0.0000,0.1000,100.0,100.10,1.64,00:20:31:38,100.0,20h 31m,0.0,0.01,100.0,100.0,0.0,0.0,100.0,100.0,0.00,0.00
06/10/2016 21:00,06/13/2016 17:45,EURUSD,Buy,0.40,1.12603,1.12933,0.0000,-1.7000,33.0,130.30,2.19,02:20:45:19,17.7,12h 10m,0.0,1.00,-11260.3,-45041.2,-11260.3,-45041.2,0,0,11293.30,45173.20
06/07/2016 21:00,06/13/2016 17:45,EURUSD,Buy,0.10,1.13630,1.12933,0.0000,-2.5300,-69.7,-72.23,-1.20,05:20:45:19,22.9,1d 8h ,158.5,2.81,41.6,41.6,-116.9,-116.9,26.2,29.8,-111.30,-111.30
06/07/2016 21:00,06/10/2016 20:48,EURUSD,Sell,0.10,1.13604,1.12604,0.0000,0.5100,100.0,100.51,1.69,02:23:48:51,55.6,1d 15h ,44.2,0.41,107.8,107.8,-44.2,-44.2,70.9,94.9,-7.80,-7.80
06/06/2016 21:00,06/07/2016 14:36,EURUSD,Sell,1.60,1.13673,1.13433,0.0000,1.6300,24.0,385.63,6.95,00:17:36:23,100.0,17h 36m,7.4,0.04,24.0,384.0,0.0,0.0,100.0,100.0,0.00,0.00
06/03/2016 21:00,06/07/2016 14:36,EURUSD,Sell,0.40,1.13435,1.13433,0.0000,0.8200,0.2,1.62,0.03,03:17:36:23,9.1,8h 9m,0.0,1.00,11343.5,45374.0,11343.5,45374.0,0,0,-11343.30,-45373.20
05/31/2016 21:00,06/07/2016 14:36,EURUSD,Sell,0.10,1.11339,1.13433,0.0000,0.7100,-209.4,-208.69,-3.63,06:17:36:10,2.5,4h 2m,254.0,24.45,10.0,10.0,-244.0,-244.0,3.9,13.6,-219.40,-219.40
05/31/2016 21:00,06/03/2016 15:32,EURUSD,Buy,0.10,1.11369,1.12369,0.0000,-2.1100,100.0,97.89,1.73,02:18:32:18,93.8,2d 14h ,66.6,0.09,150.2,150.2,-13.0,-13.0,92.0,69.2,-50.20,-50.20
05/30/2016 21:00,05/31/2016 02:57,EURUSD,Buy,1.60,1.11371,1.11474,0.0000,-6.7800,10.3,158.02,2.87,00:05:57:40,,,,,,,,,,,,
05/27/2016 21:00,05/31/2016 02:57,EURUSD,Buy,0.40,1.11253,1.11474,0.0000,-3.4000,22.1,85.00,1.57,03:05:57:41,31.6,1d ,0.0,1.00,-11125.3,-44501.2,-11125.3,-44501.2,0,0,11147.40,44589.60
05/23/2016 21:00,05/31/2016 02:57,EURUSD,Buy,0.10,1.12257,1.11474,0.0000,-3.3700,-78.3,-81.67,-1.49,07:05:57:41,0.0,0s,122.8,123.46,0.0,0.0,-122.8,-122.8,0.0,36.2,-78.30,-78.30
05/23/2016 21:00,05/27/2016 20:39,EURUSD,Sell,0.10,1.12231,1.11231,0.0000,0.6100,100.0,100.61,1.87,03:23:39:19,100.0,3d 23h ,61.9,0.01,110.6,110.6,0.0,0.0,100.0,90.4,-10.60,-10.60
05/20/2016 21:00,05/23/2016 04:20,EURUSD,Buy,1.60,1.12228,1.12319,0.0000,-6.7800,9.1,138.82,2.64,02:07:20:28,21.5,11h 53m,0.0,1.00,-11222.8,-179564.8,-11222.8,-179564.8,0,0,11231.90,179710.40
05/19/2016 21:00,05/23/2016 04:20,EURUSD,Buy,0.40,1.12024,1.12319,0.0000,-3.4000,29.5,114.60,2.23,03:07:20:29,95.0,3d 3h ,9.8,0.06,29.5,118.0,-1.7,-6.8,94.6,100.0,0.00,0.00
05/16/2016 21:00,05/23/2016 04:20,EURUSD,Buy,0.10,1.13196,1.12319,0.0000,-2.9500,-87.7,-90.65,-1.73,06:07:20:29,5.3,8h 1m,150.7,11.56,12.0,12.0,-138.7,-138.7,8.0,33.8,-99.70,-99.70
05/16/2016 21:00,05/18/2016 23:01,EURUSD,Sell,0.10,1.13171,1.12171,0.0000,0.2000,100.0,100.20,1.95,02:02:01:37,83.4,1d 17h ,20.7,0.14,101.9,101.9,-14.5,-14.5,87.5,98.4,-1.90,-1.90
05/13/2016 21:00,05/16/2016 15:41,EURUSD,Buy,0.40,1.13001,1.13348,0.0000,-1.7000,34.7,137.10,2.75,02:18:41:45,31.3,20h 52m,0.0,1.00,-11300.1,-45200.4,-11300.1,-45200.4,0,0,11334.80,45339.20
05/06/2016 21:00,05/16/2016 15:41,EURUSD,Buy,0.10,1.14112,1.13348,0.0000,-3.3600,-76.4,-79.76,-1.57,09:18:41:45,8.7,20h 25m,0.0,1.00,-11411.2,-11411.2,-11411.2,-11411.2,0,0,11334.80,11334.80
05/06/2016 21:00,05/13/2016 16:41,EURUSD,Sell,0.10,1.14085,1.13085,0.0000,0.7000,100.0,100.70,2.03,06:19:41:40,61.0,4d 3h ,0.0,1.00,11408.5,11408.5,11408.5,11408.5,0,0,-11308.50,-11308.50
05/05/2016 21:00,05/06/2016 15:29,EURUSD,Buy,0.40,1.14006,1.14315,0.0000,-1.6800,30.9,121.92,2.51,00:18:29:51,100.0,18h 29m,4.4,0.03,35.3,141.2,0.0,0.0,100.0,87.5,-4.40,-17.60
05/04/2016 21:00,05/06/2016 15:29,EURUSD,Buy,0.10,1.14925,1.14315,0.0000,-1.6800,-61.0,-62.68,-1.28,01:18:29:51,0.0,0s,95.7,96.15,0.0,0.0,-95.7,-95.7,0.0,36.3,-61.00,-61.00
05/04/2016 21:00,05/05/2016 17:39,EURUSD,Sell,0.10,1.14900,1.13900,0.0000,0.3000,100.0,100.30,2.08,00:20:39:55,100.0,20h 39m,0.0,0.01,100.0,100.0,0.0,0.0,100.0,100.0,0.00,0.00
05/03/2016 21:00,05/03/2016 21:55,EURUSD,Sell,6.40,1.15230,1.15089,0.0000,0.0000,14.1,902.40,23.08,00:00:55:06,,,,,,,,,,,,
05/02/2016 21:00,05/03/2016 21:55,EURUSD,Sell,1.60,1.15162,1.15089,0.0000,1.6000,7.3,118.40,3.12,01:00:55:07,33.4,8h 19m,76.4,3.82,20.0,320.0,-76.4,-1222.4,20.7,86.8,-12.70,-203.20
04/27/2016 21:00,05/03/2016 21:55,EURUSD,Sell,0.10,1.12949,1.15089,0.0000,0.6000,-214.0,-213.40,-4.99,06:00:54:53,0.0,0s,297.7,303.03,0.0,0.0,-297.7,-297.7,0.0,28.1,-214.00,-214.00
04/29/2016 21:00,05/03/2016 21:55,EURUSD,Sell,0.40,1.14403,1.15089,0.0000,0.8000,-68.6,-273.60,-6.73,04:00:55:06,0.0,0s,0.0,1.00,11440.3,45761.2,11440.3,45761.2,0,0,-11508.90,-46035.60
04/27/2016 21:00,04/29/2016 10:05,EURUSD,Buy,0.10,1.13109,1.14109,0.0000,-1.6800,100.0,98.32,2.35,01:13:04:51,100.0,1d 13h ,21.1,0.01,100.0,100.0,0.0,0.0,100.0,100.0,0.00,0.00
04/27/2016 21:00,04/27/2016 21:00,EURUSD,Sell,1.60,1.13340,1.13122,0.0000,0.0000,21.8,348.80,9.10,00:00:00:10,,,,,,,,,,,,
04/26/2016 21:00,04/27/2016 21:00,EURUSD,Sell,0.40,1.12918,1.13122,0.0000,0.4000,-20.4,-81.20,-2.08,01:00:00:10,0.0,0s,32.1,32.15,0.0,0.0,-32.1,-128.4,0.0,36.4,-20.40,-81.60
04/22/2016 21:00,04/27/2016 21:00,EURUSD,Sell,0.10,1.12192,1.13122,0.0000,0.3000,-93.0,-92.70,-2.31,05:00:00:09,0.0,0s,0.0,1.00,11219.2,11219.2,11219.2,11219.2,0,0,-11312.20,-11312.20
04/22/2016 21:00,04/26/2016 16:17,EURUSD,Buy,0.10,1.12218,1.13218,0.0000,-0.8400,100.0,99.16,2.54,03:19:17:43,52.2,1d 23h ,0.0,1.00,-11221.8,-11221.8,-11221.8,-11221.8,0,0,11321.80,11321.80
04/21/2016 21:00,04/22/2016 10:25,EURUSD,Sell,0.40,1.12898,1.12768,0.0000,0.4000,13.0,52.40,1.36,00:13:25:10,,,,,,,,,,,,
04/15/2016 21:00,04/22/2016 10:25,EURUSD,Sell,0.10,1.12873,1.12768,0.0000,0.7000,10.5,11.20,0.29,06:13:25:08,7.7,12h 7m,0.0,1.00,11287.3,11287.3,11287.3,11287.3,0,0,-11276.80,-11276.80
04/15/2016 21:00,04/21/2016 15:44,EURUSD,Buy,0.10,1.12898,1.13898,0.0000,-2.5200,100.0,97.48,2.60,05:18:44:32,64.8,3d 17h ,0.0,1.00,-11289.8,-11289.8,-11289.8,-11289.8,0,0,11389.80,11389.80
04/14/2016 21:00,04/15/2016 15:15,EURUSD,Buy,1.60,1.12714,1.12875,0.0000,-6.7000,16.1,250.90,7.18,00:18:15:14,50.0,9h 7m,8.9,0.55,16.1,257.6,-8.9,-142.4,64.4,100.0,0.00,0.00
04/13/2016 21:00,04/15/2016 15:15,EURUSD,Buy,0.40,1.12840,1.12875,0.0000,-6.7100,3.5,7.29,0.21,01:18:15:15,10.0,4h 13m,28.8,8.23,3.5,14.0,-28.8,-115.2,10.8,100.0,0.00,0.00
04/01/2016 21:00,04/15/2016 15:15,EURUSD,Buy,0.10,1.13845,1.12875,0.0000,-5.8000,-97.0,-102.80,-2.86,13:18:15:13,45.2,6d 5h ,0.0,1.00,-11384.5,-11384.5,-11384.5,-11384.5,0,0,11287.50,11287.50
04/01/2016 21:00,04/13/2016 16:50,EURUSD,Sell,0.10,1.13819,1.12819,0.0000,0.9900,100.0,100.99,2.89,11:19:50:54,26.8,3d 4h ,0.0,1.00,11381.9,11381.9,11381.9,11381.9,0,0,-11281.90,-11281.90
03/31/2016 21:00,04/01/2016 17:06,EURUSD,Sell,1.60,1.13842,1.13544,0.0000,1.5700,29.8,478.37,15.89,00:20:06:58,40.0,8h 2m,25.8,0.52,29.8,476.8,-15.5,-248.0,65.8,100.0,0.00,0.00
03/30/2016 21:00,04/01/2016 17:06,EURUSD,Sell,0.40,1.13186,1.13544,0.0000,1.5700,-35.8,-141.63,-4.49,01:20:06:59,9.1,4h 0m,82.1,81.30,1.0,4.0,-81.1,-324.4,1.2,55.2,-36.80,-147.20
03/28/2016 21:00,04/01/2016 17:06,EURUSD,Sell,0.10,1.11967,1.13544,0.0000,0.5900,-157.7,-157.11,-4.75,03:20:06:56,8.7,8h 0m,219.3,12.47,16.3,16.3,-203.0,-203.0,7.4,20.7,-174.00,-174.00
03/28/2016 21:00,03/29/2016 22:12,EURUSD,Buy,0.10,1.11992,1.12992,0.0000,-0.4100,100.0,99.59,3.10,01:01:12:00,66.7,16h 48m,18.8,0.19,100.0,100.0,-18.8,-18.8,84.2,100.0,0.00,0.00
03/25/2016 21:00,03/28/2016 15:54,EURUSD,Buy,6.40,1.11685,1.11802,0.0000,-26.3700,11.7,722.43,29.04,02:18:54:39,18.8,12h 34m,0.0,1.00,-11168.5,-714784.0,-11168.5,-714784.0,0,0,11180.20,715532.80
03/23/2016 21:00,03/28/2016 15:54,EURUSD,Buy,0.40,1.11852,1.11802,0.0000,-8.2400,-5.0,-28.24,-1.07,04:18:54:40,0.0,0s,27.0,27.03,0.0,0.0,-27.0,-108.0,0.0,81.5,-5.00,-20.00
03/18/2016 21:00,03/28/2016 15:54,EURUSD,Buy,0.10,1.12761,1.11802,0.0000,-3.2900,-95.9,-99.19,-3.63,09:18:54:39,1.8,4h 13m,0.0,1.00,-11276.1,-11276.1,-11276.1,-11276.1,0,0,11180.20,11180.20
03/24/2016 21:00,03/28/2016 15:54,EURUSD,Buy,1.60,1.11865,1.11802,0.0000,-13.1800,-6.3,-113.98,-4.38,03:18:54:40,0.0,0s,28.3,28.33,0.0,0.0,-28.3,-452.8,0.0,77.7,-6.30,-100.80
03/18/2016 21:00,03/23/2016 15:35,EURUSD,Sell,0.10,1.12736,1.11736,0.0000,0.3000,100.0,100.30,3.82,04:18:35:02,57.2,2d 17h ,0.0,1.00,11273.6,11273.6,11273.6,11273.6,0,0,-11173.60,-11173.60
03/17/2016 21:00,03/18/2016 12:04,EURUSD,Sell,0.40,1.13164,1.12626,0.0000,0.3200,53.8,215.52,8.93,00:15:04:18,,,,,,,,,,,,
03/15/2016 21:00,03/18/2016 12:04,EURUSD,Sell,0.10,1.11100,1.12626,0.0000,0.4000,-152.6,-152.20,-5.93,02:15:04:17,25.0,15h 46m,246.3,6.97,30.9,30.9,-215.4,-215.4,12.5,25.5,-183.50,-183.50
03/15/2016 21:00,03/16/2016 21:45,EURUSD,Buy,0.10,1.11123,1.12123,0.0000,-0.3500,100.0,99.65,4.04,01:00:45:26,33.4,8h 16m,33.2,0.30,109.0,109.0,-33.2,-33.2,76.7,93.7,-9.00,-9.00
03/14/2016 21:00,03/15/2016 05:02,EURUSD,Buy,1.60,1.10868,1.11136,0.0000,-5.6500,26.8,423.15,20.72,00:08:02:34,,,,,,,,,,,,
03/10/2016 20:01,03/15/2016 05:02,EURUSD,Buy,0.10,1.11910,1.11136,0.0000,-1.0500,-77.4,-78.45,-3.41,04:09:00:39,0.0,0s,91.7,91.74,0.0,0.0,-91.7,-91.7,0.0,15.6,-77.40,-77.40
03/11/2016 20:00,03/15/2016 05:02,EURUSD,Buy,0.40,1.11575,1.11136,0.0000,-2.8200,-43.9,-178.42,-8.03,03:09:02:33,5.0,4h 3m,63.7,10.58,5.5,22.0,-58.2,-232.8,8.6,22.4,-49.40,-197.60
03/10/2016 20:01,03/11/2016 12:55,EURUSD,Sell,0.10,1.11884,1.10884,0.0000,0.0800,100.0,100.08,4.55,00:16:53:47,100.0,16h 53m,13.2,0.01,100.0,100.0,0.0,0.0,100.0,100.0,0.00,0.00
03/09/2016 20:00,03/10/2016 17:10,EURUSD,Buy,0.10,1.10298,1.11298,0.0000,-1.0600,100.0,98.94,4.71,00:21:10:03,40.0,8h 28m,108.6,0.66,164.0,164.0,-108.6,-108.6,60.2,76.5,-64.00,-64.00
03/09/2016 20:00,03/10/2016 14:45,EURUSD,Sell,0.10,1.10275,1.09275,0.0000,0.2400,100.0,100.24,5.01,00:18:45:26,100.0,18h 45m,6.3,0.01,106.3,106.3,0.0,0.0,100.0,94.1,-6.30,-6.30
03/09/2016 03:26,,,Deposit,0.00,0.00000,0.00000,0.0000,0.0000,0.0,2000.00,0,00:00:00:00,,,,,,,,,,,,

