Open Date,Close Date,Symbol,Action,Lots,Open Price,Close Price,Pips,Profit
10/22/2019 21:50,11/08/2019 17:02,EURUSD,Sell,0.1,1.11243,1.10243,100,109.88
10/21/2019 21:50,10/22/2019 11:24,EURUSD,Sell,6.4,1.11467,1.114,6.7,462.08
10/18/2019 21:50,10/22/2019 11:24,EURUSD,Sell,1.6,1.11571,1.114,17.1,290.24
10/17/2019 21:50,10/22/2019 11:24,EURUSD,Sell,0.4,1.1122,1.114,-18,-65.76
10/15/2019 21:50,10/22/2019 11:24,EURUSD,Sell,0.1,1.10288,1.114,-111.2,-107.56
10/15/2019 21:50,10/17/2019 12:38,EURUSD,Buy,0.1,1.1032,1.1132,100,95.64
10/14/2019 21:50,10/15/2019 10:15,EURUSD,Sell,1.92,1.10298,1.10193,10.5,212.93
10/11/2019 21:50,10/15/2019 10:15,EURUSD,Sell,0.48,1.1041,1.10193,21.7,109.82
09/25/2019 21:50,10/15/2019 10:15,EURUSD,Sell,0.12,1.09364,1.10193,-82.9,-85.31
09/25/2019 21:50,10/11/2019 14:13,EURUSD,Buy,0.12,1.09393,1.10393,100,95.85
09/23/2019 21:50,09/24/2019 22:36,EURUSD,Buy,0.48,1.09936,1.10222,28.6,131.9
09/24/2019 21:50,09/24/2019 22:36,EURUSD,Buy,1.92,1.10153,1.10222,6.9,132.48
09/13/2019 21:50,09/24/2019 22:36,EURUSD,Buy,0.12,1.10748,1.10222,-52.6,-75.19
09/13/2019 21:50,09/23/2019 10:40,EURUSD,Sell,0.12,1.10714,1.09714,100,125.67
09/04/2019 21:50,09/13/2019 09:06,EURUSD,Buy,0.12,1.10351,1.10759,40.8,34.2
09/12/2019 21:50,09/13/2019 09:06,EURUSD,Buy,0.48,1.10706,1.10759,5.3,20.06
09/04/2019 21:50,09/12/2019 15:45,EURUSD,Sell,0.12,1.10328,1.09328,100,127.08
09/03/2019 21:50,09/04/2019 09:22,EURUSD,Buy,7.68,1.09699,1.09783,8.4,559.1
09/02/2019 21:50,09/04/2019 09:22,EURUSD,Buy,1.92,1.09718,1.09783,6.5,81.8
08/30/2019 21:50,09/04/2019 09:22,EURUSD,Buy,0.48,1.09779,1.09783,0.4,-14.22
08/20/2019 21:50,09/04/2019 09:22,EURUSD,Buy,0.12,1.11006,1.09783,-122.3,-166.88
08/20/2019 21:50,08/30/2019 18:05,EURUSD,Sell,0.12,1.10971,1.09971,100,128.5
08/19/2019 21:50,08/20/2019 20:34,EURUSD,Buy,1.92,1.10857,1.11016,15.9,283.78
08/16/2019 21:50,08/20/2019 20:34,EURUSD,Buy,0.48,1.11002,1.11016,1.4,-4.04
08/08/2019 21:50,08/20/2019 20:34,EURUSD,Buy,0.12,1.11896,1.11016,-88,-119.01
08/08/2019 21:50,08/16/2019 11:01,EURUSD,Sell,0.12,1.11863,1.10863,100,125.67
08/07/2019 21:50,08/08/2019 14:02,EURUSD,Sell,1.92,1.1215,1.11983,16.7,354.62
08/06/2019 21:50,08/08/2019 14:02,EURUSD,Sell,0.48,1.11964,1.11983,-1.9,2.21
08/02/2019 21:50,08/08/2019 14:02,EURUSD,Sell,0.12,1.11113,1.11983,-87,-100.07
08/02/2019 21:50,08/06/2019 01:00,EURUSD,Buy,0.12,1.11143,1.12143,100,117.28
08/01/2019 21:50,08/02/2019 10:59,EURUSD,Buy,0.48,1.10852,1.111,24.8,113.52
07/25/2019 21:50,08/02/2019 10:59,EURUSD,Buy,0.12,1.11471,1.111,-37.1,-55.56
07/25/2019 21:50,08/01/2019 03:46,EURUSD,Sell,0.12,1.11438,1.10438,100,125.54
07/24/2019 21:50,07/25/2019 14:45,EURUSD,Buy,1.92,1.11394,1.11558,16.4,248.64
07/23/2019 21:50,07/25/2019 14:45,EURUSD,Buy,0.48,1.11531,1.11558,2.7,-9.12
07/10/2019 21:50,07/25/2019 14:45,EURUSD,Buy,0.12,1.12552,1.11558,-99.4,-142.74
07/10/2019 21:50,07/23/2019 17:59,EURUSD,Sell,0.12,1.12518,1.11518,100,130.29
07/05/2019 21:50,07/10/2019 15:46,EURUSD,Buy,7.68,1.12221,1.12448,22.7,1478.4
06/25/2019 21:50,07/10/2019 15:46,EURUSD,Buy,0.12,1.13776,1.12448,-132.8,-180.06
07/03/2019 21:50,07/10/2019 15:46,EURUSD,Buy,0.48,1.1282,1.12448,-37.2,-217.2
07/04/2019 21:51,07/10/2019 15:46,EURUSD,Buy,1.92,1.12855,1.12448,-40.7,-869.76
06/25/2019 21:50,07/03/2019 10:12,EURUSD,Sell,0.12,1.13742,1.12742,100,126.33
06/24/2019 21:50,06/25/2019 19:36,EURUSD,Sell,7.68,1.13977,1.13777,20,1586.69
06/18/2019 21:50,06/25/2019 19:36,EURUSD,Sell,0.12,1.11928,1.13777,-184.9,-216.34
06/21/2019 21:50,06/25/2019 19:36,EURUSD,Sell,1.92,1.13639,1.13777,-13.8,-239.62
06/20/2019 21:50,06/25/2019 19:36,EURUSD,Sell,0.48,1.12888,1.13777,-88.9,-417.21
06/18/2019 21:50,06/20/2019 10:52,EURUSD,Buy,0.12,1.11958,1.12958,100,114.48
06/17/2019 21:50,06/18/2019 05:09,EURUSD,Buy,1.92,1.12195,1.12312,11.7,202.56
06/14/2019 21:50,06/18/2019 05:09,EURUSD,Buy,0.48,1.12136,1.12312,17.6,73.44
06/10/2019 21:50,06/18/2019 05:09,EURUSD,Buy,0.12,1.13157,1.12312,-84.5,-112.44
06/10/2019 21:50,06/14/2019 19:29,EURUSD,Sell,0.12,1.13131,1.12131,100,124.75
06/07/2019 21:50,06/10/2019 08:18,EURUSD,Sell,7.68,1.13333,1.1308,25.3,1993.73
05/02/2019 21:50,06/10/2019 08:18,EURUSD,Sell,0.12,1.11737,1.1308,-134.3,-131.58
06/05/2019 21:50,06/10/2019 08:18,EURUSD,Sell,0.48,1.12234,1.1308,-84.6,-390.24
06/06/2019 21:50,06/10/2019 08:18,EURUSD,Sell,1.92,1.12689,1.1308,-39.1,-725.38
05/02/2019 21:50,06/05/2019 11:45,EURUSD,Buy,0.12,1.11764,1.12764,100,75.27
05/01/2019 21:50,05/02/2019 18:20,EURUSD,Sell,0.44,1.11967,1.11752,21.5,103.71
04/26/2019 21:50,05/02/2019 18:20,EURUSD,Sell,0.11,1.11512,1.11752,-24,-21.84
04/26/2019 21:50,05/01/2019 21:00,EURUSD,Buy,0.11,1.11538,1.12538,100,106.01
04/25/2019 21:50,04/26/2019 15:41,EURUSD,Buy,1.76,1.11299,1.11501,20.2,334.22
04/24/2019 21:50,04/26/2019 15:41,EURUSD,Buy,0.44,1.11525,1.11501,-2.4,-31.85
04/16/2019 21:50,04/26/2019 15:41,EURUSD,Buy,0.11,1.12916,1.11501,-141.5,-171.61
04/16/2019 21:50,04/24/2019 16:06,EURUSD,Sell,0.11,1.1289,1.1189,100,116.08
04/15/2019 21:50,04/16/2019 12:15,EURUSD,Sell,1.76,1.13021,1.12884,13.7,253.26
04/12/2019 21:50,04/16/2019 12:15,EURUSD,Sell,0.44,1.12971,1.12884,8.7,44.36
04/01/2019 21:50,04/16/2019 12:15,EURUSD,Sell,0.11,1.12076,1.12884,-80.8,-77.48
04/01/2019 21:50,04/12/2019 12:11,EURUSD,Buy,0.11,1.12103,1.13103,100,92.71
03/29/2019 21:50,04/01/2019 05:50,EURUSD,Buy,7.04,1.12188,1.12307,11.9,752.58
03/28/2019 21:50,04/01/2019 05:50,EURUSD,Buy,1.76,1.12288,1.12307,1.9,-9.16
03/21/2019 21:50,04/01/2019 05:50,EURUSD,Buy,0.11,1.13611,1.12307,-130.4,-155.41
03/27/2019 21:50,04/01/2019 05:50,EURUSD,Buy,0.44,1.12649,1.12307,-34.2,-177.09
03/21/2019 21:50,03/27/2019 04:56,EURUSD,Sell,0.11,1.13585,1.12585,100,113.04
03/20/2019 21:50,03/20/2019 23:56,EURUSD,Sell,7.04,1.14429,1.14123,30.6,2154.24
03/11/2019 21:50,03/20/2019 23:56,EURUSD,Sell,0.11,1.12449,1.14123,-167.4,-177.3
03/18/2019 21:50,03/20/2019 23:56,EURUSD,Sell,0.44,1.13319,1.14123,-80.4,-347.68
03/19/2019 21:50,03/20/2019 23:56,EURUSD,Sell,1.76,1.13529,1.14123,-59.4,-1033.3
03/11/2019 21:50,03/18/2019 10:48,EURUSD,Buy,0.11,1.12474,1.13474,100,100.69
03/08/2019 20:50,03/11/2019 12:42,EURUSD,Buy,1.76,1.1242,1.12507,8.7,131.82
03/07/2019 20:50,03/11/2019 12:42,EURUSD,Buy,0.44,1.12217,1.12507,29,116.96
02/12/2019 20:50,03/11/2019 12:42,EURUSD,Buy,0.11,1.13339,1.12507,-83.2,-128.06
02/12/2019 20:50,03/07/2019 16:59,EURUSD,Sell,0.11,1.13312,1.12312,100,126.81
02/11/2019 20:50,02/12/2019 14:39,EURUSD,Buy,30.08,1.12712,1.12934,22.2,6301.76
02/04/2019 20:50,02/12/2019 14:39,EURUSD,Buy,0.47,1.1432,1.12934,-138.6,-700.01
02/07/2019 20:50,02/12/2019 14:39,EURUSD,Buy,1.88,1.13539,1.12934,-60.5,-1208.95
02/08/2019 20:50,02/12/2019 14:39,EURUSD,Buy,7.52,1.1326,1.12934,-32.6,-2639.52
02/04/2019 20:50,02/07/2019 13:39,EURUSD,Sell,0.47,1.14294,1.13294,100,482.26
02/01/2019 20:50,02/04/2019 06:33,EURUSD,Sell,7.2,1.14617,1.14453,16.4,1218.38
01/31/2019 20:50,02/04/2019 06:33,EURUSD,Sell,1.8,1.14433,1.14453,-2,-17.2
01/21/2019 20:50,02/04/2019 06:33,EURUSD,Sell,0.45,1.13645,1.14453,-80.8,-330.7
01/21/2019 20:50,01/30/2019 21:04,EURUSD,Buy,0.45,1.13673,1.14673,100,397.09
01/18/2019 20:50,01/21/2019 09:05,EURUSD,Buy,7.04,1.13675,1.13847,17.2,1118.94
01/17/2019 20:50,01/21/2019 09:05,EURUSD,Buy,1.76,1.13867,1.13847,-2,-81.18
01/07/2019 20:50,01/21/2019 09:05,EURUSD,Buy,0.44,1.148,1.13847,-95.3,-499.8
01/07/2019 20:50,01/17/2019 09:11,EURUSD,Sell,0.44,1.14773,1.13773,100,467.58
12/24/2018 20:50,12/26/2018 10:39,EURUSD,Sell,6.72,1.14121,1.13923,19.8,1400.72
11/20/2018 20:50,12/26/2018 10:39,EURUSD,Sell,0.42,1.13652,1.13923,-27.1,-34.93
12/21/2018 20:50,12/26/2018 10:39,EURUSD,Sell,1.68,1.13631,1.13923,-29.2,-464.25
11/20/2018 20:50,12/20/2018 11:23,EURUSD,Buy,0.42,1.13677,1.14677,100,244.37
11/19/2018 20:50,11/20/2018 11:03,EURUSD,Sell,6.4,1.14506,1.14263,24.3,1588.61
11/16/2018 20:50,11/20/2018 11:03,EURUSD,Sell,1.6,1.14153,1.14263,-11,-159.3
11/13/2018 20:50,11/20/2018 11:03,EURUSD,Sell,0.4,1.12553,1.14263,-171,-669.38
11/13/2018 20:50,11/15/2018 21:32,EURUSD,Buy,0.4,1.12578,1.13578,100,379.11
11/12/2018 20:50,11/13/2018 18:14,EURUSD,Buy,1.6,1.12383,1.12846,46.3,719.9
11/01/2018 21:50,11/13/2018 18:14,EURUSD,Buy,0.4,1.14077,1.12846,-123.1,-544.61
11/01/2018 21:50,11/12/2018 08:33,EURUSD,Sell,0.4,1.1405,1.1305,100,418.8
10/31/2018 21:50,11/01/2018 06:43,EURUSD,Buy,1.56,1.13138,1.1345,31.2,425.6
10/26/2018 21:50,11/01/2018 06:43,EURUSD,Buy,0.39,1.14078,1.1345,-62.8,-275.47
10/26/2018 21:50,10/31/2018 20:53,EURUSD,Sell,0.39,1.14051,1.13051,100,396.12
10/25/2018 21:50,10/26/2018 17:36,EURUSD,Buy,6.08,1.13623,1.13845,22.2,1270.36
10/24/2018 21:50,10/26/2018 17:36,EURUSD,Buy,1.52,1.13945,1.13845,-10,-231.4
10/10/2018 21:50,10/26/2018 17:36,EURUSD,Buy,0.38,1.15266,1.13845,-142.1,-629.29
10/10/2018 21:50,10/24/2018 11:00,EURUSD,Sell,0.38,1.15243,1.14243,100,407.74
10/09/2018 21:50,10/10/2018 17:00,EURUSD,Buy,1.48,1.15019,1.15236,21.7,301.83
10/02/2018 21:50,10/10/2018 17:00,EURUSD,Buy,0.37,1.15484,1.15236,-24.8,-130.41
10/02/2018 21:50,10/09/2018 13:04,EURUSD,Sell,0.37,1.1546,1.1446,100,383.51
09/24/2018 21:50,10/02/2018 11:50,EURUSD,Buy,0.1,1.17582,1.15129,-245.3,-254.45
09/27/2018 21:50,10/02/2018 11:50,EURUSD,Buy,0.4,1.16591,1.15129,-146.2,-599.59
09/28/2018 21:50,10/02/2018 11:50,EURUSD,Buy,1.6,1.16146,1.15129,-101.7,-1669
10/01/2018 21:50,10/02/2018 11:50,EURUSD,Buy,6.4,1.15776,1.15129,-64.7,-4224.38
09/24/2018 21:50,09/27/2018 21:19,EURUSD,Sell,0.1,1.17557,1.16557,100,102.11
09/20/2018 21:50,09/24/2018 08:54,EURUSD,Sell,0.4,1.1773,1.17357,37.3,152.58
09/21/2018 21:50,09/24/2018 08:54,EURUSD,Sell,1.6,1.17443,1.17357,8.6,144.35
09/05/2018 21:50,09/24/2018 08:54,EURUSD,Sell,0.1,1.16228,1.17357,-112.9,-104.89
09/05/2018 21:50,09/20/2018 14:19,EURUSD,Buy,0.1,1.16252,1.17252,100,81.5
09/04/2018 21:50,09/05/2018 04:22,EURUSD,Buy,6.4,1.15797,1.1596,16.3,973.57
08/31/2018 21:50,09/05/2018 04:22,EURUSD,Buy,0.4,1.16043,1.1596,-8.3,-46.25
08/29/2018 21:50,09/05/2018 04:22,EURUSD,Buy,0.1,1.17016,1.1596,-105.6,-113.22
09/03/2018 21:58,09/05/2018 04:22,EURUSD,Buy,1.6,1.162,1.1596,-24,-418.82
08/29/2018 21:50,08/31/2018 18:42,EURUSD,Sell,0.1,1.16991,1.15991,100,101.69
08/28/2018 21:50,08/29/2018 09:00,EURUSD,Sell,1.6,1.16939,1.16748,19.1,312.35
08/27/2018 21:50,08/29/2018 09:00,EURUSD,Sell,0.4,1.16759,1.16748,1.1,7.78
08/23/2018 21:50,08/29/2018 09:00,EURUSD,Sell,0.1,1.15372,1.16748,-137.6,-135.92
08/23/2018 21:50,08/27/2018 02:55,EURUSD,Buy,0.1,1.15394,1.16394,100,97.82
08/22/2018 21:50,08/23/2018 03:37,EURUSD,Sell,1.6,1.1585,1.15701,14.9,258.66
08/21/2018 21:50,08/23/2018 03:37,EURUSD,Sell,0.4,1.15801,1.15701,10,46.75
08/20/2018 21:50,08/23/2018 03:37,EURUSD,Sell,0.1,1.14655,1.15701,-104.6,-102.49
08/20/2018 21:50,08/21/2018 19:55,EURUSD,Buy,0.1,1.14678,1.15678,100,98.91
08/17/2018 21:57,08/20/2018 11:53,EURUSD,Sell,0.4,1.14424,1.14094,33,133.69
08/14/2018 21:50,08/20/2018 11:53,EURUSD,Sell,0.1,1.13395,1.14094,-69.9,-67.37
08/14/2018 21:50,08/17/2018 21:57,EURUSD,Buy,0.1,1.1342,1.1442,100,94.56
08/13/2018 21:50,08/14/2018 06:39,EURUSD,Buy,1.6,1.13968,1.14152,18.4,276.99
08/10/2018 21:50,08/14/2018 06:39,EURUSD,Buy,0.4,1.14007,1.14152,14.5,49.3
08/07/2018 21:50,08/14/2018 06:39,EURUSD,Buy,0.1,1.15948,1.14152,-179.6,-187.22
08/07/2018 21:50,08/10/2018 08:09,EURUSD,Sell,0.1,1.1592,1.1492,100,102.11
08/06/2018 21:50,08/07/2018 11:45,EURUSD,Buy,0.4,1.15563,1.15875,31.2,120.45
07/19/2018 21:50,08/07/2018 11:45,EURUSD,Buy,0.1,1.16503,1.15875,-62.8,-81.31
07/19/2018 21:50,08/06/2018 13:14,EURUSD,Sell,0.1,1.16479,1.15479,100,106.74
07/18/2018 21:50,07/19/2018 20:19,EURUSD,Buy,1.4,1.16499,1.16757,25.8,315.5
07/16/2018 21:50,07/19/2018 20:19,EURUSD,Buy,0.35,1.17169,1.16757,-41.2,-163.24
07/16/2018 21:50,07/18/2018 11:30,EURUSD,Sell,0.35,1.17144,1.16144,100,352.96
07/13/2018 21:50,07/16/2018 08:54,EURUSD,Buy,1.4,1.1679,1.17047,25.7,344.57
07/10/2018 21:50,07/16/2018 08:54,EURUSD,Buy,0.35,1.17454,1.17047,-40.7,-165.3
07/10/2018 21:50,07/13/2018 10:00,EURUSD,Sell,0.35,1.17429,1.16429,100,357.39
07/09/2018 21:50,07/10/2018 12:00,EURUSD,Sell,1.4,1.17464,1.1719,27.4,389.51
06/29/2018 21:50,07/10/2018 12:00,EURUSD,Sell,0.35,1.16716,1.1719,-47.4,-152.59
06/29/2018 21:50,07/09/2018 09:09,EURUSD,Buy,0.35,1.16743,1.17743,100,319.53
06/28/2018 21:50,06/29/2018 05:36,EURUSD,Buy,1.4,1.15568,1.15872,30.4,410.37
06/26/2018 21:50,06/29/2018 05:36,EURUSD,Buy,0.35,1.1647,1.15872,-59.8,-228.34
06/26/2018 21:50,06/27/2018 22:15,EURUSD,Sell,0.35,1.16441,1.15441,100,351.48
06/26/2018 21:50,06/27/2018 03:06,EURUSD,Buy,1.4,1.16468,1.16439,-2.9,-55.83
06/25/2018 21:50,06/26/2018 12:09,EURUSD,Sell,1.4,1.17079,1.16691,38.8,549.11
06/19/2018 21:50,06/26/2018 12:09,EURUSD,Sell,0.35,1.15757,1.16691,-93.4,-316.55
06/19/2018 21:50,06/25/2018 14:20,EURUSD,Buy,0.35,1.15783,1.16783,100,327.15
06/18/2018 21:50,06/19/2018 02:41,EURUSD,Buy,22.4,1.16192,1.16249,5.7,1033.09
06/15/2018 21:50,06/19/2018 02:41,EURUSD,Buy,5.6,1.16105,1.16249,14.4,684.54
06/14/2018 21:50,06/19/2018 02:41,EURUSD,Buy,1.4,1.16055,1.16249,19.4,225.91
06/08/2018 21:50,06/19/2018 02:41,EURUSD,Buy,0.35,1.17732,1.16249,-148.3,-553.33
06/08/2018 21:50,06/14/2018 16:18,EURUSD,Sell,0.35,1.17709,1.16709,100,358.87
06/07/2018 21:50,06/08/2018 09:20,EURUSD,Sell,5.6,1.18118,1.17866,25.2,1434.83
06/06/2018 21:50,06/08/2018 09:20,EURUSD,Sell,1.4,1.17635,1.17866,-23.1,-299.77
05/30/2018 21:50,06/08/2018 09:20,EURUSD,Sell,0.35,1.16479,1.17866,-138.7,-469.19
05/30/2018 21:50,06/06/2018 09:32,EURUSD,Buy,0.35,1.16503,1.17503,100,323.34
05/29/2018 21:50,05/30/2018 09:15,EURUSD,Buy,5.6,1.15292,1.1566,36.8,1999.87
05/24/2018 21:50,05/30/2018 09:15,EURUSD,Buy,0.35,1.17304,1.1566,-164.4,-590.24
05/28/2018 21:50,05/30/2018 09:15,EURUSD,Buy,1.4,1.16287,1.1566,-62.7,-908.26
05/24/2018 21:50,05/28/2018 15:34,EURUSD,Sell,0.35,1.17278,1.16278,100,353.16
05/23/2018 21:50,05/24/2018 11:30,EURUSD,Buy,1.4,1.17065,1.17379,31.4,396.34
05/17/2018 21:50,05/24/2018 11:30,EURUSD,Buy,0.35,1.18016,1.17379,-63.7,-248.21
05/17/2018 21:50,05/23/2018 14:42,EURUSD,Sell,0.35,1.17991,1.16991,100,356.32
05/16/2018 21:50,05/17/2018 05:12,EURUSD,Buy,5.6,1.18066,1.18297,23.1,1120.56
05/15/2018 21:50,05/17/2018 05:12,EURUSD,Buy,1.4,1.18538,1.18297,-24.1,-395.08
05/10/2018 21:50,05/17/2018 05:12,EURUSD,Buy,0.35,1.1929,1.18297,-99.3,-372.81
05/10/2018 21:50,05/15/2018 16:49,EURUSD,Sell,0.35,1.19261,1.18261,100,354.74
05/09/2018 21:50,05/10/2018 09:38,EURUSD,Buy,5.6,1.18626,1.18766,14,610.96
05/08/2018 21:50,05/10/2018 09:38,EURUSD,Buy,1.4,1.18681,1.18766,8.5,61.32
05/04/2018 21:50,05/10/2018 09:38,EURUSD,Buy,0.35,1.19611,1.18766,-84.5,-317.4
05/04/2018 21:50,05/08/2018 16:04,EURUSD,Sell,0.35,1.19585,1.18585,100,353.16
04/26/2018 21:50,05/04/2018 16:18,EURUSD,Buy,0.1,1.21074,1.19242,-183.2,-191.44
05/01/2018 21:50,05/04/2018 16:18,EURUSD,Buy,0.4,1.1997,1.19242,-72.8,-311.8
05/02/2018 21:50,05/04/2018 16:18,EURUSD,Buy,1.6,1.20052,1.19242,-81,-1361.92
05/03/2018 21:50,05/04/2018 16:18,EURUSD,Buy,6.4,1.19996,1.19242,-75.4,-4891.52
04/26/2018 21:50,05/01/2018 17:13,EURUSD,Sell,0.1,1.21046,1.20046,100,101.35
04/25/2018 21:50,04/26/2018 15:55,EURUSD,Buy,6.4,1.21792,1.22001,20.9,1139.84
04/23/2018 21:50,04/26/2018 15:55,EURUSD,Buy,0.4,1.22131,1.22001,-13,-72.6
04/19/2018 21:50,04/26/2018 15:55,EURUSD,Buy,0.1,1.23407,1.22001,-140.6,-147.81
04/24/2018 21:50,04/26/2018 15:55,EURUSD,Buy,1.6,1.22392,1.22001,-39.1,-691.52
04/19/2018 21:50,04/23/2018 12:00,EURUSD,Sell,0.1,1.23381,1.22381,100,100.9
04/18/2018 21:50,04/19/2018 11:36,EURUSD,Sell,1.6,1.23768,1.23624,14.4,252
04/17/2018 21:50,04/19/2018 11:36,EURUSD,Sell,0.4,1.23634,1.23624,1,11.2
04/02/2018 21:50,04/19/2018 11:36,EURUSD,Sell,0.1,1.23013,1.23624,-61.1,-52.55
04/02/2018 21:50,04/17/2018 10:13,EURUSD,Buy,0.1,1.23036,1.24036,100,84.55
03/30/2018 21:50,04/02/2018 14:33,EURUSD,Buy,1.6,1.23236,1.23327,9.1,129.12
03/29/2018 21:50,04/02/2018 14:33,EURUSD,Buy,0.4,1.23081,1.23327,24.6,90.16
03/27/2018 21:50,04/02/2018 14:33,EURUSD,Buy,0.1,1.24031,1.23327,-70.4,-76.62
03/27/2018 21:50,03/29/2018 10:41,EURUSD,Sell,0.1,1.24004,1.23004,100,101.69
03/26/2018 21:50,03/27/2018 12:52,EURUSD,Sell,0.4,1.24565,1.24153,41.2,166.49
03/08/2018 20:50,03/27/2018 12:52,EURUSD,Sell,0.1,1.23124,1.24153,-102.9,-95.74
03/08/2018 20:50,03/26/2018 12:50,EURUSD,Buy,0.1,1.2315,1.2415,100,83.36
03/07/2018 20:50,03/08/2018 13:00,EURUSD,Sell,0.4,1.24083,1.23782,30.1,125.46
03/02/2018 20:50,03/08/2018 13:00,EURUSD,Sell,0.1,1.23199,1.23782,-58.3,-56.15
03/02/2018 20:50,03/07/2018 01:01,EURUSD,Buy,0.1,1.23229,1.24229,100,96.88
03/01/2018 20:50,03/01/2018 21:23,EURUSD,Buy,1.6,1.21923,1.22097,17.4,278.4
02/28/2018 20:50,03/01/2018 21:23,EURUSD,Buy,0.4,1.22077,1.22097,2,-4.46
02/22/2018 20:50,03/01/2018 21:23,EURUSD,Buy,0.1,1.23227,1.22097,-113,-120.27
02/22/2018 20:50,02/28/2018 04:53,EURUSD,Sell,0.1,1.23199,1.22199,100,100.92
02/21/2018 20:50,02/21/2018 21:11,EURUSD,Buy,0.4,1.23221,1.23537,31.6,126.4
02/16/2018 20:57,02/21/2018 21:11,EURUSD,Buy,0.1,1.24183,1.23537,-64.6,-67.72
02/16/2018 20:57,02/21/2018 09:32,EURUSD,Sell,0.1,1.24153,1.23153,100,100.69
02/16/2018 20:50,02/16/2018 20:57,EURUSD,Sell,0.4,1.24315,1.24183,13.2,52.8
02/14/2018 20:50,02/16/2018 20:57,EURUSD,Sell,0.1,1.24275,1.24183,9.2,10.11
02/14/2018 20:50,02/16/2018 04:31,EURUSD,Buy,0.1,1.24303,1.25303,100,95.85
02/13/2018 20:50,02/14/2018 15:30,EURUSD,Sell,0.4,1.23504,1.23129,37.5,150.91
02/09/2018 20:50,02/14/2018 15:30,EURUSD,Sell,0.1,1.22248,1.23129,-88.1,-87.41
02/09/2018 20:50,02/13/2018 09:46,EURUSD,Buy,0.1,1.22297,1.23297,100,97.92
02/08/2018 20:50,02/09/2018 09:54,EURUSD,Buy,6.4,1.22695,1.22831,13.6,803.97
02/07/2018 20:50,02/09/2018 09:54,EURUSD,Buy,1.6,1.22637,1.22831,19.4,243.97
02/02/2018 20:50,02/09/2018 09:54,EURUSD,Buy,0.1,1.24748,1.22831,-191.7,-198.97
02/06/2018 20:50,02/09/2018 09:54,EURUSD,Buy,0.4,1.23991,1.22831,-116,-484.76
02/02/2018 20:50,02/05/2018 23:50,EURUSD,Sell,0.1,1.24721,1.23721,100,100.23
02/01/2018 20:50,02/02/2018 15:35,EURUSD,Sell,0.4,1.24903,1.24568,33.5,134.91
01/30/2018 20:50,02/02/2018 15:35,EURUSD,Sell,0.1,1.23848,1.24568,-72,-70.86
01/30/2018 20:50,02/01/2018 19:03,EURUSD,Buy,0.1,1.23875,1.24875,100,95.85
01/29/2018 20:50,01/30/2018 11:56,EURUSD,Buy,0.4,1.23775,1.24035,26,99.85
01/26/2018 20:50,01/30/2018 11:56,EURUSD,Buy,0.1,1.24454,1.24035,-41.9,-43.98
01/26/2018 20:50,01/29/2018 18:19,EURUSD,Sell,0.1,1.24428,1.23428,100,100.23
01/25/2018 20:50,01/25/2018 21:04,EURUSD,Sell,1.6,1.24735,1.24416,31.9,510.4
01/24/2018 20:50,01/25/2018 21:04,EURUSD,Sell,0.4,1.24021,1.24416,-39.5,-155.28
01/16/2018 20:50,01/25/2018 21:04,EURUSD,Sell,0.1,1.2263,1.24416,-178.6,-176.09
01/16/2018 20:50,01/24/2018 15:58,EURUSD,Buy,0.1,1.22656,1.23656,100,91.69
01/15/2018 20:50,01/16/2018 09:10,EURUSD,Sell,1.6,1.2272,1.22271,44.9,722.03
01/08/2018 20:50,01/16/2018 09:10,EURUSD,Sell,0.1,1.19606,1.22271,-266.5,-264.9
01/12/2018 20:50,01/16/2018 09:10,EURUSD,Sell,0.4,1.21573,1.22271,-69.8,-278.29
01/08/2018 20:50,01/12/2018 02:11,EURUSD,Buy,0.1,1.19631,1.20631,100,93.77
12/20/2017 20:50,12/21/2017 16:13,EURUSD,Sell,0.4,1.18819,1.18512,30.7,126.65
12/11/2017 20:50,12/21/2017 16:13,EURUSD,Sell,0.1,1.17906,1.18512,-60.6,-56.76
12/11/2017 20:50,12/20/2017 17:37,EURUSD,Buy,0.1,1.17933,1.18933,100,92.34
12/08/2017 20:50,12/11/2017 11:38,EURUSD,Buy,0.4,1.17641,1.17959,31.8,123.78
11/28/2017 20:50,12/11/2017 11:38,EURUSD,Buy,0.1,1.18609,1.17959,-65,-76.07
11/28/2017 20:50,12/08/2017 08:23,EURUSD,Sell,0.1,1.18587,1.17587,100,103.84
11/27/2017 20:50,11/28/2017 09:18,EURUSD,Sell,1.6,1.19017,1.18913,10.4,171.54
11/24/2017 20:50,11/28/2017 09:18,EURUSD,Sell,0.4,1.19234,1.18913,32.1,130.96
11/16/2017 20:50,11/28/2017 09:18,EURUSD,Sell,0.1,1.17696,1.18913,-121.7,-118.5
11/16/2017 20:50,11/24/2017 11:09,EURUSD,Buy,0.1,1.17722,1.18722,100,93.19
11/15/2017 20:50,11/16/2017 00:27,EURUSD,Sell,1.6,1.18006,1.17837,16.9,285.81
11/14/2017 20:50,11/16/2017 00:27,EURUSD,Sell,0.4,1.17972,1.17837,13.5,59.13
10/30/2017 21:50,11/16/2017 00:27,EURUSD,Sell,0.1,1.16324,1.17837,-151.3,-145.22
10/30/2017 21:50,11/14/2017 14:30,EURUSD,Buy,0.1,1.16349,1.17349,100,87.23
10/27/2017 21:50,10/30/2017 11:19,EURUSD,Buy,1.6,1.15967,1.16278,31.1,483.94
10/26/2017 21:50,10/30/2017 11:19,EURUSD,Buy,0.4,1.16653,1.16278,-37.5,-156.84
10/10/2017 21:50,10/30/2017 11:19,EURUSD,Buy,0.1,1.18035,1.16278,-175.7,-192.73
10/10/2017 21:50,10/26/2017 17:57,EURUSD,Sell,0.1,1.18011,1.17011,100,105.76
10/06/2017 21:50,10/10/2017 04:13,EURUSD,Buy,0.4,1.17315,1.17586,27.1,101.56
10/09/2017 21:50,10/10/2017 04:13,EURUSD,Buy,1.6,1.17528,1.17586,5.8,79.14
09/28/2017 21:50,10/10/2017 04:13,EURUSD,Buy,0.1,1.17878,1.17586,-29.2,-37.71
09/28/2017 21:50,10/06/2017 15:30,EURUSD,Sell,0.1,1.17852,1.16852,100,102.56
09/27/2017 21:50,09/28/2017 13:47,EURUSD,Buy,6.4,1.17595,1.17787,19.2,1064.83
09/15/2017 21:50,09/28/2017 13:47,EURUSD,Buy,0.1,1.19413,1.17787,-162.6,-173.82
09/25/2017 21:50,09/28/2017 13:47,EURUSD,Buy,0.4,1.1844,1.17787,-65.3,-278.29
09/26/2017 21:50,09/28/2017 13:47,EURUSD,Buy,1.6,1.17961,1.17787,-17.4,-333.05
09/15/2017 21:50,09/25/2017 19:19,EURUSD,Sell,0.1,1.19387,1.18387,100,102.29
09/14/2017 21:50,09/15/2017 12:12,EURUSD,Buy,0.4,1.19174,1.19395,22.1,84.8
09/11/2017 21:50,09/15/2017 12:12,EURUSD,Buy,0.1,1.19657,1.19395,-26.2,-31.6
09/11/2017 21:50,09/14/2017 15:30,EURUSD,Sell,0.1,1.19633,1.18633,100,101.16
09/08/2017 21:50,09/11/2017 04:29,EURUSD,Sell,1.6,1.20281,1.20073,20.8,336.53
09/07/2017 21:50,09/11/2017 04:29,EURUSD,Sell,0.4,1.19964,1.20073,-10.9,-41.74
08/30/2017 21:50,09/11/2017 04:29,EURUSD,Sell,0.1,1.18903,1.20073,-117,-114.22
08/30/2017 21:50,09/07/2017 15:34,EURUSD,Buy,0.1,1.18934,1.19934,100,91
08/30/2017 21:50,08/31/2017 00:02,EURUSD,Sell,0.4,1.18908,1.18863,4.5,20.8
08/29/2017 21:50,08/29/2017 22:20,EURUSD,Sell,6.4,1.19924,1.19751,17.3,1107.2
08/28/2017 21:50,08/29/2017 22:20,EURUSD,Sell,1.6,1.19782,1.19751,3.1,53.33
08/18/2017 21:50,08/29/2017 22:20,EURUSD,Sell,0.1,1.17561,1.19751,-219,-217
08/25/2017 21:50,08/29/2017 22:20,EURUSD,Sell,0.4,1.18719,1.19751,-103.2,-410.94
08/18/2017 21:50,08/25/2017 17:01,EURUSD,Buy,0.1,1.1759,1.1859,100,93.7
08/17/2017 21:50,08/18/2017 12:04,EURUSD,Buy,0.4,1.17471,1.17644,17.3,65.6
08/16/2017 21:50,08/18/2017 12:04,EURUSD,Buy,0.1,1.17716,1.17644,-7.2,-10.8
08/16/2017 21:50,08/17/2017 14:30,EURUSD,Sell,0.1,1.17689,1.16689,100,100.58
08/15/2017 21:50,08/16/2017 21:11,EURUSD,Buy,0.4,1.17353,1.17667,31.4,122
08/11/2017 21:50,08/16/2017 21:11,EURUSD,Buy,0.1,1.18301,1.17667,-63.4,-66.1
08/11/2017 21:50,08/15/2017 10:10,EURUSD,Sell,0.1,1.18272,1.17272,100,100.38
08/10/2017 21:50,08/10/2017 22:02,EURUSD,Buy,1.6,1.17684,1.17762,7.8,124.8
08/09/2017 21:50,08/10/2017 22:02,EURUSD,Buy,0.4,1.17597,1.17762,16.5,55.19
08/07/2017 21:50,08/10/2017 22:02,EURUSD,Buy,0.1,1.17937,1.17762,-17.5,-22
08/07/2017 21:50,08/09/2017 16:18,EURUSD,Sell,0.1,1.1791,1.1691,100,100.38
08/04/2017 21:50,08/07/2017 06:43,EURUSD,Buy,0.4,1.17678,1.17999,32.1,124.8
08/03/2017 21:50,08/07/2017 06:43,EURUSD,Buy,0.1,1.18663,1.17999,-66.4,-68.2
08/03/2017 21:50,08/04/2017 17:06,EURUSD,Sell,0.1,1.18634,1.17634,100,100.19
08/02/2017 21:50,08/03/2017 11:09,EURUSD,Sell,0.8,1.18564,1.18338,22.6,185.43
08/01/2017 21:50,08/03/2017 11:09,EURUSD,Sell,0.2,1.18056,1.18338,-28.2,-54.88
08/01/2017 21:50,08/02/2017 20:10,EURUSD,Buy,0.2,1.18077,1.19077,100,198.31
07/31/2017 21:50,08/01/2017 17:46,EURUSD,Sell,12.8,1.18289,1.17979,31,3991.17
07/19/2017 21:50,08/01/2017 17:46,EURUSD,Sell,0.2,1.15142,1.17979,-283.7,-562.7
07/27/2017 21:50,08/01/2017 17:46,EURUSD,Sell,0.8,1.16863,1.17979,-111.6,-888.45
07/28/2017 21:50,08/01/2017 17:46,EURUSD,Sell,3.2,1.1752,1.17979,-45.9,-1457.22
07/20/2017 21:50,07/26/2017 22:00,EURUSD,Buy,0.2,1.16238,1.17238,100,193.24
07/19/2017 21:50,07/20/2017 17:31,EURUSD,Buy,0.2,1.15167,1.16167,100,194.93
07/18/2017 21:50,07/19/2017 17:38,EURUSD,Sell,0.8,1.1556,1.15128,43.2,347.05
07/13/2017 21:50,07/19/2017 17:38,EURUSD,Sell,0.2,1.1402,1.15128,-110.8,-220.16
07/13/2017 21:50,07/18/2017 04:05,EURUSD,Buy,0.2,1.14047,1.15047,100,194.93
07/12/2017 21:50,07/13/2017 12:50,EURUSD,Sell,0.8,1.1414,1.13946,19.4,159.54
06/28/2017 21:50,07/13/2017 12:50,EURUSD,Sell,0.2,1.13789,1.13946,-15.7,-25.25
06/28/2017 21:50,07/12/2017 05:27,EURUSD,Buy,0.2,1.13817,1.14817,100,176.34
06/27/2017 21:50,06/28/2017 15:18,EURUSD,Sell,0.8,1.13394,1.13005,38.9,312.65
05/24/2017 21:50,06/28/2017 15:18,EURUSD,Sell,0.2,1.12068,1.13005,-93.7,-182.85
05/24/2017 21:50,06/27/2017 18:56,EURUSD,Buy,0.2,1.12094,1.13094,100,149.25
05/22/2017 21:50,05/23/2017 22:20,EURUSD,Sell,0.2,1.12389,1.11787,60.2,120.46
05/23/2017 21:50,05/23/2017 22:20,EURUSD,Sell,0.8,1.11791,1.11787,0.4,3.2
05/22/2017 21:50,05/23/2017 10:14,EURUSD,Buy,0.8,1.12417,1.12542,12.5,94.22
05/22/2017 21:50,05/23/2017 10:14,EURUSD,Buy,0.2,1.1242,1.12542,12.2,22.96
05/19/2017 21:50,05/22/2017 10:37,EURUSD,Sell,0.8,1.12056,1.11712,34.4,275.46
05/18/2017 21:50,05/22/2017 10:37,EURUSD,Sell,0.2,1.10956,1.11712,-75.6,-151.08
05/18/2017 21:50,05/19/2017 20:32,EURUSD,Buy,0.2,1.10984,1.11984,100,198.56
05/17/2017 21:50,05/18/2017 12:18,EURUSD,Sell,3.2,1.11533,1.11227,30.6,982.27
05/16/2017 21:50,05/18/2017 12:18,EURUSD,Sell,0.8,1.10915,1.11227,-31.2,-248.57
05/08/2017 21:50,05/18/2017 12:18,EURUSD,Sell,0.2,1.09311,1.11227,-191.6,-382.46
05/08/2017 21:50,05/16/2017 10:34,EURUSD,Buy,0.2,1.09339,1.10339,100,188.47
05/05/2017 21:50,05/08/2017 11:56,EURUSD,Sell,0.8,1.09848,1.09535,31.3,250.66
04/26/2017 21:50,05/08/2017 11:56,EURUSD,Sell,0.2,1.08902,1.09535,-63.3,-125.78
04/26/2017 21:50,05/05/2017 18:37,EURUSD,Buy,0.2,1.08927,1.09927,100,184.21
04/25/2017 21:50,04/26/2017 11:38,EURUSD,Sell,3.2,1.09365,1.09008,35.7,1143.65
04/24/2017 21:50,04/26/2017 11:38,EURUSD,Sell,0.8,1.08522,1.09008,-48.6,-388.18
04/21/2017 21:50,04/26/2017 11:38,EURUSD,Sell,0.2,1.06971,1.09008,-203.7,-407.16
04/21/2017 21:50,04/24/2017 00:00,EURUSD,Buy,0.2,1.07001,1.08001,100,198.57
04/20/2017 21:50,04/21/2017 13:17,EURUSD,Sell,0.8,1.07171,1.06946,22.5,180.31
04/05/2017 21:50,04/21/2017 13:17,EURUSD,Sell,0.2,1.06665,1.06946,-28.1,-54.79
04/05/2017 21:50,04/20/2017 11:48,EURUSD,Buy,0.2,1.06692,1.07692,100,175.72
04/03/2017 21:50,04/05/2017 00:58,EURUSD,Buy,12.8,1.06667,1.06782,11.5,1289.48
03/31/2017 21:50,04/05/2017 00:58,EURUSD,Buy,3.2,1.06806,1.06782,-2.4,-145.26
03/30/2017 21:50,04/05/2017 00:58,EURUSD,Buy,0.8,1.06898,1.06782,-11.6,-115.6
03/28/2017 21:50,04/05/2017 00:58,EURUSD,Buy,0.2,1.08068,1.06782,-128.6,-268.63
03/28/2017 21:50,03/30/2017 19:59,EURUSD,Sell,0.2,1.08042,1.07042,100,200.31
03/27/2017 21:50,03/28/2017 20:38,EURUSD,Sell,0.8,1.08672,1.08284,38.8,310.71
03/20/2017 21:50,03/28/2017 20:38,EURUSD,Sell,0.2,1.0735,1.08284,-93.4,-184.75
03/20/2017 21:50,03/27/2017 01:32,EURUSD,Buy,0.2,1.07375,1.08375,100,192.5
03/17/2017 21:50,03/20/2017 20:54,EURUSD,Sell,3.2,1.07472,1.07293,17.9,577.34
03/16/2017 21:50,03/20/2017 20:54,EURUSD,Sell,0.8,1.07313,1.07293,2,18.28
03/14/2017 21:50,03/20/2017 20:54,EURUSD,Sell,0.2,1.06077,1.07293,-121.6,-241.51
03/14/2017 21:50,03/15/2017 22:00,EURUSD,Buy,0.2,1.06104,1.07104,100,198.93
03/13/2017 21:50,03/14/2017 02:04,EURUSD,Sell,3.2,1.06575,1.06492,8.3,270.21
03/10/2017 20:50,03/14/2017 02:04,EURUSD,Sell,0.8,1.06806,1.06492,31.4,253.5
02/23/2017 20:50,03/14/2017 02:04,EURUSD,Sell,0.2,1.05643,1.06492,-84.9,-164.89
02/23/2017 20:50,03/10/2017 17:55,EURUSD,Buy,0.2,1.05663,1.06663,100,183.78
02/22/2017 20:50,02/22/2017 21:06,EURUSD,Buy,0.8,1.05391,1.05657,26.6,212.8
02/17/2017 20:50,02/22/2017 21:06,EURUSD,Buy,0.2,1.06103,1.05657,-44.6,-92.44
02/17/2017 20:50,02/22/2017 09:46,EURUSD,Sell,0.2,1.06077,1.05077,100,200.87
02/16/2017 20:50,02/17/2017 17:22,EURUSD,Sell,0.8,1.06614,1.06308,30.6,245.95
02/14/2017 20:50,02/17/2017 17:22,EURUSD,Sell,0.2,1.05702,1.06308,-60.6,-119.76
02/14/2017 20:50,02/16/2017 17:53,EURUSD,Buy,0.2,1.05727,1.06727,100,195.67
02/13/2017 20:50,02/14/2017 10:26,EURUSD,Buy,3.2,1.06038,1.06249,21.1,657.86
02/10/2017 20:50,02/14/2017 10:26,EURUSD,Buy,0.8,1.06362,1.06249,-11.3,-99.08
02/01/2017 20:50,02/14/2017 10:26,EURUSD,Buy,0.2,1.07447,1.06249,-119.8,-253.66
02/01/2017 20:50,02/10/2017 09:58,EURUSD,Sell,0.2,1.07422,1.06422,100,203.17
01/31/2017 20:50,02/01/2017 16:30,EURUSD,Sell,0.8,1.07883,1.07524,35.9,288.35
01/18/2017 20:50,02/01/2017 16:30,EURUSD,Sell,0.2,1.06706,1.07524,-81.8,-159.62
01/18/2017 20:50,01/31/2017 16:29,EURUSD,Buy,0.2,1.06736,1.07736,100,186.2
01/17/2017 20:50,01/18/2017 15:01,EURUSD,Sell,0.8,1.06969,1.06651,31.8,255.5
01/16/2017 20:50,01/18/2017 15:01,EURUSD,Sell,0.2,1.05998,1.06651,-65.3,-130.04
01/16/2017 20:50,01/17/2017 13:30,EURUSD,Buy,0.2,1.06023,1.07023,100,198.96
01/13/2017 20:50,01/16/2017 00:00,EURUSD,Sell,0.8,1.06304,1.06189,11.5,93.1
01/12/2017 20:50,01/16/2017 00:00,EURUSD,Sell,0.2,1.06347,1.06189,15.8,32.16
01/12/2017 20:50,01/13/2017 12:11,EURUSD,Buy,0.8,1.06373,1.06497,12.4,95.05
01/12/2017 20:50,01/13/2017 12:11,EURUSD,Buy,0.2,1.06374,1.06497,12.3,23.56
01/09/2017 20:50,01/11/2017 21:01,EURUSD,Buy,0.2,1.05706,1.06087,38.1,74.12
01/11/2017 20:50,01/11/2017 21:01,EURUSD,Buy,0.8,1.06027,1.06087,6,48
01/09/2017 20:50,01/11/2017 17:15,EURUSD,Sell,0.2,1.0568,1.0468,100,200.56
12/16/2016 20:50,12/26/2016 03:37,EURUSD,Sell,0.2,1.04411,1.04511,-10,-17.91
12/16/2016 20:50,12/26/2016 03:37,EURUSD,Buy,0.2,1.04447,1.04478,3.1,-1.73
12/15/2016 20:50,12/16/2016 12:09,EURUSD,Buy,0.8,1.0413,1.04653,52.3,415.02
12/08/2016 20:50,12/16/2016 12:09,EURUSD,Buy,0.2,1.06125,1.04653,-147.2,-301.19
12/08/2016 20:50,12/14/2016 22:51,EURUSD,Sell,0.2,1.06097,1.05097,100,200.84
12/06/2016 20:50,12/08/2016 18:10,EURUSD,Sell,0.2,1.07051,1.06051,100,200.83
12/06/2016 20:50,12/08/2016 14:45,EURUSD,Buy,0.2,1.07079,1.08079,100,196.61
12/05/2016 20:50,12/06/2016 15:49,EURUSD,Sell,0.6,1.07773,1.0729,48.3,290.42
11/21/2016 20:50,12/06/2016 15:49,EURUSD,Sell,0.15,1.05976,1.0729,-131.4,-194.7
11/21/2016 20:50,12/05/2016 13:23,EURUSD,Buy,0.15,1.06,1.07,100,141
11/18/2016 20:50,11/21/2016 10:28,EURUSD,Buy,0.6,1.05966,1.0635,38.4,227.79
11/15/2016 20:50,11/21/2016 10:28,EURUSD,Buy,0.15,1.07266,1.0635,-91.6,-141.31
11/15/2016 20:50,11/17/2016 22:06,EURUSD,Sell,0.15,1.07244,1.06244,100,150.65
11/14/2016 20:50,11/15/2016 10:25,EURUSD,Buy,2.4,1.07485,1.07855,37,877.56
11/09/2016 20:50,11/15/2016 10:25,EURUSD,Buy,0.15,1.09468,1.07855,-161.3,-245.86
11/11/2016 20:50,11/15/2016 10:25,EURUSD,Buy,0.6,1.08497,1.07855,-64.2,-390.42
11/09/2016 20:50,11/11/2016 18:14,EURUSD,Sell,0.15,1.09436,1.08436,100,150.65
11/03/2016 21:50,11/04/2016 18:01,EURUSD,Sell,0.15,1.11067,1.11159,-9.2,-13.64
11/03/2016 21:50,11/04/2016 18:01,EURUSD,Buy,0.15,1.11093,1.1114,4.7,6.4
11/02/2016 21:50,11/03/2016 14:45,EURUSD,Sell,2.4,1.10948,1.10702,24.6,598.18
11/01/2016 21:50,11/03/2016 14:45,EURUSD,Sell,0.6,1.10588,1.10702,-11.4,-65.81
10/25/2016 21:50,11/03/2016 14:45,EURUSD,Sell,0.15,1.08941,1.10702,-176.1,-262.37
10/25/2016 21:50,11/01/2016 12:26,EURUSD,Buy,0.15,1.08959,1.09959,100,145.44
10/24/2016 21:50,10/25/2016 11:50,EURUSD,Buy,2.4,1.08796,1.08907,11.1,255.96
10/21/2016 21:50,10/25/2016 11:50,EURUSD,Buy,0.6,1.08696,1.08907,21.1,121.38
10/18/2016 21:50,10/25/2016 11:50,EURUSD,Buy,0.15,1.09796,1.08907,-88.9,-137.91
10/18/2016 21:50,10/21/2016 15:53,EURUSD,Sell,0.15,1.09773,1.08773,100,150.81
10/14/2016 21:50,10/18/2016 02:56,EURUSD,Buy,9.6,1.09906,1.10119,21.3,1961.28
10/12/2016 21:50,10/18/2016 02:56,EURUSD,Buy,0.6,1.10247,1.10119,-12.8,-92.46
10/10/2016 21:50,10/18/2016 02:56,EURUSD,Buy,0.15,1.11378,1.10119,-125.9,-194.06
10/13/2016 21:50,10/18/2016 02:56,EURUSD,Buy,2.4,1.10533,1.10119,-41.4,-1024.92
10/10/2016 21:50,10/12/2016 08:20,EURUSD,Sell,0.15,1.11351,1.10351,100,150.32
10/07/2016 21:50,10/07/2016 22:50,EURUSD,Buy,0.6,1.1174,1.11945,20.5,123
09/09/2016 21:00,10/07/2016 22:50,EURUSD,Buy,0.15,1.12144,1.11945,-19.9,-48.17
09/09/2016 21:00,10/07/2016 05:21,EURUSD,Sell,0.15,1.12118,1.11328,79,122.99
09/08/2016 21:00,09/09/2016 15:59,EURUSD,Sell,9.6,1.1251,1.12411,9.9,960.77
09/06/2016 21:00,09/09/2016 15:59,EURUSD,Sell,0.6,1.12555,1.12411,14.4,89.64
09/07/2016 21:00,09/09/2016 15:59,EURUSD,Sell,2.4,1.12366,1.12411,-4.5,-97.63
08/31/2016 21:00,09/09/2016 15:59,EURUSD,Sell,0.15,1.11504,1.12411,-90.7,-134.27
08/31/2016 21:00,09/06/2016 17:50,EURUSD,Buy,0.15,1.11531,1.12531,100,146.05
08/30/2016 21:00,08/31/2016 06:00,EURUSD,Buy,9.6,1.11366,1.1159,22.4,2108.35
08/19/2016 21:00,08/31/2016 06:00,EURUSD,Buy,0.15,1.13214,1.1159,-162.4,-250.19
08/26/2016 21:00,08/31/2016 06:00,EURUSD,Buy,0.6,1.12149,1.1159,-55.9,-343.29
08/29/2016 21:00,08/31/2016 06:00,EURUSD,Buy,2.4,1.11911,1.1159,-32.1,-791.42
08/19/2016 21:00,08/26/2016 19:21,EURUSD,Sell,0.15,1.13181,1.12181,100,151.13
08/18/2016 21:06,08/19/2016 10:48,EURUSD,Sell,0.6,1.13506,1.13157,34.9,210.02
08/17/2016 21:00,08/19/2016 10:48,EURUSD,Sell,0.15,1.12387,1.13157,-77,-114.87
08/17/2016 21:00,08/18/2016 21:06,EURUSD,Buy,0.15,1.125,1.135,100,148.08
08/17/2016 21:00,08/17/2016 21:00,EURUSD,Sell,2.4,1.12607,1.12503,10.4,249.6
08/16/2016 21:00,08/17/2016 21:00,EURUSD,Sell,0.6,1.12793,1.12503,29,174.62
08/03/2016 21:00,08/17/2016 21:00,EURUSD,Sell,0.15,1.11425,1.12503,-107.8,-159.48
08/03/2016 21:00,08/16/2016 09:37,EURUSD,Buy,0.15,1.11448,1.12448,100,141.68
08/01/2016 21:00,08/03/2016 20:31,EURUSD,Sell,6.4,1.11666,1.11532,13.4,870.92
07/29/2016 21:00,08/03/2016 20:31,EURUSD,Sell,1.6,1.11635,1.11532,10.3,169.78
07/26/2016 21:00,08/03/2016 20:31,EURUSD,Sell,0.1,1.09892,1.11532,-164,-163.19
07/28/2016 21:00,08/03/2016 20:31,EURUSD,Sell,0.4,1.10704,1.11532,-82.8,-329.52
07/26/2016 21:00,07/28/2016 09:09,EURUSD,Buy,0.1,1.09918,1.10918,100,98.29
07/22/2016 21:00,07/26/2016 07:54,EURUSD,Buy,0.4,1.09674,1.10023,34.9,136.2
07/25/2016 21:00,07/26/2016 07:54,EURUSD,Buy,1.6,1.0995,1.10023,7.3,109.98
07/05/2016 21:00,07/26/2016 07:54,EURUSD,Buy,0.1,1.10831,1.10023,-80.8,-89.64
07/05/2016 21:00,07/22/2016 17:58,EURUSD,Sell,0.1,1.10805,1.09805,100,101.93
07/04/2016 21:00,07/05/2016 03:57,EURUSD,Sell,6.4,1.11533,1.11356,17.7,1139.33
06/28/2016 21:00,07/05/2016 03:57,EURUSD,Sell,0.1,1.10397,1.11356,-95.9,-95.19
07/01/2016 21:00,07/05/2016 03:57,EURUSD,Sell,1.6,1.11257,1.11356,-9.9,-155.14
06/30/2016 21:00,07/05/2016 03:57,EURUSD,Sell,0.4,1.10486,1.11356,-87,-346.77
06/28/2016 21:00,06/30/2016 13:32,EURUSD,Buy,0.1,1.1042,1.1142,100,98.32
06/27/2016 21:00,06/28/2016 04:51,EURUSD,Buy,0.4,1.10083,1.10518,43.5,172.32
06/24/2016 21:00,06/28/2016 04:51,EURUSD,Buy,0.1,1.11634,1.10518,-111.6,-112.44
06/24/2016 21:00,06/27/2016 00:01,EURUSD,Sell,0.1,1.11598,1.10598,100,100.1
06/23/2016 21:00,06/24/2016 02:00,EURUSD,Sell,0.4,1.13573,1.13258,31.5,126.41
06/21/2016 21:00,06/24/2016 02:00,EURUSD,Sell,0.1,1.12623,1.13258,-63.5,-62.99
06/21/2016 21:00,06/23/2016 12:15,EURUSD,Buy,0.1,1.12653,1.13653,100,98.32
06/20/2016 21:00,06/21/2016 15:59,EURUSD,Sell,0.4,1.13075,1.12887,18.8,75.61
06/17/2016 21:00,06/21/2016 15:59,EURUSD,Sell,0.1,1.12759,1.12887,-12.8,-12.6
06/17/2016 21:00,06/20/2016 07:40,EURUSD,Buy,0.1,1.12789,1.13789,100,99.58
06/16/2016 21:00,06/16/2016 21:12,EURUSD,Buy,0.4,1.12212,1.12461,24.9,99.6
06/15/2016 21:00,06/16/2016 21:12,EURUSD,Buy,0.1,1.12831,1.12461,-37,-38.26
06/15/2016 21:00,06/16/2016 15:17,EURUSD,Sell,0.1,1.12643,1.11643,100,100.31
06/14/2016 21:00,06/15/2016 18:27,EURUSD,Buy,0.4,1.12153,1.12434,28.1,110.72
06/13/2016 21:00,06/15/2016 18:27,EURUSD,Buy,0.1,1.12934,1.12434,-50,-50.84
06/13/2016 21:00,06/14/2016 17:31,EURUSD,Sell,0.1,1.12911,1.11911,100,100.1
06/10/2016 21:00,06/13/2016 17:45,EURUSD,Buy,0.4,1.12603,1.12933,33,130.3
06/07/2016 21:00,06/13/2016 17:45,EURUSD,Buy,0.1,1.1363,1.12933,-69.7,-72.23
06/07/2016 21:00,06/10/2016 20:48,EURUSD,Sell,0.1,1.13604,1.12604,100,100.51
06/06/2016 21:00,06/07/2016 14:36,EURUSD,Sell,1.6,1.13673,1.13433,24,385.63
06/03/2016 21:00,06/07/2016 14:36,EURUSD,Sell,0.4,1.13435,1.13433,0.2,1.62
05/31/2016 21:00,06/07/2016 14:36,EURUSD,Sell,0.1,1.11339,1.13433,-209.4,-208.69
05/31/2016 21:00,06/03/2016 15:32,EURUSD,Buy,0.1,1.11369,1.12369,100,97.89
05/30/2016 21:00,05/31/2016 02:57,EURUSD,Buy,1.6,1.11371,1.11474,10.3,158.02
05/27/2016 21:00,05/31/2016 02:57,EURUSD,Buy,0.4,1.11253,1.11474,22.1,85
05/23/2016 21:00,05/31/2016 02:57,EURUSD,Buy,0.1,1.12257,1.11474,-78.3,-81.67
05/23/2016 21:00,05/27/2016 20:39,EURUSD,Sell,0.1,1.12231,1.11231,100,100.61
05/20/2016 21:00,05/23/2016 04:20,EURUSD,Buy,1.6,1.12228,1.12319,9.1,138.82
05/19/2016 21:00,05/23/2016 04:20,EURUSD,Buy,0.4,1.12024,1.12319,29.5,114.6
05/16/2016 21:00,05/23/2016 04:20,EURUSD,Buy,0.1,1.13196,1.12319,-87.7,-90.65
05/16/2016 21:00,05/18/2016 23:01,EURUSD,Sell,0.1,1.13171,1.12171,100,100.2
05/13/2016 21:00,05/16/2016 15:41,EURUSD,Buy,0.4,1.13001,1.13348,34.7,137.1
05/06/2016 21:00,05/16/2016 15:41,EURUSD,Buy,0.1,1.14112,1.13348,-76.4,-79.76
05/06/2016 21:00,05/13/2016 16:41,EURUSD,Sell,0.1,1.14085,1.13085,100,100.7
05/05/2016 21:00,05/06/2016 15:29,EURUSD,Buy,0.4,1.14006,1.14315,30.9,121.92
05/04/2016 21:00,05/06/2016 15:29,EURUSD,Buy,0.1,1.14925,1.14315,-61,-62.68
05/04/2016 21:00,05/05/2016 17:39,EURUSD,Sell,0.1,1.149,1.139,100,100.3
05/03/2016 21:00,05/03/2016 21:55,EURUSD,Sell,6.4,1.1523,1.15089,14.1,902.4
05/02/2016 21:00,05/03/2016 21:55,EURUSD,Sell,1.6,1.15162,1.15089,7.3,118.4
04/27/2016 21:00,05/03/2016 21:55,EURUSD,Sell,0.1,1.12949,1.15089,-214,-213.4
04/29/2016 21:00,05/03/2016 21:55,EURUSD,Sell,0.4,1.14403,1.15089,-68.6,-273.6
04/27/2016 21:00,04/29/2016 10:05,EURUSD,Buy,0.1,1.13109,1.14109,100,98.32
04/27/2016 21:00,04/27/2016 21:00,EURUSD,Sell,1.6,1.1334,1.13122,21.8,348.8
04/26/2016 21:00,04/27/2016 21:00,EURUSD,Sell,0.4,1.12918,1.13122,-20.4,-81.2
04/22/2016 21:00,04/27/2016 21:00,EURUSD,Sell,0.1,1.12192,1.13122,-93,-92.7
04/22/2016 21:00,04/26/2016 16:17,EURUSD,Buy,0.1,1.12218,1.13218,100,99.16
04/21/2016 21:00,04/22/2016 10:25,EURUSD,Sell,0.4,1.12898,1.12768,13,52.4
04/15/2016 21:00,04/22/2016 10:25,EURUSD,Sell,0.1,1.12873,1.12768,10.5,11.2
04/15/2016 21:00,04/21/2016 15:44,EURUSD,Buy,0.1,1.12898,1.13898,100,97.48
04/14/2016 21:00,04/15/2016 15:15,EURUSD,Buy,1.6,1.12714,1.12875,16.1,250.9
04/13/2016 21:00,04/15/2016 15:15,EURUSD,Buy,0.4,1.1284,1.12875,3.5,7.29
04/01/2016 21:00,04/15/2016 15:15,EURUSD,Buy,0.1,1.13845,1.12875,-97,-102.8
04/01/2016 21:00,04/13/2016 16:50,EURUSD,Sell,0.1,1.13819,1.12819,100,100.99
03/31/2016 21:00,04/01/2016 17:06,EURUSD,Sell,1.6,1.13842,1.13544,29.8,478.37
03/30/2016 21:00,04/01/2016 17:06,EURUSD,Sell,0.4,1.13186,1.13544,-35.8,-141.63
03/28/2016 21:00,04/01/2016 17:06,EURUSD,Sell,0.1,1.11967,1.13544,-157.7,-157.11
03/28/2016 21:00,03/29/2016 22:12,EURUSD,Buy,0.1,1.11992,1.12992,100,99.59
03/25/2016 21:00,03/28/2016 15:54,EURUSD,Buy,6.4,1.11685,1.11802,11.7,722.43
03/23/2016 21:00,03/28/2016 15:54,EURUSD,Buy,0.4,1.11852,1.11802,-5,-28.24
03/18/2016 21:00,03/28/2016 15:54,EURUSD,Buy,0.1,1.12761,1.11802,-95.9,-99.19
03/24/2016 21:00,03/28/2016 15:54,EURUSD,Buy,1.6,1.11865,1.11802,-6.3,-113.98
03/18/2016 21:00,03/23/2016 15:35,EURUSD,Sell,0.1,1.12736,1.11736,100,100.3
03/17/2016 21:00,03/18/2016 12:04,EURUSD,Sell,0.4,1.13164,1.12626,53.8,215.52
03/15/2016 21:00,03/18/2016 12:04,EURUSD,Sell,0.1,1.111,1.12626,-152.6,-152.2
03/15/2016 21:00,03/16/2016 21:45,EURUSD,Buy,0.1,1.11123,1.12123,100,99.65
03/14/2016 21:00,03/15/2016 05:02,EURUSD,Buy,1.6,1.10868,1.11136,26.8,423.15
03/10/2016 20:01,03/15/2016 05:02,EURUSD,Buy,0.1,1.1191,1.11136,-77.4,-78.45
03/11/2016 20:00,03/15/2016 05:02,EURUSD,Buy,0.4,1.11575,1.11136,-43.9,-178.42
03/10/2016 20:01,03/11/2016 12:55,EURUSD,Sell,0.1,1.11884,1.10884,100,100.08
03/09/2016 20:00,03/10/2016 17:10,EURUSD,Buy,0.1,1.10298,1.11298,100,98.94
03/09/2016 20:00,03/10/2016 14:45,EURUSD,Sell,0.1,1.10275,1.09275,100,100.24
03/09/2016 03:26,,,Deposit,0,0,0,0,2000
