Open Date,Close Date,Symbol,Action,Lots,Open Price,Close Price,Pips,Profit,Duration (DD:HH:MM:SS),Change %
03/02/2020 09:15,03/02/2020 16:58,AUDUSD,Sell,0.04,0.65635,0.65215,0,0,0,0
02/28/2020 16:57,02/28/2020 17:25,AUDUSD,Buy,0.16,0.64586,0.64936,0,0,0,0
02/28/2020 16:44,02/28/2020 17:25,AUDUSD,Buy,0.08,0.64886,0.64936,0,0,0,0
02/28/2020 05:55,02/28/2020 17:25,AUDUSD,Buy,0.04,0.65276,0.64936,0,0,0,0
02/27/2020 23:15,02/28/2020 17:25,AUDUSD,Buy,0.04,0.65666,0.64936,0,0,0,0
02/26/2020 22:53,02/27/2020 16:24,AUDUSD,Buy,0.32,0.65472,0.65852,0,0,0,0
02/26/2020 07:14,02/27/2020 16:24,AUDUSD,Buy,0.16,0.65772,0.65852,0,0,0,0
02/21/2020 03:09,02/27/2020 16:24,AUDUSD,Buy,0.08,0.66072,0.65852,0,0,0,0
02/20/2020 02:55,02/27/2020 16:24,AUDUSD,Buy,0.04,0.66462,0.65852,0,0,0,0
02/18/2020 09:00,02/27/2020 16:24,AUDUSD,Buy,0.04,0.66852,0.65852,0,0,0,0
02/11/2020 16:00,02/18/2020 03:26,AUDUSD,Sell,0.04,0.67284,0.66864,0,0,0,0
02/07/2020 11:35,02/11/2020 15:20,AUDUSD,Buy,0.04,0.66765,0.67195,0,0,0,0
02/07/2020 01:39,02/11/2020 15:20,AUDUSD,Buy,0.04,0.67155,0.67195,0,0,0,0
02/05/2020 09:45,02/07/2020 01:39,AUDUSD,Sell,0.04,0.67571,0.67151,0,0,0,0
01/30/2020 16:51,02/04/2020 22:35,AUDUSD,Buy,0.64,0.6703600000000001,0.67386,0,0,0,0
01/28/2020 10:05,02/04/2020 22:35,AUDUSD,Buy,0.32,0.67386,0.67386,0,0,0,0
01/22/2020 01:42,02/04/2020 22:35,AUDUSD,Buy,0.04,0.68376,0.67386,0,0,0,0
01/27/2020 13:39,02/04/2020 22:35,AUDUSD,Buy,0.16,0.67686,0.67386,0,0,0,0
01/27/2020 07:35,02/04/2020 22:35,AUDUSD,Buy,0.08,0.67986,0.67386,0,0,0,0
01/17/2020 17:15,02/04/2020 22:35,AUDUSD,Buy,0.04,0.68766,0.67386,0,0,0,0
01/16/2020 11:00,01/17/2020 16:35,AUDUSD,Sell,0.04,0.6917800000000001,0.68758,0,0,0,0
01/07/2020 12:16,01/16/2020 10:57,AUDUSD,Buy,0.04,0.6875600000000001,0.69186,0,0,0,0
01/07/2020 07:00,01/16/2020 10:57,AUDUSD,Buy,0.04,0.6914600000000001,0.69186,0,0,0,0
12/13/2019 15:15,12/16/2019 21:09,AUDUSD,Buy,0.04,0.689,0.6886800000000001,0,0,0,0
12/12/2019 23:12,12/13/2019 15:11,AUDUSD,Sell,0.08,0.69331,0.6893100000000001,0,0,0,0
12/12/2019 14:38,12/13/2019 15:11,AUDUSD,Sell,0.04,0.6894100000000001,0.6893100000000001,0,0,0,0
12/11/2019 17:05,12/13/2019 15:11,AUDUSD,Sell,0.04,0.6855100000000001,0.6893100000000001,0,0,0,0
12/10/2019 12:30,12/11/2019 17:05,AUDUSD,Buy,0.04,0.6813,0.6855,0,0,0,0
12/03/2019 09:53,12/10/2019 10:31,AUDUSD,Sell,0.04,0.6855399999999999,0.68124,0,0,0,0
12/02/2019 18:30,12/10/2019 10:31,AUDUSD,Sell,0.04,0.6816399999999999,0.68124,0,0,0,0
11/28/2019 00:15,12/02/2019 16:10,AUDUSD,Buy,0.04,0.6762,0.6805,0,0,0,0
11/18/2019 14:30,12/02/2019 16:10,AUDUSD,Buy,0.04,0.6801,0.6805,0,0,0,0
10/31/2019 02:20,11/08/2019 15:19,AUDUSD,Sell,0.04,0.6905600000000001,0.68626,0,0,0,0
10/29/2019 17:15,11/08/2019 15:19,AUDUSD,Sell,0.04,0.68666,0.68626,0,0,0,0
10/24/2019 17:45,10/29/2019 16:43,AUDUSD,Buy,0.04,0.68191,0.68611,0,0,0,0
10/21/2019 08:35,10/24/2019 15:51,AUDUSD,Sell,0.08,0.68657,0.68257,0,0,0,0
10/17/2019 11:38,10/24/2019 15:51,AUDUSD,Sell,0.04,0.68267,0.68257,0,0,0,0
10/17/2019 02:54,10/24/2019 15:51,AUDUSD,Sell,0.04,0.67877,0.68257,0,0,0,0
10/15/2019 16:00,10/17/2019 02:54,AUDUSD,Buy,0.04,0.67455,0.67875,0,0,0,0
10/11/2019 10:30,10/15/2019 15:36,AUDUSD,Sell,0.04,0.67904,0.67484,0,0,0,0
10/07/2019 10:30,10/11/2019 09:12,AUDUSD,Buy,0.04,0.67416,0.6783600000000001,0,0,0,0
10/02/2019 09:15,10/03/2019 16:48,AUDUSD,Buy,0.04,0.67037,0.67457,0,0,0,0
10/01/2019 15:43,10/02/2019 05:23,AUDUSD,Buy,0.32,0.66783,0.6716300000000001,0,0,0,0
10/01/2019 07:55,10/02/2019 05:23,AUDUSD,Buy,0.16,0.67083,0.6716300000000001,0,0,0,0
10/01/2019 04:17,10/02/2019 05:23,AUDUSD,Buy,0.08,0.67383,0.6716300000000001,0,0,0,0
09/20/2019 16:06,10/02/2019 05:23,AUDUSD,Buy,0.04,0.67773,0.6716300000000001,0,0,0,0
09/18/2019 20:45,10/02/2019 05:23,AUDUSD,Buy,0.04,0.6816300000000001,0.6716300000000001,0,0,0,0
09/17/2019 19:15,09/18/2019 20:42,AUDUSD,Sell,0.04,0.6862,0.682,0,0,0,0
09/09/2019 10:58,09/17/2019 08:56,AUDUSD,Sell,0.16,0.68671,0.68321,0,0,0,0
09/06/2019 11:24,09/17/2019 08:56,AUDUSD,Sell,0.08,0.68371,0.68321,0,0,0,0
09/04/2019 18:08,09/17/2019 08:56,AUDUSD,Sell,0.04,0.67981,0.68321,0,0,0,0
09/03/2019 21:00,09/17/2019 08:56,AUDUSD,Sell,0.04,0.67591,0.68321,0,0,0,0
08/30/2019 03:30,09/03/2019 16:51,AUDUSD,Buy,0.04,0.67103,0.67523,0,0,0,0
08/26/2019 09:15,08/30/2019 03:30,AUDUSD,Sell,0.04,0.67572,0.67152,0,0,0,0
08/26/2019 00:25,08/26/2019 08:56,AUDUSD,Buy,0.04,0.67061,0.67491,0,0,0,0
08/23/2019 14:30,08/26/2019 08:56,AUDUSD,Buy,0.04,0.67451,0.67491,0,0,0,0
08/16/2019 05:12,08/23/2019 03:32,AUDUSD,Sell,0.02,0.67938,0.67518,0,0,0,0
08/14/2019 12:26,08/16/2019 05:12,AUDUSD,Buy,0.02,0.67515,0.67935,0,0,0,0
08/13/2019 16:00,08/14/2019 12:26,AUDUSD,Sell,0.02,0.67937,0.6751699999999999,0,0,0,0
08/12/2019 14:00,08/13/2019 15:55,AUDUSD,Buy,0.02,0.67474,0.67894,0,0,0,0
08/08/2019 15:02,08/12/2019 12:42,AUDUSD,Sell,0.02,0.6794100000000001,0.67511,0,0,0,0
08/07/2019 17:00,08/12/2019 12:42,AUDUSD,Sell,0.02,0.67551,0.67511,0,0,0,0
08/07/2019 05:19,08/07/2019 10:13,AUDUSD,Buy,0.02,0.66852,0.67282,0,0,0,0
08/07/2019 04:30,08/07/2019 10:13,AUDUSD,Buy,0.02,0.67242,0.67282,0,0,0,0
07/24/2019 02:39,08/07/2019 04:25,AUDUSD,Buy,0.02,0.69867,0.6731699999999999,0,0,0,0
07/23/2019 03:15,08/07/2019 04:25,AUDUSD,Buy,0.02,0.70257,0.6731699999999999,0,0,0,0
07/25/2019 18:54,08/07/2019 04:25,AUDUSD,Buy,0.04,0.69477,0.6731699999999999,0,0,0,0
07/26/2019 15:56,08/07/2019 04:25,AUDUSD,Buy,0.08,0.69177,0.6731699999999999,0,0,0,0
07/30/2019 12:26,08/07/2019 04:25,AUDUSD,Buy,0.16,0.68877,0.6731699999999999,0,0,0,0
07/31/2019 20:39,08/07/2019 04:25,AUDUSD,Buy,0.32,0.6852699999999999,0.6731699999999999,0,0,0,0
08/01/2019 19:59,08/07/2019 04:25,AUDUSD,Buy,0.64,0.68177,0.6731699999999999,0,0,0,0
08/02/2019 14:18,08/07/2019 04:25,AUDUSD,Buy,1.28,0.6782699999999999,0.6731699999999999,0,0,0,0
07/18/2019 20:46,07/23/2019 03:09,AUDUSD,Sell,0.04,0.70663,0.70263,0,0,0,0
07/15/2019 04:27,07/23/2019 03:09,AUDUSD,Sell,0.02,0.70273,0.70263,0,0,0,0
07/12/2019 04:15,07/23/2019 03:09,AUDUSD,Sell,0.02,0.6988300000000001,0.70263,0,0,0,0
07/09/2019 10:40,07/11/2019 11:11,AUDUSD,Buy,0.02,0.6935899999999999,0.69789,0,0,0,0
07/08/2019 16:45,07/11/2019 11:11,AUDUSD,Buy,0.02,0.6974899999999999,0.69789,0,0,0,0
07/03/2019 11:01,07/05/2019 16:16,AUDUSD,Sell,0.02,0.7013,0.697,0,0,0,0
07/02/2019 04:00,07/05/2019 16:16,AUDUSD,Sell,0.02,0.6974,0.697,0,0,0,0
06/27/2019 16:47,07/01/2019 16:56,AUDUSD,Sell,0.08,0.70027,0.69677,0,0,0,0
06/25/2019 15:12,07/01/2019 16:56,AUDUSD,Sell,0.04,0.69727,0.69677,0,0,0,0
06/20/2019 15:14,07/01/2019 16:56,AUDUSD,Sell,0.02,0.6933699999999999,0.69677,0,0,0,0
06/19/2019 20:15,07/01/2019 16:56,AUDUSD,Sell,0.02,0.68947,0.69677,0,0,0,0
06/17/2019 16:56,06/19/2019 20:02,AUDUSD,Buy,0.08,0.68571,0.68921,0,0,0,0
06/14/2019 14:52,06/19/2019 20:02,AUDUSD,Buy,0.04,0.68871,0.68921,0,0,0,0
06/13/2019 03:30,06/19/2019 20:02,AUDUSD,Buy,0.02,0.6926100000000001,0.68921,0,0,0,0
06/10/2019 09:45,06/19/2019 20:02,AUDUSD,Buy,0.02,0.6965100000000001,0.68921,0,0,0,0
06/07/2019 16:07,06/10/2019 07:00,AUDUSD,Sell,0.08,0.70065,0.69715,0,0,0,0
06/03/2019 20:11,06/10/2019 07:00,AUDUSD,Sell,0.04,0.69765,0.69715,0,0,0,0
05/31/2019 16:39,06/10/2019 07:00,AUDUSD,Sell,0.02,0.69375,0.69715,0,0,0,0
05/19/2019 23:15,06/10/2019 07:00,AUDUSD,Sell,0.02,0.68985,0.69715,0,0,0,0
05/17/2019 20:27,05/19/2019 23:00,AUDUSD,Buy,0.08,0.68695,0.69045,0,0,0,0
05/16/2019 03:30,05/19/2019 23:00,AUDUSD,Buy,0.04,0.68995,0.69045,0,0,0,0
05/14/2019 14:33,05/19/2019 23:00,AUDUSD,Buy,0.02,0.69385,0.69045,0,0,0,0
05/09/2019 02:30,05/19/2019 23:00,AUDUSD,Buy,0.02,0.69775,0.69045,0,0,0,0
05/08/2019 03:45,05/09/2019 02:30,AUDUSD,Sell,0.02,0.7018399999999999,0.6976399999999999,0,0,0,0
05/07/2019 06:45,05/07/2019 18:09,AUDUSD,Sell,0.02,0.70438,0.70018,0,0,0,0
05/03/2019 03:45,05/07/2019 06:30,AUDUSD,Buy,0.02,0.6989,0.7031,0,0,0,0
04/26/2019 11:30,05/02/2019 17:23,AUDUSD,Sell,0.02,0.70387,0.69967,0,0,0,0
04/25/2019 14:30,04/26/2019 04:36,AUDUSD,Buy,0.16,0.69923,0.70303,0,0,0,0
04/24/2019 18:20,04/26/2019 04:36,AUDUSD,Buy,0.08,0.70223,0.70303,0,0,0,0
04/24/2019 03:30,04/26/2019 04:36,AUDUSD,Buy,0.04,0.70523,0.70303,0,0,0,0
04/23/2019 16:15,04/26/2019 04:36,AUDUSD,Buy,0.02,0.70913,0.70303,0,0,0,0
04/22/2019 15:00,04/26/2019 04:36,AUDUSD,Buy,0.02,0.71303,0.70303,0,0,0,0
04/12/2019 14:10,04/22/2019 13:05,AUDUSD,Sell,0.04,0.71753,0.71353,0,0,0,0
04/09/2019 06:27,04/22/2019 13:05,AUDUSD,Sell,0.02,0.71363,0.71353,0,0,0,0
04/03/2019 06:15,04/22/2019 13:05,AUDUSD,Sell,0.02,0.70973,0.71353,0,0,0,0
04/02/2019 17:14,04/03/2019 03:48,AUDUSD,Buy,0.02,0.70581,0.71011,0,0,0,0
03/27/2019 09:45,04/03/2019 03:48,AUDUSD,Buy,0.02,0.7097100000000001,0.71011,0,0,0,0
03/26/2019 17:28,03/27/2019 09:16,AUDUSD,Sell,0.02,0.71425,0.70995,0,0,0,0
03/25/2019 14:15,03/27/2019 09:16,AUDUSD,Sell,0.02,0.71035,0.70995,0,0,0,0
03/20/2019 20:02,03/22/2019 17:00,AUDUSD,Sell,0.02,0.71278,0.70848,0,0,0,0
03/15/2019 04:59,03/22/2019 17:00,AUDUSD,Sell,0.02,0.7088800000000001,0.70848,0,0,0,0
03/14/2019 12:45,03/15/2019 04:59,AUDUSD,Buy,0.02,0.70468,0.7088800000000001,0,0,0,0
03/12/2019 16:41,03/14/2019 12:42,AUDUSD,Sell,0.02,0.70887,0.70457,0,0,0,0
03/08/2019 14:30,03/14/2019 12:42,AUDUSD,Sell,0.02,0.70497,0.70457,0,0,0,0
03/07/2019 20:48,03/08/2019 14:30,AUDUSD,Buy,0.08,0.7014199999999999,0.70492,0,0,0,0
03/06/2019 03:51,03/08/2019 14:30,AUDUSD,Buy,0.04,0.7044199999999999,0.70492,0,0,0,0
03/01/2019 17:47,03/08/2019 14:30,AUDUSD,Buy,0.02,0.70832,0.70492,0,0,0,0
02/28/2019 14:45,03/08/2019 14:30,AUDUSD,Buy,0.02,0.71222,0.70492,0,0,0,0
02/25/2019 15:33,02/27/2019 16:02,AUDUSD,Sell,0.02,0.71804,0.7137399999999999,0,0,0,0
02/22/2019 18:15,02/27/2019 16:02,AUDUSD,Sell,0.02,0.71414,0.7137399999999999,0,0,0,0
02/21/2019 06:30,02/22/2019 18:01,AUDUSD,Buy,0.02,0.71021,0.71441,0,0,0,0
02/19/2019 18:38,02/21/2019 06:28,AUDUSD,Sell,0.02,0.71721,0.71291,0,0,0,0
02/15/2019 19:30,02/21/2019 06:28,AUDUSD,Sell,0.02,0.71331,0.71291,0,0,0,0
02/14/2019 16:37,02/15/2019 19:05,AUDUSD,Buy,0.02,0.70838,0.71258,0,0,0,0
02/13/2019 04:45,02/14/2019 16:37,AUDUSD,Sell,0.02,0.71282,0.70862,0,0,0,0
02/08/2019 01:20,02/13/2019 04:24,AUDUSD,Buy,0.16,0.70885,0.71265,0,0,0,0
02/06/2019 19:20,02/13/2019 04:24,AUDUSD,Buy,0.08,0.71185,0.71265,0,0,0,0
02/06/2019 06:58,02/13/2019 04:24,AUDUSD,Buy,0.04,0.71485,0.71265,0,0,0,0
02/06/2019 02:35,02/13/2019 04:24,AUDUSD,Buy,0.02,0.71875,0.71265,0,0,0,0
02/04/2019 05:30,02/13/2019 04:24,AUDUSD,Buy,0.02,0.72265,0.71265,0,0,0,0
01/31/2019 08:31,02/04/2019 01:36,AUDUSD,Sell,0.16,0.72733,0.72353,0,0,0,0
01/30/2019 20:03,02/04/2019 01:36,AUDUSD,Sell,0.08,0.72433,0.72353,0,0,0,0
01/30/2019 20:00,02/04/2019 01:36,AUDUSD,Sell,0.04,0.72133,0.72353,0,0,0,0
01/25/2019 16:46,02/04/2019 01:36,AUDUSD,Sell,0.02,0.71743,0.72353,0,0,0,0
01/25/2019 14:45,02/04/2019 01:36,AUDUSD,Sell,0.02,0.71353,0.72353,0,0,0,0
01/24/2019 10:35,01/25/2019 14:43,AUDUSD,Buy,0.04,0.70949,0.71349,0,0,0,0
01/22/2019 07:53,01/25/2019 14:43,AUDUSD,Buy,0.02,0.71339,0.71349,0,0,0,0
01/18/2019 17:17,01/25/2019 14:43,AUDUSD,Buy,0.02,0.71729,0.71349,0,0,0,0
01/17/2019 20:45,01/18/2019 17:17,AUDUSD,Sell,0.02,0.7215,0.7173,0,0,0,0
01/11/2019 01:30,01/17/2019 05:25,AUDUSD,Sell,0.02,0.72007,0.71577,0,0,0,0
01/09/2019 01:00,01/17/2019 05:25,AUDUSD,Sell,0.02,0.71617,0.71577,0,0,0,0
12/19/2018 21:02,12/20/2018 11:20,AUDUSD,Buy,0.08,0.71077,0.71427,0,0,0,0
12/19/2018 20:03,12/20/2018 11:20,AUDUSD,Buy,0.04,0.71377,0.71427,0,0,0,0
12/14/2018 08:42,12/20/2018 11:20,AUDUSD,Buy,0.02,0.71767,0.71427,0,0,0,0
12/07/2018 08:30,12/20/2018 11:20,AUDUSD,Buy,0.02,0.7215699999999999,0.71427,0,0,0,0
12/06/2018 11:25,12/07/2018 04:32,AUDUSD,Buy,0.16,0.7199300000000001,0.72373,0,0,0,0
12/06/2018 03:42,12/07/2018 04:32,AUDUSD,Buy,0.08,0.7229300000000001,0.72373,0,0,0,0
12/06/2018 00:48,12/07/2018 04:32,AUDUSD,Buy,0.04,0.72593,0.72373,0,0,0,0
12/05/2018 01:35,12/07/2018 04:32,AUDUSD,Buy,0.02,0.72983,0.72373,0,0,0,0
12/04/2018 22:00,12/07/2018 04:32,AUDUSD,Buy,0.02,0.73373,0.72373,0,0,0,0
12/03/2018 09:42,12/04/2018 18:04,AUDUSD,Sell,0.04,0.73861,0.73461,0,0,0,0
12/02/2018 23:00,12/04/2018 18:04,AUDUSD,Sell,0.02,0.7347100000000001,0.73461,0,0,0,0
11/28/2018 18:15,12/04/2018 18:04,AUDUSD,Sell,0.02,0.7308100000000001,0.73461,0,0,0,0
11/27/2018 18:16,11/28/2018 14:51,AUDUSD,Buy,0.04,0.72031,0.72431,0,0,0,0
11/20/2018 16:02,11/28/2018 14:51,AUDUSD,Buy,0.02,0.72421,0.72431,0,0,0,0
11/20/2018 05:30,11/28/2018 14:51,AUDUSD,Buy,0.02,0.72811,0.72431,0,0,0,0
11/16/2018 18:26,11/19/2018 18:04,AUDUSD,Sell,0.04,0.73242,0.72842,0,0,0,0
11/15/2018 08:54,11/19/2018 18:04,AUDUSD,Sell,0.02,0.72852,0.72842,0,0,0,0
11/14/2018 21:00,11/19/2018 18:04,AUDUSD,Sell,0.02,0.7246199999999999,0.72842,0,0,0,0
11/12/2018 08:29,11/14/2018 20:57,AUDUSD,Buy,0.02,0.7200300000000001,0.72433,0,0,0,0
11/09/2018 05:02,11/14/2018 20:57,AUDUSD,Buy,0.02,0.7239300000000001,0.72433,0,0,0,0
11/07/2018 10:52,11/09/2018 05:02,AUDUSD,Sell,0.02,0.72823,0.7239300000000001,0,0,0,0
11/06/2018 23:00,11/09/2018 05:02,AUDUSD,Sell,0.02,0.72433,0.7239300000000001,0,0,0,0
11/02/2018 18:15,11/06/2018 10:00,AUDUSD,Buy,0.02,0.71923,0.72343,0,0,0,0
11/02/2018 06:48,11/02/2018 18:09,AUDUSD,Sell,0.16,0.7232,0.7194,0,0,0,0
11/01/2018 16:49,11/02/2018 18:09,AUDUSD,Sell,0.08,0.7202,0.7194,0,0,0,0
11/01/2018 14:06,11/02/2018 18:09,AUDUSD,Sell,0.04,0.7172,0.7194,0,0,0,0
11/01/2018 08:55,11/02/2018 18:09,AUDUSD,Sell,0.02,0.7133,0.7194,0,0,0,0
10/26/2018 21:30,11/02/2018 18:09,AUDUSD,Sell,0.02,0.7094,0.7194,0,0,0,0
10/26/2018 05:10,10/26/2018 18:00,AUDUSD,Buy,0.02,0.7046399999999999,0.70894,0,0,0,0
10/22/2018 17:34,10/26/2018 18:00,AUDUSD,Buy,0.02,0.70854,0.70894,0,0,0,0
10/12/2018 02:16,10/22/2018 17:34,AUDUSD,Sell,0.02,0.7128399999999999,0.70854,0,0,0,0
10/11/2018 09:45,10/22/2018 17:34,AUDUSD,Sell,0.02,0.70894,0.70854,0,0,0,0
10/09/2018 20:30,10/10/2018 22:51,AUDUSD,Sell,0.02,0.71004,0.7058399999999999,0,0,0,0
10/05/2018 09:01,10/09/2018 20:28,AUDUSD,Buy,0.32,0.70601,0.71,0,0,0,0
10/04/2018 01:59,10/09/2018 20:28,AUDUSD,Buy,0.16,0.7095100000000001,0.71,0,0,0,0
10/02/2018 09:08,10/09/2018 20:28,AUDUSD,Buy,0.02,0.71941,0.71,0,0,0,0
10/03/2018 19:02,10/09/2018 20:28,AUDUSD,Buy,0.08,0.7125100000000001,0.71,0,0,0,0
10/03/2018 11:11,10/09/2018 20:28,AUDUSD,Buy,0.04,0.7155100000000001,0.71,0,0,0,0
09/27/2018 08:00,10/09/2018 20:28,AUDUSD,Buy,0.02,0.72331,0.71,0,0,0,0
09/26/2018 20:15,09/27/2018 03:29,AUDUSD,Sell,0.02,0.72922,0.72502,0,0,0,0
09/25/2018 04:15,09/26/2018 20:02,AUDUSD,Buy,0.02,0.72438,0.72858,0,0,0,0
09/21/2018 04:21,09/24/2018 08:22,AUDUSD,Sell,0.04,0.72946,0.72546,0,0,0,0
09/19/2018 11:37,09/24/2018 08:22,AUDUSD,Sell,0.02,0.72556,0.72546,0,0,0,0
09/18/2018 08:15,09/24/2018 08:22,AUDUSD,Sell,0.02,0.7216600000000001,0.72546,0,0,0,0
09/14/2018 14:59,09/18/2018 08:12,AUDUSD,Buy,0.02,0.71746,0.7216600000000001,0,0,0,0
09/13/2018 14:38,09/14/2018 14:59,AUDUSD,Sell,0.04,0.72155,0.71755,0,0,0,0
09/12/2018 17:18,09/14/2018 14:59,AUDUSD,Sell,0.02,0.71765,0.71755,0,0,0,0
09/12/2018 16:45,09/14/2018 14:59,AUDUSD,Sell,0.02,0.71375,0.71755,0,0,0,0
09/11/2018 14:08,09/12/2018 16:01,AUDUSD,Buy,0.04,0.709,0.713,0,0,0,0
09/07/2018 14:32,09/12/2018 16:01,AUDUSD,Buy,0.02,0.7129,0.713,0,0,0,0
09/06/2018 07:45,09/12/2018 16:01,AUDUSD,Buy,0.02,0.7168,0.713,0,0,0,0
09/05/2018 09:30,09/05/2018 19:17,AUDUSD,Buy,0.02,0.7154,0.7196,0,0,0,0
09/05/2018 03:45,09/05/2018 09:10,AUDUSD,Sell,0.02,0.72129,0.71709,0,0,0,0
09/04/2018 10:24,09/05/2018 03:30,AUDUSD,Buy,0.02,0.71645,0.72075,0,0,0,0
09/04/2018 02:15,09/05/2018 03:30,AUDUSD,Buy,0.02,0.72035,0.72075,0,0,0,0
09/03/2018 03:30,09/03/2018 10:03,AUDUSD,Buy,0.16,0.71754,0.72134,0,0,0,0
08/31/2018 17:30,09/03/2018 10:03,AUDUSD,Buy,0.08,0.72054,0.72134,0,0,0,0
08/31/2018 11:12,09/03/2018 10:03,AUDUSD,Buy,0.04,0.72354,0.72134,0,0,0,0
08/30/2018 17:20,09/03/2018 10:03,AUDUSD,Buy,0.02,0.72744,0.72134,0,0,0,0
08/29/2018 07:45,09/03/2018 10:03,AUDUSD,Buy,0.02,0.73134,0.72134,0,0,0,0
08/28/2018 15:14,08/29/2018 07:33,AUDUSD,Sell,0.04,0.7360399999999999,0.7320399999999999,0,0,0,0
08/24/2018 16:01,08/29/2018 07:33,AUDUSD,Sell,0.02,0.73214,0.7320399999999999,0,0,0,0
08/24/2018 05:00,08/29/2018 07:33,AUDUSD,Sell,0.02,0.72824,0.7320399999999999,0,0,0,0
08/23/2018 20:40,08/24/2018 04:57,AUDUSD,Buy,0.04,0.7247399999999999,0.7287399999999999,0,0,0,0
08/23/2018 04:44,08/24/2018 04:57,AUDUSD,Buy,0.02,0.72864,0.7287399999999999,0,0,0,0
08/23/2018 02:11,08/24/2018 04:57,AUDUSD,Buy,0.02,0.73254,0.7287399999999999,0,0,0,0
08/21/2018 18:55,08/23/2018 02:11,AUDUSD,Sell,0.04,0.73649,0.73249,0,0,0,0
08/20/2018 20:39,08/23/2018 02:11,AUDUSD,Sell,0.02,0.73259,0.73249,0,0,0,0
08/17/2018 10:15,08/23/2018 02:11,AUDUSD,Sell,0.02,0.72869,0.73249,0,0,0,0
08/17/2018 03:30,08/17/2018 03:49,AUDUSD,Sell,0.02,0.7277899999999999,0.7275699999999999,0,0,0,0
08/16/2018 07:45,08/16/2018 13:37,AUDUSD,Sell,0.01,0.7276100000000001,0.72711,0,0,0,0
08/14/2018 17:54,08/16/2018 07:30,AUDUSD,Buy,0.16,0.7237899999999999,0.72759,0,0,0,0
08/13/2018 03:06,08/16/2018 07:30,AUDUSD,Buy,0.08,0.72729,0.72759,0,0,0,0
08/09/2018 22:00,08/16/2018 07:30,AUDUSD,Buy,0.01,0.73779,0.72759,0,0,0,0
08/10/2018 08:16,08/16/2018 07:30,AUDUSD,Buy,0.04,0.7307899999999999,0.72759,0,0,0,0
08/10/2018 07:11,08/16/2018 07:30,AUDUSD,Buy,0.02,0.73429,0.72759,0,0,0,0
08/08/2018 19:15,08/09/2018 18:10,AUDUSD,Sell,0.01,0.7428100000000001,0.73931,0,0,0,0
08/07/2018 10:17,08/08/2018 14:47,AUDUSD,Sell,0.02,0.7430399999999999,0.73854,0,0,0,0
08/03/2018 13:22,08/08/2018 14:47,AUDUSD,Sell,0.01,0.73954,0.73854,0,0,0,0
08/03/2018 10:00,08/03/2018 13:22,AUDUSD,Buy,0.02,0.73505,0.73955,0,0,0,0
08/02/2018 06:00,08/03/2018 13:22,AUDUSD,Buy,0.01,0.73855,0.73955,0,0,0,0
07/31/2018 03:45,08/02/2018 05:59,AUDUSD,Sell,0.01,0.7421300000000001,0.73863,0,0,0,0
07/27/2018 10:49,07/31/2018 03:32,AUDUSD,Buy,0.02,0.73733,0.74183,0,0,0,0
07/26/2018 15:00,07/31/2018 03:32,AUDUSD,Buy,0.01,0.74083,0.74183,0,0,0,0
07/25/2018 21:45,07/26/2018 14:55,AUDUSD,Sell,0.02,0.74545,0.74095,0,0,0,0
07/24/2018 15:45,07/26/2018 14:55,AUDUSD,Sell,0.01,0.74195,0.74095,0,0,0,0
07/23/2018 15:45,07/24/2018 15:44,AUDUSD,Buy,0.01,0.73848,0.74198,0,0,0,0
07/23/2018 01:08,07/23/2018 15:08,AUDUSD,Sell,0.02,0.74327,0.7387699999999999,0,0,0,0
07/20/2018 14:45,07/23/2018 15:08,AUDUSD,Sell,0.01,0.7397699999999999,0.7387699999999999,0,0,0,0
07/19/2018 03:45,07/19/2018 09:08,AUDUSD,Sell,0.01,0.74269,0.73919,0,0,0,0
07/18/2018 07:31,07/19/2018 03:30,AUDUSD,Buy,0.02,0.73701,0.74151,0,0,0,0
07/17/2018 03:30,07/19/2018 03:30,AUDUSD,Buy,0.01,0.74051,0.74151,0,0,0,0
07/11/2018 19:15,07/16/2018 02:36,AUDUSD,Buy,0.02,0.73803,0.74253,0,0,0,0
07/11/2018 03:00,07/16/2018 02:36,AUDUSD,Buy,0.01,0.74153,0.74253,0,0,0,0
07/09/2018 08:14,07/10/2018 23:45,AUDUSD,Sell,0.08,0.7471300000000001,0.7431300000000001,0,0,0,0
07/06/2018 14:34,07/10/2018 23:45,AUDUSD,Sell,0.04,0.74363,0.7431300000000001,0,0,0,0
07/03/2018 13:57,07/10/2018 23:45,AUDUSD,Sell,0.02,0.7401300000000001,0.7431300000000001,0,0,0,0
07/03/2018 08:15,07/10/2018 23:45,AUDUSD,Sell,0.01,0.73663,0.7431300000000001,0,0,0,0
07/02/2018 17:00,07/03/2018 08:05,AUDUSD,Buy,0.01,0.73283,0.73633,0,0,0,0
06/29/2018 06:15,07/02/2018 14:34,AUDUSD,Sell,0.01,0.73866,0.73516,0,0,0,0
06/27/2018 21:12,06/29/2018 06:12,AUDUSD,Buy,0.02,0.7341,0.7386,0,0,0,0
06/27/2018 03:45,06/29/2018 06:12,AUDUSD,Buy,0.01,0.7376,0.7386,0,0,0,0
06/22/2018 10:15,06/27/2018 03:38,AUDUSD,Sell,0.01,0.74134,0.7378399999999999,0,0,0,0
06/19/2018 13:28,06/20/2018 01:47,AUDUSD,Buy,0.64,0.73502,0.73902,0,0,0,0
06/19/2018 07:37,06/20/2018 01:47,AUDUSD,Buy,0.32,0.73852,0.73902,0,0,0,0
06/13/2018 20:15,06/20/2018 01:47,AUDUSD,Buy,0.01,0.75602,0.73902,0,0,0,0
06/14/2018 17:36,06/20/2018 01:47,AUDUSD,Buy,0.02,0.75252,0.73902,0,0,0,0
06/14/2018 20:02,06/20/2018 01:47,AUDUSD,Buy,0.04,0.74902,0.73902,0,0,0,0
06/18/2018 17:37,06/20/2018 01:47,AUDUSD,Buy,0.16,0.74202,0.73902,0,0,0,0
06/15/2018 02:53,06/20/2018 01:47,AUDUSD,Buy,0.08,0.74552,0.73902,0,0,0,0
06/13/2018 17:42,06/13/2018 20:04,AUDUSD,Sell,0.01,0.76061,0.7571100000000001,0,0,0,0
06/13/2018 05:21,06/13/2018 17:42,AUDUSD,Buy,0.04,0.75608,0.76058,0,0,0,0
06/08/2018 08:19,06/13/2018 17:42,AUDUSD,Buy,0.02,0.75958,0.76058,0,0,0,0
06/07/2018 18:00,06/13/2018 17:42,AUDUSD,Buy,0.01,0.76308,0.76058,0,0,0,0
06/06/2018 07:36,06/07/2018 17:55,AUDUSD,Sell,0.16,0.76671,0.7629100000000001,0,0,0,0
06/04/2018 09:06,06/07/2018 17:55,AUDUSD,Sell,0.08,0.76321,0.7629100000000001,0,0,0,0
05/30/2018 10:15,06/07/2018 17:55,AUDUSD,Sell,0.01,0.75271,0.7629100000000001,0,0,0,0
06/04/2018 03:34,06/07/2018 17:55,AUDUSD,Sell,0.04,0.75971,0.7629100000000001,0,0,0,0
05/30/2018 17:31,06/07/2018 17:55,AUDUSD,Sell,0.02,0.75621,0.7629100000000001,0,0,0,0
05/30/2018 01:53,05/30/2018 09:55,AUDUSD,Buy,0.04,0.7478199999999999,0.75232,0,0,0,0
05/29/2018 13:06,05/30/2018 09:55,AUDUSD,Buy,0.02,0.75132,0.75232,0,0,0,0
05/28/2018 14:45,05/30/2018 09:55,AUDUSD,Buy,0.01,0.7548199999999999,0.75232,0,0,0,0
05/25/2018 10:31,05/25/2018 19:53,AUDUSD,Sell,0.01,0.75797,0.75447,0,0,0,0
05/23/2018 09:00,05/24/2018 01:16,AUDUSD,Buy,0.01,0.75339,0.75689,0,0,0,0
05/22/2018 08:25,05/23/2018 04:53,AUDUSD,Sell,0.04,0.75927,0.7547699999999999,0,0,0,0
05/21/2018 16:04,05/23/2018 04:53,AUDUSD,Sell,0.02,0.7557699999999999,0.7547699999999999,0,0,0,0
05/20/2018 23:30,05/23/2018 04:53,AUDUSD,Sell,0.01,0.75227,0.7547699999999999,0,0,0,0
05/17/2018 04:15,05/17/2018 14:48,AUDUSD,Sell,0.01,0.75435,0.75085,0,0,0,0
05/15/2018 14:49,05/16/2018 16:01,AUDUSD,Buy,0.02,0.7471800000000001,0.75168,0,0,0,0
05/15/2018 08:01,05/16/2018 16:01,AUDUSD,Buy,0.01,0.75068,0.75168,0,0,0,0
05/11/2018 11:34,05/15/2018 08:01,AUDUSD,Sell,0.02,0.7551800000000001,0.75068,0,0,0,0
05/10/2018 14:45,05/15/2018 08:01,AUDUSD,Sell,0.01,0.75168,0.75068,0,0,0,0
05/09/2018 02:45,05/10/2018 03:46,AUDUSD,Buy,0.01,0.74378,0.74728,0,0,0,0
05/01/2018 14:11,05/03/2018 12:06,AUDUSD,Buy,2.56,0.74985,0.754,0,0,0,0
04/30/2018 20:37,05/03/2018 12:06,AUDUSD,Buy,1.28,0.75335,0.754,0,0,0,0
04/19/2018 15:15,05/03/2018 12:06,AUDUSD,Buy,0.01,0.77785,0.754,0,0,0,0
04/19/2018 18:12,05/03/2018 12:06,AUDUSD,Buy,0.02,0.77435,0.754,0,0,0,0
04/20/2018 03:44,05/03/2018 12:06,AUDUSD,Buy,0.04,0.77085,0.754,0,0,0,0
04/20/2018 15:22,05/03/2018 12:06,AUDUSD,Buy,0.08,0.76735,0.754,0,0,0,0
04/23/2018 11:21,05/03/2018 12:06,AUDUSD,Buy,0.16,0.76385,0.754,0,0,0,0
04/25/2018 08:11,05/03/2018 12:06,AUDUSD,Buy,0.64,0.75685,0.754,0,0,0,0
04/23/2018 20:59,05/03/2018 12:06,AUDUSD,Buy,0.32,0.76035,0.754,0,0,0,0
04/13/2018 17:51,04/19/2018 06:04,AUDUSD,Buy,0.01,0.77645,0.77995,0,0,0,0
04/13/2018 12:16,04/13/2018 17:51,AUDUSD,Sell,0.08,0.78046,0.77646,0,0,0,0
04/11/2018 16:50,04/13/2018 17:51,AUDUSD,Sell,0.04,0.77696,0.77646,0,0,0,0
04/10/2018 04:47,04/13/2018 17:51,AUDUSD,Sell,0.02,0.77346,0.77646,0,0,0,0
04/09/2018 17:16,04/13/2018 17:51,AUDUSD,Sell,0.01,0.7699600000000001,0.77646,0,0,0,0
04/06/2018 01:15,04/09/2018 17:16,AUDUSD,Buy,0.01,0.76641,0.76991,0,0,0,0
04/04/2018 21:45,04/05/2018 16:50,AUDUSD,Sell,0.01,0.77146,0.7679600000000001,0,0,0,0
03/28/2018 09:22,04/04/2018 21:39,AUDUSD,Buy,0.02,0.76722,0.77172,0,0,0,0
03/27/2018 13:45,04/04/2018 21:39,AUDUSD,Buy,0.01,0.77072,0.77172,0,0,0,0
03/22/2018 14:15,03/27/2018 01:41,AUDUSD,Buy,0.01,0.77183,0.77533,0,0,0,0
03/22/2018 02:00,03/22/2018 11:35,AUDUSD,Sell,0.01,0.7772899999999999,0.77379,0,0,0,0
03/19/2018 03:25,03/21/2018 20:15,AUDUSD,Buy,0.16,0.77048,0.77428,0,0,0,0
03/16/2018 16:41,03/21/2018 20:15,AUDUSD,Buy,0.08,0.77398,0.77428,0,0,0,0
03/16/2018 03:17,03/21/2018 20:15,AUDUSD,Buy,0.04,0.7774800000000001,0.77428,0,0,0,0
03/15/2018 18:33,03/21/2018 20:15,AUDUSD,Buy,0.02,0.78098,0.77428,0,0,0,0
03/15/2018 13:22,03/21/2018 20:15,AUDUSD,Buy,0.01,0.7844800000000001,0.77428,0,0,0,0
03/13/2018 14:31,03/15/2018 13:22,AUDUSD,Sell,0.08,0.7884800000000001,0.7844800000000001,0,0,0,0
03/09/2018 17:50,03/15/2018 13:22,AUDUSD,Sell,0.04,0.78498,0.7844800000000001,0,0,0,0
03/06/2018 13:15,03/15/2018 13:22,AUDUSD,Sell,0.02,0.7814800000000001,0.7844800000000001,0,0,0,0
03/06/2018 02:15,03/15/2018 13:22,AUDUSD,Sell,0.01,0.77798,0.7844800000000001,0,0,0,0
03/01/2018 01:36,03/06/2018 02:05,AUDUSD,Buy,0.04,0.77384,0.7783399999999999,0,0,0,0
02/28/2018 21:05,03/06/2018 02:05,AUDUSD,Buy,0.02,0.7773399999999999,0.7783399999999999,0,0,0,0
02/27/2018 16:45,03/06/2018 02:05,AUDUSD,Buy,0.01,0.78084,0.7783399999999999,0,0,0,0
02/26/2018 03:45,02/26/2018 16:33,AUDUSD,Sell,0.01,0.78656,0.7830600000000001,0,0,0,0
02/21/2018 20:54,02/26/2018 03:35,AUDUSD,Buy,0.08,0.78264,0.78664,0,0,0,0
02/21/2018 04:25,02/26/2018 03:35,AUDUSD,Buy,0.04,0.78614,0.78664,0,0,0,0
02/16/2018 20:06,02/26/2018 03:35,AUDUSD,Buy,0.02,0.78964,0.78664,0,0,0,0
02/16/2018 14:42,02/26/2018 03:35,AUDUSD,Buy,0.01,0.79314,0.78664,0,0,0,0
02/16/2018 05:15,02/16/2018 14:42,AUDUSD,Sell,0.01,0.79665,0.79315,0,0,0,0
02/15/2018 07:48,02/15/2018 16:57,AUDUSD,Sell,0.02,0.79462,0.7901199999999999,0,0,0,0
02/14/2018 19:30,02/15/2018 16:57,AUDUSD,Sell,0.01,0.7911199999999999,0.7901199999999999,0,0,0,0
02/14/2018 14:45,02/14/2018 16:08,AUDUSD,Buy,0.01,0.77881,0.7823100000000001,0,0,0,0
02/13/2018 04:11,02/14/2018 14:30,AUDUSD,Sell,0.02,0.78659,0.78209,0,0,0,0
02/12/2018 02:15,02/14/2018 14:30,AUDUSD,Sell,0.01,0.78309,0.78209,0,0,0,0
02/09/2018 14:45,02/09/2018 18:47,AUDUSD,Sell,0.01,0.7820600000000001,0.77856,0,0,0,0
02/09/2018 03:11,02/09/2018 14:18,AUDUSD,Buy,0.04,0.7762600000000001,0.78076,0,0,0,0
02/08/2018 13:11,02/09/2018 14:18,AUDUSD,Buy,0.02,0.77976,0.78076,0,0,0,0
02/07/2018 18:45,02/09/2018 14:18,AUDUSD,Buy,0.01,0.7832600000000001,0.78076,0,0,0,0
02/06/2018 04:52,02/06/2018 22:47,AUDUSD,Buy,0.02,0.7856,0.7901,0,0,0,0
02/05/2018 22:00,02/06/2018 22:47,AUDUSD,Buy,0.01,0.7891,0.7901,0,0,0,0
02/05/2018 00:14,02/05/2018 02:53,AUDUSD,Buy,0.32,0.7894800000000001,0.79298,0,0,0,0
02/02/2018 16:00,02/05/2018 02:53,AUDUSD,Buy,0.16,0.79298,0.79298,0,0,0,0
01/31/2018 18:00,02/05/2018 02:53,AUDUSD,Buy,0.01,0.80698,0.79298,0,0,0,0
02/01/2018 07:12,02/05/2018 02:53,AUDUSD,Buy,0.02,0.80348,0.79298,0,0,0,0
02/02/2018 14:30,02/05/2018 02:53,AUDUSD,Buy,0.08,0.79648,0.79298,0,0,0,0
02/01/2018 11:57,02/05/2018 02:53,AUDUSD,Buy,0.04,0.79998,0.79298,0,0,0,0
01/31/2018 13:15,01/31/2018 17:14,AUDUSD,Sell,0.01,0.81125,0.80775,0,0,0,0
01/30/2018 12:30,01/31/2018 01:30,AUDUSD,Sell,0.01,0.8106,0.8071,0,0,0,0
01/30/2018 08:45,01/30/2018 11:30,AUDUSD,Buy,0.01,0.80592,0.80942,0,0,0,0
01/26/2018 18:18,01/30/2018 07:59,AUDUSD,Sell,0.02,0.81098,0.80648,0,0,0,0
01/26/2018 08:15,01/30/2018 07:59,AUDUSD,Sell,0.01,0.80748,0.80648,0,0,0,0
01/25/2018 23:53,01/26/2018 03:59,AUDUSD,Buy,0.02,0.80105,0.80555,0,0,0,0
01/25/2018 20:30,01/26/2018 03:59,AUDUSD,Buy,0.01,0.80455,0.80555,0,0,0,0
01/25/2018 04:27,01/25/2018 20:18,AUDUSD,Sell,0.04,0.80952,0.80502,0,0,0,0
01/24/2018 10:50,01/25/2018 20:18,AUDUSD,Sell,0.02,0.80602,0.80502,0,0,0,0
01/24/2018 07:15,01/25/2018 20:18,AUDUSD,Sell,0.01,0.80252,0.80502,0,0,0,0
01/23/2018 08:30,01/24/2018 03:31,AUDUSD,Buy,0.01,0.79719,0.80069,0,0,0,0
01/22/2018 11:30,01/23/2018 08:12,AUDUSD,Sell,0.01,0.8013600000000001,0.79786,0,0,0,0
01/19/2018 01:30,01/22/2018 02:33,AUDUSD,Sell,0.01,0.8016800000000001,0.79818,0,0,0,0
01/17/2018 23:07,01/18/2018 15:52,AUDUSD,Buy,0.01,0.79685,0.80035,0,0,0,0
01/17/2018 19:13,01/17/2018 23:07,AUDUSD,Sell,0.08,0.80083,0.79683,0,0,0,0
01/15/2018 16:58,01/17/2018 23:07,AUDUSD,Sell,0.04,0.79733,0.79683,0,0,0,0
01/15/2018 04:43,01/17/2018 23:07,AUDUSD,Sell,0.02,0.79383,0.79683,0,0,0,0
01/12/2018 20:00,01/17/2018 23:07,AUDUSD,Sell,0.01,0.79033,0.79683,0,0,0,0
01/12/2018 14:45,01/12/2018 16:34,AUDUSD,Buy,0.01,0.7850600000000001,0.78856,0,0,0,0
01/12/2018 01:51,01/12/2018 14:44,AUDUSD,Sell,0.02,0.78955,0.78505,0,0,0,0
01/10/2018 11:45,01/12/2018 14:44,AUDUSD,Sell,0.01,0.78605,0.78505,0,0,0,0
01/09/2018 11:30,01/10/2018 11:44,AUDUSD,Buy,0.01,0.78169,0.7851899999999999,0,0,0,0
01/09/2018 02:00,01/09/2018 11:25,AUDUSD,Sell,0.01,0.78505,0.78155,0,0,0,0
12/21/2017 14:45,12/22/2017 02:34,AUDUSD,Sell,0.01,0.7690600000000001,0.7712100000000001,0,0,0,0
12/15/2017 17:00,12/21/2017 14:40,AUDUSD,Buy,0.01,0.7651,0.7686,0,0,0,0
12/15/2017 09:42,12/15/2017 16:58,AUDUSD,Sell,0.16,0.76925,0.76545,0,0,0,0
12/14/2017 01:31,12/15/2017 16:58,AUDUSD,Sell,0.08,0.76575,0.76545,0,0,0,0
12/12/2017 09:18,12/15/2017 16:58,AUDUSD,Sell,0.01,0.75525,0.76545,0,0,0,0
12/13/2017 20:01,12/15/2017 16:58,AUDUSD,Sell,0.04,0.76225,0.76545,0,0,0,0
12/13/2017 14:32,12/15/2017 16:58,AUDUSD,Sell,0.02,0.75875,0.76545,0,0,0,0
12/07/2017 20:59,12/12/2017 09:18,AUDUSD,Buy,0.04,0.75076,0.75526,0,0,0,0
12/07/2017 07:50,12/12/2017 09:18,AUDUSD,Buy,0.02,0.75426,0.75526,0,0,0,0
12/06/2017 01:45,12/12/2017 09:18,AUDUSD,Buy,0.01,0.75776,0.75526,0,0,0,0
12/05/2017 01:45,12/06/2017 01:30,AUDUSD,Sell,0.01,0.76226,0.75876,0,0,0,0
12/04/2017 08:30,12/05/2017 01:30,AUDUSD,Buy,0.01,0.75853,0.76203,0,0,0,0
12/01/2017 17:15,12/04/2017 00:45,AUDUSD,Sell,0.01,0.76263,0.75913,0,0,0,0
11/29/2017 05:00,12/01/2017 17:09,AUDUSD,Buy,0.01,0.75849,0.76199,0,0,0,0
11/27/2017 12:22,11/28/2017 09:46,AUDUSD,Sell,0.02,0.76426,0.75976,0,0,0,0
11/22/2017 20:28,11/28/2017 09:46,AUDUSD,Sell,0.01,0.76076,0.75976,0,0,0,0
11/17/2017 08:05,11/22/2017 20:28,AUDUSD,Buy,0.04,0.7562800000000001,0.76078,0,0,0,0
11/15/2017 01:42,11/22/2017 20:28,AUDUSD,Buy,0.02,0.75978,0.76078,0,0,0,0
11/13/2017 17:30,11/22/2017 20:28,AUDUSD,Buy,0.01,0.7632800000000001,0.76078,0,0,0,0
11/08/2017 12:00,11/13/2017 14:15,AUDUSD,Sell,0.01,0.76751,0.7640100000000001,0,0,0,0
11/07/2017 16:15,11/08/2017 11:45,AUDUSD,Buy,0.01,0.76394,0.76744,0,0,0,0
11/06/2017 19:02,11/07/2017 16:06,AUDUSD,Sell,0.01,0.76799,0.76449,0,0,0,0
11/03/2017 17:00,11/06/2017 19:02,AUDUSD,Buy,0.01,0.76444,0.76794,0,0,0,0
11/02/2017 02:45,11/03/2017 16:29,AUDUSD,Sell,0.01,0.76937,0.7658699999999999,0,0,0,0
10/31/2017 13:15,11/02/2017 02:30,AUDUSD,Buy,0.01,0.76599,0.76949,0,0,0,0
10/31/2017 01:45,10/31/2017 12:56,AUDUSD,Sell,0.01,0.76959,0.7660899999999999,0,0,0,0
10/27/2017 03:07,10/30/2017 21:46,AUDUSD,Buy,0.02,0.7642,0.7687,0,0,0,0
10/26/2017 17:00,10/30/2017 21:46,AUDUSD,Buy,0.01,0.7677,0.7687,0,0,0,0
10/26/2017 09:53,10/26/2017 12:58,AUDUSD,Buy,0.32,0.76804,0.77154,0,0,0,0
10/25/2017 09:32,10/26/2017 12:58,AUDUSD,Buy,0.16,0.77154,0.77154,0,0,0,0
10/20/2017 03:45,10/26/2017 12:58,AUDUSD,Buy,0.01,0.78554,0.77154,0,0,0,0
10/20/2017 16:15,10/26/2017 12:58,AUDUSD,Buy,0.02,0.78204,0.77154,0,0,0,0
10/25/2017 02:30,10/26/2017 12:58,AUDUSD,Buy,0.08,0.77504,0.77154,0,0,0,0
10/24/2017 09:08,10/26/2017 12:58,AUDUSD,Buy,0.04,0.77854,0.77154,0,0,0,0
10/17/2017 01:45,10/19/2017 16:46,AUDUSD,Buy,0.01,0.7843,0.7878,0,0,0,0
10/13/2017 15:21,10/16/2017 21:00,AUDUSD,Sell,0.08,0.78879,0.78479,0,0,0,0
10/13/2017 14:31,10/16/2017 21:00,AUDUSD,Sell,0.04,0.7852899999999999,0.78479,0,0,0,0
10/12/2017 05:21,10/16/2017 21:00,AUDUSD,Sell,0.02,0.78179,0.78479,0,0,0,0
10/10/2017 03:23,10/16/2017 21:00,AUDUSD,Sell,0.01,0.7782899999999999,0.78479,0,0,0,0
10/06/2017 15:57,10/10/2017 03:23,AUDUSD,Buy,0.04,0.77378,0.77828,0,0,0,0
10/06/2017 05:01,10/10/2017 03:23,AUDUSD,Buy,0.02,0.77728,0.77828,0,0,0,0
10/05/2017 15:15,10/10/2017 03:23,AUDUSD,Buy,0.01,0.78078,0.77828,0,0,0,0
10/04/2017 02:30,10/05/2017 14:46,AUDUSD,Sell,0.01,0.78477,0.78127,0,0,0,0
10/03/2017 07:57,10/03/2017 17:27,AUDUSD,Buy,0.02,0.77879,0.7832899999999999,0,0,0,0
10/02/2017 04:15,10/03/2017 17:27,AUDUSD,Buy,0.01,0.7822899999999999,0.7832899999999999,0,0,0,0
09/28/2017 20:15,09/29/2017 15:50,AUDUSD,Sell,0.01,0.78556,0.7820600000000001,0,0,0,0
09/28/2017 08:02,09/28/2017 19:44,AUDUSD,Buy,0.08,0.78113,0.78513,0,0,0,0
09/27/2017 10:20,09/28/2017 19:44,AUDUSD,Buy,0.04,0.78463,0.78513,0,0,0,0
09/26/2017 16:20,09/28/2017 19:44,AUDUSD,Buy,0.02,0.78813,0.78513,0,0,0,0
09/26/2017 11:00,09/28/2017 19:44,AUDUSD,Buy,0.01,0.7916300000000001,0.78513,0,0,0,0
09/22/2017 12:00,09/25/2017 17:58,AUDUSD,Sell,0.01,0.7971600000000001,0.79366,0,0,0,0
09/22/2017 02:52,09/22/2017 09:31,AUDUSD,Buy,0.08,0.79135,0.79535,0,0,0,0
09/21/2017 09:08,09/22/2017 09:31,AUDUSD,Buy,0.04,0.79485,0.79535,0,0,0,0
09/21/2017 07:15,09/22/2017 09:31,AUDUSD,Buy,0.02,0.79835,0.79535,0,0,0,0
09/20/2017 20:30,09/22/2017 09:31,AUDUSD,Buy,0.01,0.80185,0.79535,0,0,0,0
09/20/2017 19:36,09/20/2017 20:09,AUDUSD,Sell,0.04,0.80791,0.8034100000000001,0,0,0,0
09/20/2017 08:19,09/20/2017 20:09,AUDUSD,Sell,0.02,0.8044100000000001,0.8034100000000001,0,0,0,0
09/19/2017 14:45,09/20/2017 20:09,AUDUSD,Sell,0.01,0.80091,0.8034100000000001,0,0,0,0
09/18/2017 18:15,09/19/2017 11:53,AUDUSD,Buy,0.02,0.79542,0.79992,0,0,0,0
09/18/2017 14:54,09/19/2017 11:53,AUDUSD,Buy,0.01,0.79892,0.79992,0,0,0,0
09/18/2017 04:15,09/18/2017 14:54,AUDUSD,Sell,0.01,0.80245,0.79895,0,0,0,0
09/13/2017 17:27,09/15/2017 14:30,AUDUSD,Buy,0.04,0.79857,0.80307,0,0,0,0
09/11/2017 18:08,09/15/2017 14:30,AUDUSD,Buy,0.02,0.80207,0.80307,0,0,0,0
09/08/2017 21:30,09/15/2017 14:30,AUDUSD,Buy,0.01,0.80557,0.80307,0,0,0,0
09/08/2017 05:45,09/08/2017 16:32,AUDUSD,Sell,0.32,0.8102699999999999,0.80677,0,0,0,0
09/08/2017 04:15,09/08/2017 16:32,AUDUSD,Sell,0.16,0.80677,0.80677,0,0,0,0
08/31/2017 17:00,09/08/2017 16:32,AUDUSD,Sell,0.01,0.79277,0.80677,0,0,0,0
09/01/2017 14:30,09/08/2017 16:32,AUDUSD,Sell,0.02,0.79627,0.80677,0,0,0,0
09/07/2017 14:44,09/08/2017 16:32,AUDUSD,Sell,0.08,0.8032699999999999,0.80677,0,0,0,0
09/05/2017 14:25,09/08/2017 16:32,AUDUSD,Sell,0.04,0.79977,0.80677,0,0,0,0
08/31/2017 14:07,08/31/2017 16:55,AUDUSD,Buy,0.04,0.7873399999999999,0.79184,0,0,0,0
08/30/2017 16:26,08/31/2017 16:55,AUDUSD,Buy,0.02,0.79084,0.79184,0,0,0,0
08/30/2017 13:46,08/31/2017 16:55,AUDUSD,Buy,0.01,0.7943399999999999,0.79184,0,0,0,0
08/30/2017 04:04,08/30/2017 13:46,AUDUSD,Sell,0.02,0.79886,0.7943600000000001,0,0,0,0
08/29/2017 10:15,08/30/2017 13:46,AUDUSD,Sell,0.01,0.7953600000000001,0.7943600000000001,0,0,0,0
08/25/2017 16:15,08/29/2017 00:48,AUDUSD,Sell,0.01,0.7944399999999999,0.79094,0,0,0,0
08/23/2017 02:15,08/25/2017 16:01,AUDUSD,Buy,0.01,0.7895399999999999,0.79304,0,0,0,0
08/18/2017 15:16,08/23/2017 02:13,AUDUSD,Sell,0.01,0.79332,0.78982,0,0,0,0
08/17/2017 21:45,08/18/2017 15:16,AUDUSD,Buy,0.01,0.78986,0.7933600000000001,0,0,0,0
08/17/2017 09:31,08/17/2017 19:05,AUDUSD,Sell,0.04,0.7953600000000001,0.79086,0,0,0,0
08/16/2017 20:11,08/17/2017 19:05,AUDUSD,Sell,0.02,0.79186,0.79086,0,0,0,0
08/16/2017 16:15,08/17/2017 19:05,AUDUSD,Sell,0.01,0.7883600000000001,0.79086,0,0,0,0
08/15/2017 09:08,08/16/2017 15:55,AUDUSD,Buy,0.02,0.78272,0.78722,0,0,0,0
08/14/2017 15:00,08/16/2017 15:55,AUDUSD,Buy,0.01,0.78622,0.78722,0,0,0,0
08/11/2017 14:45,08/14/2017 15:00,AUDUSD,Sell,0.01,0.78974,0.7862399999999999,0,0,0,0
08/11/2017 00:15,08/11/2017 14:36,AUDUSD,Buy,0.01,0.78627,0.78977,0,0,0,0
07/18/2017 08:18,08/09/2017 02:32,AUDUSD,Sell,2.56,0.79152,0.78765,0,0,0,0
07/18/2017 04:27,08/09/2017 02:32,AUDUSD,Sell,1.28,0.7880199999999999,0.78765,0,0,0,0
07/11/2017 19:45,08/09/2017 02:32,AUDUSD,Sell,0.01,0.76352,0.78765,0,0,0,0
07/12/2017 14:38,08/09/2017 02:32,AUDUSD,Sell,0.02,0.76702,0.78765,0,0,0,0
07/13/2017 07:45,08/09/2017 02:32,AUDUSD,Sell,0.04,0.77052,0.78765,0,0,0,0
07/14/2017 01:46,08/09/2017 02:32,AUDUSD,Sell,0.08,0.7740199999999999,0.78765,0,0,0,0
07/14/2017 14:30,08/09/2017 02:32,AUDUSD,Sell,0.16,0.77752,0.78765,0,0,0,0
07/18/2017 03:53,08/09/2017 02:32,AUDUSD,Sell,0.64,0.78452,0.78765,0,0,0,0
07/14/2017 14:45,08/09/2017 02:32,AUDUSD,Sell,0.32,0.7810199999999999,0.78765,0,0,0,0
07/05/2017 14:25,07/11/2017 19:45,AUDUSD,Buy,0.04,0.7589899999999999,0.76349,0,0,0,0
07/04/2017 06:41,07/11/2017 19:45,AUDUSD,Buy,0.02,0.76249,0.76349,0,0,0,0
07/03/2017 10:45,07/11/2017 19:45,AUDUSD,Buy,0.01,0.76599,0.76349,0,0,0,0
06/30/2017 02:51,07/03/2017 10:19,AUDUSD,Sell,0.08,0.76988,0.76588,0,0,0,0
06/29/2017 08:49,07/03/2017 10:19,AUDUSD,Sell,0.04,0.7663800000000001,0.76588,0,0,0,0
06/28/2017 17:50,07/03/2017 10:19,AUDUSD,Sell,0.02,0.76288,0.76588,0,0,0,0
06/26/2017 15:00,07/03/2017 10:19,AUDUSD,Sell,0.01,0.75938,0.76588,0,0,0,0
06/21/2017 06:45,06/26/2017 14:50,AUDUSD,Buy,0.01,0.75592,0.75942,0,0,0,0
06/16/2017 03:45,06/21/2017 06:30,AUDUSD,Sell,0.01,0.75947,0.75597,0,0,0,0
06/15/2017 04:00,06/15/2017 13:13,AUDUSD,Sell,0.01,0.76198,0.75848,0,0,0,0
06/14/2017 21:15,06/15/2017 03:30,AUDUSD,Buy,0.01,0.7581100000000001,0.76161,0,0,0,0
06/14/2017 15:02,06/14/2017 20:36,AUDUSD,Sell,0.32,0.7629199999999999,0.75942,0,0,0,0
06/14/2017 14:31,06/14/2017 20:36,AUDUSD,Sell,0.16,0.75942,0.75942,0,0,0,0
06/05/2017 04:15,06/14/2017 20:36,AUDUSD,Sell,0.01,0.74542,0.75942,0,0,0,0
06/05/2017 19:10,06/14/2017 20:36,AUDUSD,Sell,0.02,0.74892,0.75942,0,0,0,0
06/07/2017 11:52,06/14/2017 20:36,AUDUSD,Sell,0.08,0.75592,0.75942,0,0,0,0
06/07/2017 03:30,06/14/2017 20:36,AUDUSD,Sell,0.04,0.75242,0.75942,0,0,0,0
06/01/2017 04:05,06/05/2017 03:58,AUDUSD,Buy,0.02,0.74026,0.7447600000000001,0,0,0,0
05/31/2017 16:00,06/05/2017 03:58,AUDUSD,Buy,0.01,0.7437600000000001,0.7447600000000001,0,0,0,0
05/26/2017 04:15,05/30/2017 15:54,AUDUSD,Buy,0.01,0.7427,0.7462,0,0,0,0
05/22/2017 16:07,05/26/2017 03:59,AUDUSD,Sell,0.04,0.74843,0.74393,0,0,0,0
05/18/2017 03:32,05/26/2017 03:59,AUDUSD,Sell,0.02,0.74493,0.74393,0,0,0,0
05/12/2017 14:45,05/26/2017 03:59,AUDUSD,Sell,0.01,0.74143,0.74393,0,0,0,0
05/09/2017 04:23,05/12/2017 10:22,AUDUSD,Buy,0.16,0.7360399999999999,0.7398399999999999,0,0,0,0
05/04/2017 14:16,05/12/2017 10:22,AUDUSD,Buy,0.08,0.73954,0.7398399999999999,0,0,0,0
05/03/2017 08:01,05/12/2017 10:22,AUDUSD,Buy,0.01,0.7500399999999999,0.7398399999999999,0,0,0,0
05/03/2017 20:53,05/12/2017 10:22,AUDUSD,Buy,0.04,0.7430399999999999,0.7398399999999999,0,0,0,0
05/03/2017 15:25,05/12/2017 10:22,AUDUSD,Buy,0.02,0.74654,0.7398399999999999,0,0,0,0
05/02/2017 02:42,05/03/2017 08:01,AUDUSD,Sell,0.02,0.7546,0.7501,0,0,0,0
05/01/2017 12:15,05/03/2017 08:01,AUDUSD,Sell,0.01,0.7511,0.7501,0,0,0,0
04/26/2017 16:17,05/01/2017 12:06,AUDUSD,Buy,0.04,0.74651,0.7510100000000001,0,0,0,0
04/26/2017 08:52,05/01/2017 12:06,AUDUSD,Buy,0.02,0.7500100000000001,0.7510100000000001,0,0,0,0
04/25/2017 10:00,05/01/2017 12:06,AUDUSD,Buy,0.01,0.75351,0.7510100000000001,0,0,0,0
04/23/2017 23:30,04/25/2017 09:57,AUDUSD,Sell,0.01,0.75679,0.75329,0,0,0,0
04/19/2017 07:30,04/23/2017 23:15,AUDUSD,Buy,0.02,0.7521800000000001,0.75668,0,0,0,0
04/18/2017 07:00,04/23/2017 23:15,AUDUSD,Buy,0.01,0.75568,0.75668,0,0,0,0
04/13/2017 03:45,04/18/2017 04:32,AUDUSD,Sell,0.01,0.7569,0.7559,0,0,0,0
04/07/2017 14:49,04/13/2017 03:30,AUDUSD,Buy,0.16,0.75065,0.75445,0,0,0,0
04/06/2017 04:04,04/13/2017 03:30,AUDUSD,Buy,0.08,0.75415,0.75445,0,0,0,0
03/30/2017 22:45,04/13/2017 03:30,AUDUSD,Buy,0.01,0.76465,0.75445,0,0,0,0
04/04/2017 07:23,04/13/2017 03:30,AUDUSD,Buy,0.04,0.75765,0.75445,0,0,0,0
04/03/2017 06:15,04/13/2017 03:30,AUDUSD,Buy,0.02,0.76115,0.75445,0,0,0,0
03/24/2017 03:16,03/29/2017 10:47,AUDUSD,Buy,0.04,0.76183,0.7663300000000001,0,0,0,0
03/22/2017 03:34,03/29/2017 10:47,AUDUSD,Buy,0.02,0.7653300000000001,0.7663300000000001,0,0,0,0
03/21/2017 21:00,03/29/2017 10:47,AUDUSD,Buy,0.01,0.76883,0.7663300000000001,0,0,0,0
03/20/2017 03:45,03/21/2017 20:58,AUDUSD,Sell,0.32,0.7723300000000001,0.76883,0,0,0,0
03/15/2017 19:52,03/21/2017 20:58,AUDUSD,Sell,0.16,0.76883,0.76883,0,0,0,0
03/10/2017 14:45,03/21/2017 20:58,AUDUSD,Sell,0.01,0.75483,0.76883,0,0,0,0
03/13/2017 07:59,03/21/2017 20:58,AUDUSD,Sell,0.02,0.7583300000000001,0.76883,0,0,0,0
03/15/2017 19:02,03/21/2017 20:58,AUDUSD,Sell,0.08,0.7653300000000001,0.76883,0,0,0,0
03/15/2017 19:00,03/21/2017 20:58,AUDUSD,Sell,0.04,0.76183,0.76883,0,0,0,0
03/09/2017 10:39,03/10/2017 14:32,AUDUSD,Buy,0.04,0.7499899999999999,0.75449,0,0,0,0
03/08/2017 15:05,03/10/2017 14:32,AUDUSD,Buy,0.02,0.75349,0.75449,0,0,0,0
03/08/2017 08:53,03/10/2017 14:32,AUDUSD,Buy,0.01,0.7569899999999999,0.75449,0,0,0,0
03/06/2017 10:21,03/08/2017 08:53,AUDUSD,Sell,0.01,0.7605,0.757,0,0,0,0
03/02/2017 20:09,03/06/2017 10:21,AUDUSD,Buy,0.04,0.75603,0.76053,0,0,0,0
03/02/2017 13:20,03/06/2017 10:21,AUDUSD,Buy,0.02,0.75953,0.76053,0,0,0,0
03/02/2017 10:30,03/06/2017 10:21,AUDUSD,Buy,0.01,0.76303,0.76053,0,0,0,0
02/24/2017 15:00,03/01/2017 03:24,AUDUSD,Buy,0.01,0.76786,0.76886,0,0,0,0
02/23/2017 13:30,02/24/2017 14:06,AUDUSD,Sell,0.01,0.77142,0.7679199999999999,0,0,0,0
02/17/2017 10:00,02/23/2017 13:26,AUDUSD,Buy,0.01,0.76786,0.77136,0,0,0,0
02/15/2017 21:45,02/17/2017 10:00,AUDUSD,Sell,0.01,0.77136,0.76786,0,0,0,0
02/10/2017 04:15,02/14/2017 16:36,AUDUSD,Sell,0.01,0.7652800000000001,0.7642800000000001,0,0,0,0
02/07/2017 09:15,02/08/2017 15:48,AUDUSD,Buy,0.01,0.7625,0.766,0,0,0,0
02/03/2017 14:45,02/06/2017 15:48,AUDUSD,Sell,0.01,0.7672899999999999,0.76379,0,0,0,0
02/02/2017 09:25,02/03/2017 02:01,AUDUSD,Sell,0.04,0.76558,0.76508,0,0,0,0
02/02/2017 01:45,02/03/2017 02:01,AUDUSD,Sell,0.02,0.76208,0.76508,0,0,0,0
01/31/2017 15:30,02/03/2017 02:01,AUDUSD,Sell,0.01,0.75858,0.76508,0,0,0,0
01/27/2017 15:05,01/30/2017 13:12,AUDUSD,Sell,0.01,0.75661,0.7531100000000001,0,0,0,0
01/26/2017 08:45,01/27/2017 15:05,AUDUSD,Buy,0.01,0.75559,0.75659,0,0,0,0
01/25/2017 02:15,01/25/2017 22:49,AUDUSD,Buy,0.01,0.75403,0.75753,0,0,0,0
01/23/2017 01:00,01/24/2017 08:52,AUDUSD,Sell,0.01,0.7570899999999999,0.7560899999999999,0,0,0,0
01/19/2017 10:24,01/20/2017 10:56,AUDUSD,Sell,0.04,0.75698,0.75248,0,0,0,0
01/17/2017 06:58,01/20/2017 10:56,AUDUSD,Sell,0.02,0.75348,0.75248,0,0,0,0
01/17/2017 05:45,01/20/2017 10:56,AUDUSD,Sell,0.01,0.74998,0.75248,0,0,0,0
01/16/2017 09:15,01/17/2017 05:38,AUDUSD,Buy,0.01,0.7460899999999999,0.74959,0,0,0,0
01/12/2017 09:32,01/13/2017 15:35,AUDUSD,Sell,0.16,0.74995,0.74615,0,0,0,0
01/11/2017 19:09,01/13/2017 15:35,AUDUSD,Sell,0.08,0.74645,0.74615,0,0,0,0
01/09/2017 17:30,01/13/2017 15:35,AUDUSD,Sell,0.01,0.73595,0.74615,0,0,0,0
01/11/2017 18:50,01/13/2017 15:35,AUDUSD,Sell,0.04,0.74295,0.74615,0,0,0,0
01/11/2017 07:59,01/13/2017 15:35,AUDUSD,Sell,0.02,0.73945,0.74615,0,0,0,0
12/23/2016 13:34,12/28/2016 06:50,AUDUSD,Buy,2.56,0.71742,0.72112,0,0,0,0
12/22/2016 12:11,12/28/2016 06:50,AUDUSD,Buy,1.28,0.72092,0.72112,0,0,0,0
12/14/2016 20:15,12/28/2016 06:50,AUDUSD,Buy,0.01,0.74542,0.72112,0,0,0,0
12/14/2016 21:07,12/28/2016 06:50,AUDUSD,Buy,0.02,0.74192,0.72112,0,0,0,0
12/15/2016 12:05,12/28/2016 06:50,AUDUSD,Buy,0.04,0.73842,0.72112,0,0,0,0
12/15/2016 17:27,12/28/2016 06:50,AUDUSD,Buy,0.08,0.73492,0.72112,0,0,0,0
12/16/2016 16:14,12/28/2016 06:50,AUDUSD,Buy,0.16,0.73142,0.72112,0,0,0,0
12/19/2016 19:41,12/28/2016 06:50,AUDUSD,Buy,0.64,0.72442,0.72112,0,0,0,0
12/16/2016 16:43,12/28/2016 06:50,AUDUSD,Buy,0.32,0.72792,0.72112,0,0,0,0
12/02/2016 15:15,12/07/2016 01:30,AUDUSD,Sell,0.01,0.74393,0.74293,0,0,0,0
11/25/2016 07:13,11/29/2016 14:32,AUDUSD,Sell,0.02,0.74452,0.74352,0,0,0,0
11/24/2016 11:00,11/29/2016 14:32,AUDUSD,Sell,0.01,0.74102,0.74352,0,0,0,0
11/16/2016 11:02,11/21/2016 14:38,AUDUSD,Buy,0.02,0.75126,0.7377600000000001,0,0,0,0
11/16/2016 12:16,11/21/2016 14:38,AUDUSD,Buy,0.04,0.7477600000000001,0.7377600000000001,0,0,0,0
11/11/2016 16:00,11/21/2016 14:38,AUDUSD,Buy,0.01,0.75476,0.7377600000000001,0,0,0,0
10/28/2016 00:30,11/01/2016 04:30,AUDUSD,Buy,0.02,0.7582,0.7627,0,0,0,0
10/27/2016 09:15,11/01/2016 04:30,AUDUSD,Buy,0.01,0.7617,0.7627,0,0,0,0
10/20/2016 16:30,10/25/2016 10:50,AUDUSD,Buy,0.01,0.76348,0.76448,0,0,0,0
10/05/2016 16:15,10/09/2016 23:01,AUDUSD,Buy,0.02,0.7595,0.7605,0,0,0,0
10/04/2016 18:30,10/09/2016 23:01,AUDUSD,Buy,0.01,0.763,0.7605,0,0,0,0
09/30/2016 15:00,10/04/2016 18:11,AUDUSD,Sell,0.01,0.76455,0.76355,0,0,0,0
09/08/2016 18:30,09/12/2016 19:15,AUDUSD,Buy,0.01,0.76512,0.75492,0,0,0,0
08/26/2016 20:47,09/02/2016 14:29,AUDUSD,Buy,0.02,0.75602,0.75702,0,0,0,0
08/26/2016 18:15,09/02/2016 14:29,AUDUSD,Buy,0.01,0.75952,0.75702,0,0,0,0
08/19/2016 09:50,08/23/2016 13:49,AUDUSD,Buy,0.02,0.7608600000000001,0.76536,0,0,0,0
08/19/2016 03:45,08/23/2016 13:49,AUDUSD,Buy,0.01,0.76436,0.76536,0,0,0,0
08/04/2016 02:30,08/10/2016 21:41,AUDUSD,Sell,0.01,0.76069,0.77089,0,0,0,0
08/05/2016 02:09,08/10/2016 21:41,AUDUSD,Sell,0.02,0.7641899999999999,0.77089,0,0,0,0
07/28/2016 02:00,08/01/2016 21:48,AUDUSD,Sell,0.01,0.75176,0.75426,0,0,0,0
07/22/2016 04:00,07/26/2016 06:28,AUDUSD,Buy,0.01,0.74746,0.7509600000000001,0,0,0,0
07/15/2016 15:30,07/21/2016 11:24,AUDUSD,Buy,0.01,0.761,0.7508,0,0,0,0
07/15/2016 22:33,07/21/2016 11:24,AUDUSD,Buy,0.02,0.7575,0.7508,0,0,0,0
07/08/2016 02:45,07/13/2016 01:31,AUDUSD,Sell,0.01,0.75071,0.7609100000000001,0,0,0,0
07/08/2016 15:00,07/13/2016 01:31,AUDUSD,Sell,0.02,0.75421,0.7609100000000001,0,0,0,0
06/17/2016 02:00,06/21/2016 22:51,AUDUSD,Sell,0.01,0.73907,0.74557,0,0,0,0
06/10/2016 09:27,06/14/2016 15:37,AUDUSD,Buy,0.02,0.74066,0.73766,0,0,0,0
06/09/2016 10:00,06/14/2016 15:37,AUDUSD,Buy,0.01,0.74416,0.73766,0,0,0,0
05/06/2016 08:40,05/10/2016 10:48,AUDUSD,Buy,0.02,0.73824,0.73524,0,0,0,0
05/06/2016 03:45,05/10/2016 10:48,AUDUSD,Buy,0.01,0.74174,0.73524,0,0,0,0
04/21/2016 16:00,04/26/2016 09:36,AUDUSD,Buy,0.01,0.77642,0.7739199999999999,0,0,0,0
03/24/2016 01:52,03/28/2016 15:27,AUDUSD,Buy,0.02,0.75059,0.7550899999999999,0,0,0,0
03/23/2016 16:30,03/28/2016 15:27,AUDUSD,Buy,0.01,0.7540899999999999,0.7550899999999999,0,0,0,0
03/02/2016 01:45,03/08/2016 03:25,AUDUSD,Sell,0.01,0.72187,0.74237,0,0,0,0
03/02/2016 16:18,03/08/2016 03:25,AUDUSD,Sell,0.02,0.72537,0.74237,0,0,0,0
03/02/2016 19:43,03/08/2016 03:25,AUDUSD,Sell,0.04,0.72887,0.74237,0,0,0,0
03/03/2016 11:39,03/08/2016 03:25,AUDUSD,Sell,0.08,0.73237,0.74237,0,0,0,0
03/03/2016 16:33,03/08/2016 03:25,AUDUSD,Sell,0.16,0.73587,0.74237,0,0,0,0
12/31/2015 17:00,01/05/2016 02:48,AUDUSD,Buy,0.01,0.7270300000000001,0.72053,0,0,0,0
12/24/2015 08:56,12/31/2015 17:00,AUDUSD,Sell,0.08,0.72745,0.72715,0,0,0,0
12/18/2015 16:15,12/31/2015 17:00,AUDUSD,Sell,0.01,0.71695,0.72715,0,0,0,0
12/22/2015 08:56,12/31/2015 17:00,AUDUSD,Sell,0.04,0.72395,0.72715,0,0,0,0
12/22/2015 03:58,12/31/2015 17:00,AUDUSD,Sell,0.02,0.72045,0.72715,0,0,0,0
11/19/2015 02:00,11/23/2015 02:37,AUDUSD,Sell,0.01,0.71365,0.72015,0,0,0,0
11/06/2015 16:55,11/12/2015 01:30,AUDUSD,Buy,0.08,0.704,0.708,0,0,0,0
11/06/2015 14:36,11/12/2015 01:30,AUDUSD,Buy,0.04,0.7075,0.708,0,0,0,0
11/06/2015 14:30,11/12/2015 01:30,AUDUSD,Buy,0.02,0.711,0.708,0,0,0,0
11/04/2015 16:50,11/12/2015 01:30,AUDUSD,Buy,0.01,0.7145,0.708,0,0,0,0
10/08/2015 17:30,10/13/2015 04:09,AUDUSD,Sell,0.01,0.72117,0.73137,0,0,0,0
10/08/2015 20:03,10/13/2015 04:09,AUDUSD,Sell,0.02,0.72467,0.73137,0,0,0,0
09/24/2015 17:15,09/29/2015 01:49,AUDUSD,Sell,0.01,0.7007899999999999,0.69729,0,0,0,0
09/18/2015 21:30,09/24/2015 16:03,AUDUSD,Buy,0.01,0.71927,0.69877,0,0,0,0
09/01/2015 10:30,09/07/2015 11:54,AUDUSD,Buy,0.01,0.70875,0.69475,0,0,0,0
09/01/2015 14:12,09/07/2015 11:54,AUDUSD,Buy,0.02,0.70525,0.69475,0,0,0,0
09/01/2015 16:31,09/07/2015 11:54,AUDUSD,Buy,0.04,0.70175,0.69475,0,0,0,0
07/24/2015 05:05,07/28/2015 16:06,AUDUSD,Buy,0.04,0.72842,0.73292,0,0,0,0
07/24/2015 03:46,07/28/2015 16:06,AUDUSD,Buy,0.02,0.73192,0.73292,0,0,0,0
07/23/2015 22:30,07/28/2015 16:06,AUDUSD,Buy,0.01,0.73542,0.73292,0,0,0,0
07/01/2015 13:45,07/06/2015 09:06,AUDUSD,Buy,0.01,0.76889,0.75189,0,0,0,0
07/01/2015 15:38,07/06/2015 09:06,AUDUSD,Buy,0.02,0.76539,0.75189,0,0,0,0
06/19/2015 11:37,06/23/2015 16:23,AUDUSD,Buy,0.02,0.77507,0.77207,0,0,0,0
06/19/2015 02:15,06/23/2015 16:23,AUDUSD,Buy,0.01,0.77857,0.77207,0,0,0,0
05/28/2015 15:53,06/02/2015 08:49,AUDUSD,Buy,0.04,0.76207,0.77007,0,0,0,0
05/28/2015 11:56,06/02/2015 08:49,AUDUSD,Buy,0.02,0.76557,0.77007,0,0,0,0
05/28/2015 03:45,06/02/2015 08:49,AUDUSD,Buy,0.01,0.76907,0.77007,0,0,0,0
05/22/2015 13:45,05/28/2015 02:51,AUDUSD,Buy,0.01,0.78832,0.77432,0,0,0,0
05/22/2015 14:30,05/28/2015 02:51,AUDUSD,Buy,0.02,0.78482,0.77432,0,0,0,0
05/22/2015 20:04,05/28/2015 02:51,AUDUSD,Buy,0.04,0.78132,0.77432,0,0,0,0
05/15/2015 03:00,05/22/2015 03:24,AUDUSD,Buy,0.01,0.80548,0.7914800000000001,0,0,0,0
05/15/2015 10:53,05/22/2015 03:24,AUDUSD,Buy,0.02,0.80198,0.7914800000000001,0,0,0,0
04/29/2015 23:30,05/05/2015 05:05,AUDUSD,Buy,0.01,0.79918,0.78518,0,0,0,0
04/30/2015 09:17,05/05/2015 05:05,AUDUSD,Buy,0.02,0.79568,0.78518,0,0,0,0
04/30/2015 15:21,05/05/2015 05:05,AUDUSD,Buy,0.08,0.78868,0.78518,0,0,0,0
04/30/2015 12:28,05/05/2015 05:05,AUDUSD,Buy,0.04,0.79218,0.78518,0,0,0,0
04/23/2015 17:31,04/29/2015 11:47,AUDUSD,Sell,0.01,0.77753,0.79803,0,0,0,0
04/24/2015 08:56,04/29/2015 11:47,AUDUSD,Sell,0.02,0.78103,0.79803,0,0,0,0
