Open Date,Close Date,Symbol,Action,Lots,SL,TP,Open Price,Close Price,Pips,Profit,Duration (DD:HH:MM:SS),Change %
01/06/2022 04:27,01/06/2022 05:07,HK50,Buy,1.0,0,0,15285.0,15341.0,5.60,56.00,0,0
11/10/2021 10:06,12/30/2021 09:08,USDCAD,Buy,0.01,0,0,1.24208,1.28019,381.10,29.77,0,0
11/10/2021 10:06,12/20/2021 15:55,USDCAD,Buy,0.01,0,0,1.24205,1.29308,510.30,39.46,0,0
11/10/2021 16:31,12/20/2021 11:26,USDCAD,Buy,0.01,0,0,1.24056,1.29282,522.60,40.42,0,0
11/10/2021 10:09,12/17/2021 17:18,USDCAD,Buy,0.01,0,0,1.24189,1.28365,417.60,32.53,0,0
11/10/2021 10:14,12/17/2021 17:18,USDCAD,Buy,0.01,0,0,1.24214,1.28368,415.40,32.36,0,0
11/30/2021 19:23,12/17/2021 17:18,XAUUSD,Buy,0.1,0,0,1770.23,1808.79,385.60,38.56,0,0
11/23/2021 07:45,12/17/2021 17:17,XAUUSD,Buy,0.1,0,0,1808.68,1808.81,1.30,0.13,0,0
11/23/2021 07:45,12/17/2021 17:17,XAUUSD,Buy,0.1,0,0,1808.62,1808.82,2.00,0.20,0,0
11/10/2021 10:47,12/13/2021 18:17,USDCAD,Buy,0.01,0,0,1.24159,1.28168,400.90,31.28,0,0
11/10/2021 10:47,12/13/2021 18:17,USDCAD,Buy,0.01,0,0,1.2415,1.28168,401.80,31.35,0,0
11/10/2021 16:12,12/13/2021 18:17,USDCAD,Buy,0.01,0,0,1.2409,1.28171,408.10,31.84,0,0
11/10/2021 16:12,12/13/2021 16:16,USDCAD,Buy,0.01,0,0,1.24111,1.27779,366.80,28.71,0,0
11/10/2021 16:01,12/13/2021 16:16,USDCAD,Buy,0.01,0,0,1.24121,1.27779,365.80,28.63,0,0
11/10/2021 16:31,12/13/2021 16:16,USDCAD,Buy,0.01,0,0,1.24039,1.27778,373.90,29.26,0,0
11/10/2021 10:14,12/13/2021 16:16,USDCAD,Buy,0.01,0,0,1.24211,1.27782,357.10,27.95,0,0
11/10/2021 10:14,12/13/2021 16:16,USDCAD,Buy,0.01,0,0,1.24214,1.27778,356.40,27.89,0,0
11/10/2021 10:14,12/13/2021 16:16,USDCAD,Buy,0.01,0,0,1.24217,1.27778,356.10,27.87,0,0
11/10/2021 16:38,12/13/2021 16:16,USDCAD,Buy,0.01,0,0,1.23939,1.27778,383.90,30.04,0,0
11/10/2021 10:05,12/10/2021 10:19,USDCAD,Buy,0.01,0,0,1.24188,1.2708,289.20,22.76,0,0
11/10/2021 10:05,12/10/2021 10:19,USDCAD,Buy,0.01,0,0,1.24189,1.27081,289.20,22.76,0,0
11/10/2021 10:05,12/10/2021 10:19,USDCAD,Buy,0.01,0,0,1.24178,1.27081,290.30,22.84,0,0
11/10/2021 09:21,12/10/2021 10:19,USDCAD,Buy,0.01,0,0,1.24259,1.27085,282.60,22.24,0,0
11/10/2021 09:57,12/10/2021 10:19,USDCAD,Buy,0.01,0,0,1.24232,1.27083,285.10,22.43,0,0
11/10/2021 16:00,12/10/2021 05:19,USDCAD,Buy,0.01,0,0,1.24135,1.26977,284.20,22.38,0,0
11/10/2021 16:12,12/10/2021 05:19,USDCAD,Buy,0.01,0,0,1.24098,1.26977,287.90,22.67,0,0
11/10/2021 16:13,12/10/2021 05:19,USDCAD,Buy,0.01,0,0,1.24081,1.26977,289.60,22.81,0,0
11/10/2021 16:32,12/10/2021 05:19,USDCAD,Buy,0.01,0,0,1.24026,1.26977,295.10,23.24,0,0
11/10/2021 10:22,12/10/2021 05:19,USDCAD,Buy,0.01,0,0,1.24192,1.26977,278.50,21.93,0,0
12/07/2021 17:15,12/10/2021 05:18,USDCAD,Buy,0.05,0,0,1.26571,1.26975,40.40,15.91,0,0
11/26/2021 02:25,12/07/2021 17:21,AUDJPY,Buy,0.1,0,0,82.245,80.757,-148.80,-130.98,0,0
12/03/2021 10:43,12/07/2021 17:21,AUDJPY,Buy,0.15,0,0,80.078,80.757,67.90,89.65,0,0
11/10/2021 09:22,12/03/2021 09:40,USDCAD,Buy,0.01,0,0,1.24243,1.28163,392.00,30.59,0,0
11/10/2021 09:21,12/03/2021 09:40,USDCAD,Buy,0.01,0,0,1.24249,1.28163,391.40,30.54,0,0
10/14/2021 16:15,12/03/2021 09:40,USDCAD,Buy,0.01,0,0,1.23822,1.28163,434.10,33.87,0,0
10/14/2021 16:10,12/03/2021 09:40,USDCAD,Buy,0.01,0,0,1.23827,1.28163,433.60,33.83,0,0
10/14/2021 16:09,12/03/2021 09:40,USDCAD,Buy,0.01,0,0,1.23908,1.28163,425.50,33.20,0,0
10/14/2021 16:05,12/02/2021 10:11,USDCAD,Buy,0.01,0,0,1.23846,1.27971,412.50,32.23,0,0
10/14/2021 16:04,12/02/2021 10:11,USDCAD,Buy,0.01,0,0,1.23863,1.27982,411.90,32.18,0,0
10/14/2021 16:04,12/02/2021 10:11,USDCAD,Buy,0.01,0,0,1.23859,1.27975,411.60,32.16,0,0
10/14/2021 12:35,12/02/2021 10:11,USDCAD,Buy,0.01,0,0,1.2381,1.27975,416.50,32.55,0,0
10/14/2021 12:07,12/02/2021 10:11,USDCAD,Buy,0.01,0,0,1.23858,1.27974,411.60,32.16,0,0
10/14/2021 11:00,12/02/2021 10:11,USDCAD,Buy,0.01,0,0,1.24016,1.27965,394.90,30.86,0,0
10/14/2021 10:18,12/02/2021 10:11,USDCAD,Buy,0.01,0,0,1.2398,1.27959,397.90,31.10,0,0
10/14/2021 10:14,12/02/2021 10:11,USDCAD,Buy,0.01,0,0,1.23999,1.2796,396.10,30.95,0,0
10/14/2021 10:02,12/02/2021 10:11,USDCAD,Buy,0.01,0,0,1.24005,1.27967,396.20,30.96,0,0
10/14/2021 09:37,12/02/2021 10:11,USDCAD,Buy,0.01,0,0,1.24066,1.27976,391.00,30.55,0,0
11/10/2021 10:25,12/01/2021 21:53,USDCAD,Buy,0.01,0,0,1.2417,1.28042,387.20,30.24,0,0
11/10/2021 15:54,12/01/2021 21:53,USDCAD,Buy,0.01,0,0,1.24224,1.28041,381.70,29.81,0,0
11/10/2021 15:53,12/01/2021 21:53,USDCAD,Buy,0.01,0,0,1.24238,1.28039,380.10,29.69,0,0
11/10/2021 15:54,12/01/2021 21:53,USDCAD,Buy,0.01,0,0,1.24199,1.28035,383.60,29.96,0,0
11/10/2021 16:01,12/01/2021 21:53,USDCAD,Buy,0.01,0,0,1.24128,1.28036,390.80,30.52,0,0
11/10/2021 16:12,12/01/2021 21:53,USDCAD,Buy,0.01,0,0,1.24101,1.28036,393.50,30.73,0,0
11/10/2021 15:55,12/01/2021 21:52,USDCAD,Buy,0.01,0,0,1.24165,1.28032,386.70,30.20,0,0
11/10/2021 16:36,12/01/2021 21:52,USDCAD,Buy,0.01,0,0,1.2393,1.2804,411.00,32.10,0,0
11/10/2021 16:36,12/01/2021 21:52,USDCAD,Buy,0.01,0,0,1.23921,1.28039,411.80,32.16,0,0
11/10/2021 16:39,12/01/2021 21:52,USDCAD,Buy,0.01,0,0,1.23949,1.28037,408.80,31.93,0,0
11/24/2021 15:24,12/01/2021 09:49,EURUSD,Buy,0.05,0,0,1.12056,1.13217,116.10,58.05,0,0
11/24/2021 10:45,11/26/2021 16:07,EURUSD,Buy,0.05,0,0,1.12338,1.12879,54.10,27.05,0,0
11/23/2021 05:17,11/26/2021 12:22,EURUSD,Buy,0.1,0,0,1.12367,1.12654,28.70,28.70,0,0
11/23/2021 05:18,11/26/2021 12:22,EURUSD,Buy,0.1,0,0,1.12375,1.12651,27.60,27.60,0,0
11/24/2021 02:53,11/26/2021 12:22,EURUSD,Buy,0.05,0,0,1.12412,1.12653,24.10,12.05,0,0
10/14/2021 16:36,11/23/2021 07:42,USDCAD,Buy,0.01,0,0,1.23783,1.27099,331.60,26.09,0,0
10/14/2021 16:35,11/23/2021 07:42,USDCAD,Buy,0.01,0,0,1.2377,1.27098,332.80,26.18,0,0
10/28/2021 11:10,11/23/2021 07:42,USDCAD,Buy,0.01,0,0,1.2375,1.27098,334.80,26.34,0,0
10/28/2021 11:10,11/23/2021 07:42,USDCAD,Buy,0.01,0,0,1.23751,1.27097,334.60,26.33,0,0
10/14/2021 18:45,11/23/2021 07:42,USDCAD,Buy,0.01,0,0,1.23747,1.27097,335.00,26.36,0,0
10/28/2021 11:55,11/23/2021 07:42,USDCAD,Buy,0.01,0,0,1.23733,1.27102,336.90,26.51,0,0
10/14/2021 17:25,11/23/2021 07:42,USDCAD,Buy,0.01,0,0,1.23728,1.27102,337.40,26.55,0,0
10/14/2021 18:47,11/23/2021 07:42,USDCAD,Buy,0.01,0,0,1.23713,1.27102,338.90,26.66,0,0
10/14/2021 16:49,11/23/2021 07:42,USDCAD,Buy,0.01,0,0,1.23695,1.27102,340.70,26.81,0,0
10/14/2021 16:45,11/23/2021 07:42,USDCAD,Buy,0.01,0,0,1.23691,1.27102,341.10,26.84,0,0
10/14/2021 16:49,11/23/2021 07:41,USDCAD,Buy,0.01,0,0,1.23671,1.27092,342.10,26.92,0,0
10/14/2021 18:05,11/23/2021 07:41,USDCAD,Buy,0.01,0,0,1.23656,1.27094,343.80,27.05,0,0
10/14/2021 17:58,11/23/2021 07:41,USDCAD,Buy,0.01,0,0,1.23639,1.27094,345.50,27.18,0,0
10/14/2021 17:56,11/23/2021 07:41,USDCAD,Buy,0.01,0,0,1.23629,1.27094,346.50,27.26,0,0
10/28/2021 13:52,11/23/2021 07:41,USDCAD,Buy,0.01,0,0,1.2361,1.27094,348.40,27.41,0,0
10/15/2021 05:46,11/23/2021 07:41,USDCAD,Buy,0.01,0,0,1.23598,1.27099,350.10,27.55,0,0
10/14/2021 17:56,11/23/2021 07:41,USDCAD,Buy,0.01,0,0,1.23624,1.27099,347.50,27.34,0,0
10/15/2021 05:48,11/23/2021 07:41,USDCAD,Buy,0.01,0,0,1.23586,1.27094,350.80,27.60,0,0
10/15/2021 05:33,11/23/2021 07:41,USDCAD,Buy,0.01,0,0,1.2358,1.27092,351.20,27.63,0,0
10/28/2021 16:31,11/23/2021 07:41,USDCAD,Buy,0.01,0,0,1.23565,1.27096,353.10,27.78,0,0
10/28/2021 14:12,11/23/2021 07:41,USDCAD,Buy,0.01,0,0,1.23559,1.2709,353.10,27.78,0,0
10/28/2021 14:51,11/23/2021 07:41,USDCAD,Buy,0.01,0,0,1.23547,1.27089,354.20,27.87,0,0
10/15/2021 05:33,11/23/2021 07:41,USDCAD,Buy,0.01,0,0,1.23576,1.2709,351.40,27.65,0,0
10/19/2021 05:00,11/23/2021 07:41,USDCAD,Buy,0.01,0,0,1.23542,1.27089,354.70,27.91,0,0
10/19/2021 04:55,11/23/2021 07:40,USDCAD,Buy,0.01,0,0,1.23528,1.2709,356.20,28.03,0,0
10/19/2021 04:54,11/23/2021 07:40,USDCAD,Buy,0.01,0,0,1.23533,1.2709,355.70,27.99,0,0
10/19/2021 04:54,11/23/2021 07:40,USDCAD,Buy,0.01,0,0,1.23534,1.2709,355.60,27.98,0,0
10/19/2021 05:55,11/23/2021 07:40,USDCAD,Buy,0.01,0,0,1.23518,1.27087,356.90,28.08,0,0
10/29/2021 10:10,11/23/2021 07:40,USDCAD,Buy,0.01,0,0,1.23498,1.2709,359.20,28.26,0,0
10/19/2021 05:56,11/23/2021 07:40,USDCAD,Buy,0.01,0,0,1.23508,1.2709,358.20,28.18,0,0
10/28/2021 16:45,11/23/2021 07:40,USDCAD,Buy,0.01,0,0,1.23491,1.27089,359.80,28.31,0,0
10/19/2021 06:53,11/23/2021 07:40,USDCAD,Buy,0.01,0,0,1.2349,1.27087,359.70,28.30,0,0
10/19/2021 06:55,11/23/2021 07:40,USDCAD,Buy,0.01,0,0,1.23475,1.27085,361.00,28.41,0,0
10/28/2021 16:45,11/23/2021 07:40,USDCAD,Buy,0.01,0,0,1.23464,1.27085,362.10,28.49,0,0
10/28/2021 16:46,11/23/2021 07:40,USDCAD,Buy,0.01,0,0,1.23451,1.27087,363.60,28.61,0,0
10/19/2021 07:14,11/23/2021 07:40,USDCAD,Buy,0.01,0,0,1.23459,1.27087,362.80,28.55,0,0
10/28/2021 16:54,11/23/2021 07:40,USDCAD,Buy,0.01,0,0,1.23429,1.27083,365.40,28.75,0,0
10/19/2021 07:15,11/23/2021 07:40,USDCAD,Buy,0.01,0,0,1.23438,1.27088,365.00,28.72,0,0
10/29/2021 12:56,11/23/2021 07:40,USDCAD,Buy,0.01,0,0,1.23414,1.27089,367.50,28.92,0,0
11/10/2021 10:48,11/23/2021 07:40,USDCAD,Buy,0.01,0,0,1.24143,1.27095,295.20,23.23,0,0
10/14/2021 09:04,11/23/2021 07:40,USDCAD,Buy,0.01,0,0,1.24232,1.27095,286.30,22.53,0,0
11/10/2021 09:21,11/23/2021 07:40,USDCAD,Buy,0.01,0,0,1.24261,1.27094,283.30,22.29,0,0
11/10/2021 08:53,11/23/2021 07:39,USDCAD,Buy,0.01,0,0,1.24286,1.27092,280.60,22.08,0,0
10/14/2021 09:06,11/23/2021 07:39,USDCAD,Buy,0.01,0,0,1.24253,1.27095,284.20,22.36,0,0
11/10/2021 09:20,11/23/2021 07:39,USDCAD,Buy,0.01,0,0,1.24273,1.27095,282.20,22.20,0,0
11/10/2021 09:08,11/23/2021 07:39,USDCAD,Buy,0.01,0,0,1.24277,1.27094,281.70,22.16,0,0
11/10/2021 08:53,11/23/2021 07:39,USDCAD,Buy,0.01,0,0,1.24286,1.27094,280.80,22.09,0,0
11/10/2021 08:53,11/23/2021 07:39,USDCAD,Buy,0.01,0,0,1.24294,1.27094,280.00,22.03,0,0
10/14/2021 06:10,11/23/2021 07:39,USDCAD,Buy,0.01,0,0,1.24269,1.27094,282.50,22.23,0,0
10/14/2021 06:09,11/23/2021 07:39,USDCAD,Buy,0.01,0,0,1.24282,1.27094,281.20,22.13,0,0
08/23/2021 17:33,11/23/2021 04:56,USDCHF,Buy,0.01,0,0,0.91332,0.93264,193.20,20.72,0,0
09/03/2021 04:16,11/23/2021 04:56,USDCHF,Buy,0.03,0,0,0.91371,0.93267,189.60,60.99,0,0
08/31/2021 12:32,11/23/2021 04:56,USDCHF,Buy,0.01,0,0,0.91411,0.93267,185.60,19.90,0,0
08/31/2021 12:32,11/23/2021 04:56,USDCHF,Buy,0.01,0,0,0.91411,0.93267,185.60,19.90,0,0
09/28/2021 17:22,11/23/2021 04:55,EURUSD,Sell,0.01,0,0,1.16857,1.12375,448.20,44.82,0,0
09/28/2021 17:15,11/23/2021 04:55,EURUSD,Sell,0.01,0,0,1.1684,1.12375,446.50,44.65,0,0
09/28/2021 17:15,11/23/2021 04:55,EURUSD,Sell,0.01,0,0,1.1684,1.12377,446.30,44.63,0,0
09/28/2021 17:10,11/23/2021 04:55,EURUSD,Sell,0.01,0,0,1.16791,1.12377,441.40,44.14,0,0
09/28/2021 17:15,11/23/2021 04:55,EURUSD,Sell,0.01,0,0,1.1684,1.12377,446.30,44.63,0,0
09/10/2021 11:29,11/22/2021 07:41,USDCHF,Buy,0.02,0,0,0.91527,0.9291,138.30,29.77,0,0
09/01/2021 15:53,11/22/2021 07:31,USDCHF,Buy,0.01,0,0,0.91574,0.92922,134.80,14.51,0,0
08/24/2021 02:33,11/22/2021 07:31,USDCHF,Buy,0.01,0,0,0.91244,0.92922,167.80,18.06,0,0
09/02/2021 17:58,11/22/2021 07:31,USDCHF,Buy,0.03,0,0,0.91445,0.92922,147.70,47.69,0,0
09/10/2021 10:55,11/22/2021 07:31,USDCHF,Buy,0.02,0,0,0.91595,0.9292,132.50,28.52,0,0
09/10/2021 10:50,11/22/2021 07:31,USDCHF,Buy,0.02,0,0,0.91615,0.9292,130.50,28.09,0,0
09/09/2021 20:09,11/22/2021 07:31,USDCHF,Buy,0.03,0,0,0.9163,0.92918,128.80,41.59,0,0
11/19/2021 14:48,11/19/2021 15:49,AUDJPY,Buy,0.1,0,0,82.206,82.452,24.60,21.62,0,0
11/10/2021 08:53,11/19/2021 15:33,USDCAD,Buy,0.01,0,0,1.24301,1.26365,206.40,16.33,0,0
11/10/2021 08:53,11/19/2021 15:33,USDCAD,Buy,0.01,0,0,1.24297,1.26359,206.20,16.32,0,0
10/14/2021 05:54,11/19/2021 15:33,USDCAD,Buy,0.01,0,0,1.24306,1.26353,204.70,16.20,0,0
11/10/2021 08:51,11/19/2021 15:32,USDCAD,Buy,0.01,0,0,1.24316,1.26356,204.00,16.14,0,0
10/14/2021 05:54,11/19/2021 15:32,USDCAD,Buy,0.01,0,0,1.24309,1.26347,203.80,16.13,0,0
10/14/2021 05:55,11/19/2021 15:32,USDCAD,Buy,0.01,0,0,1.24313,1.26361,204.80,16.21,0,0
11/10/2021 08:50,11/19/2021 15:32,USDCAD,Buy,0.01,0,0,1.24327,1.26362,203.50,16.10,0,0
10/14/2021 03:20,11/19/2021 15:32,USDCAD,Buy,0.01,0,0,1.24315,1.26359,204.40,16.18,0,0
11/10/2021 08:50,11/19/2021 15:32,USDCAD,Buy,0.01,0,0,1.24324,1.26359,203.50,16.10,0,0
10/14/2021 03:20,11/19/2021 15:32,USDCAD,Buy,0.01,0,0,1.24316,1.26364,204.80,16.21,0,0
09/28/2021 17:10,11/19/2021 15:32,EURUSD,Sell,0.01,0,0,1.16796,1.12856,394.00,39.40,0,0
09/28/2021 17:01,11/19/2021 15:31,EURUSD,Sell,0.01,0,0,1.16785,1.12865,392.00,39.20,0,0
09/28/2021 17:00,11/19/2021 15:31,EURUSD,Sell,0.01,0,0,1.16779,1.12864,391.50,39.15,0,0
09/28/2021 17:04,11/19/2021 15:31,EURUSD,Sell,0.01,0,0,1.16819,1.12864,395.50,39.55,0,0
09/28/2021 17:00,11/19/2021 15:31,EURUSD,Sell,0.01,0,0,1.16776,1.12864,391.20,39.12,0,0
10/01/2021 16:50,11/19/2021 14:06,USDJPY,Buy,0.01,0,0,110.917,113.661,274.40,24.14,0,0
10/04/2021 17:56,11/19/2021 14:06,USDJPY,Buy,0.01,0,0,110.846,113.665,281.90,24.80,0,0
10/04/2021 17:39,11/19/2021 14:06,USDJPY,Buy,0.01,0,0,110.877,113.669,279.20,24.56,0,0
10/04/2021 17:39,11/19/2021 14:06,USDJPY,Buy,0.01,0,0,110.89,113.658,276.80,24.35,0,0
10/04/2021 17:39,11/19/2021 14:06,USDJPY,Buy,0.01,0,0,110.862,113.66,279.80,24.62,0,0
10/04/2021 03:44,11/19/2021 14:06,USDJPY,Buy,0.01,0,0,110.9,113.656,275.60,24.25,0,0
10/04/2021 19:46,11/19/2021 14:06,USDJPY,Buy,0.01,0,0,110.853,113.659,280.60,24.69,0,0
10/04/2021 18:47,11/19/2021 14:05,USDJPY,Buy,0.01,0,0,110.903,113.672,276.90,24.36,0,0
10/04/2021 19:45,11/19/2021 14:05,USDJPY,Buy,0.01,0,0,110.871,113.68,280.90,24.71,0,0
09/09/2021 20:09,11/17/2021 17:24,USDCHF,Buy,0.02,0,0,0.91647,0.92997,135.00,29.03,0,0
10/04/2021 17:49,11/17/2021 17:23,USDCHF,Buy,0.01,0,0,0.92356,0.92998,64.20,6.90,0,0
10/04/2021 17:26,11/17/2021 17:23,USDCHF,Buy,0.01,0,0,0.92377,0.92998,62.10,6.68,0,0
10/04/2021 15:19,11/17/2021 17:23,USDCHF,Buy,0.01,0,0,0.92553,0.92997,44.40,4.77,0,0
10/13/2021 18:05,11/17/2021 17:23,USDCHF,Buy,0.01,0,0,0.926,0.92996,39.60,4.26,0,0
10/13/2021 17:53,11/17/2021 17:23,USDCHF,Buy,0.01,0,0,0.92661,0.92997,33.60,3.61,0,0
10/13/2021 17:53,11/17/2021 17:23,USDCHF,Buy,0.01,0,0,0.92663,0.92991,32.80,3.53,0,0
10/13/2021 17:53,11/17/2021 17:23,USDCHF,Buy,0.01,0,0,0.9266,0.92991,33.10,3.56,0,0
10/13/2021 17:53,11/17/2021 17:23,USDCHF,Buy,0.01,0,0,0.92664,0.92991,32.70,3.52,0,0
10/13/2021 17:53,11/17/2021 17:23,USDCHF,Buy,0.01,0,0,0.92653,0.92991,33.80,3.63,0,0
10/08/2021 15:41,11/17/2021 17:23,USDCHF,Buy,0.01,0,0,0.92659,0.92991,33.20,3.57,0,0
10/08/2021 15:41,11/17/2021 17:23,USDCHF,Buy,0.01,0,0,0.9267,0.92993,32.30,3.47,0,0
10/08/2021 15:41,11/17/2021 17:23,USDCHF,Buy,0.01,0,0,0.92675,0.92989,31.40,3.38,0,0
10/08/2021 15:41,11/17/2021 17:23,USDCHF,Buy,0.01,0,0,0.92674,0.92991,31.70,3.41,0,0
10/08/2021 15:40,11/17/2021 17:23,USDCHF,Buy,0.01,0,0,0.92676,0.92992,31.60,3.40,0,0
10/01/2021 11:58,11/17/2021 17:23,USDCHF,Buy,0.03,0,0,0.93178,0.92993,-18.50,-5.97,0,0
10/12/2021 11:42,11/17/2021 17:23,USDCHF,Buy,0.01,0,0,0.92795,0.92992,19.70,2.12,0,0
10/11/2021 05:08,11/17/2021 17:23,USDCHF,Buy,0.01,0,0,0.92791,0.92995,20.40,2.19,0,0
10/12/2021 11:42,11/17/2021 17:23,USDCHF,Buy,0.01,0,0,0.92801,0.92996,19.50,2.10,0,0
10/04/2021 13:59,11/17/2021 17:23,USDCHF,Buy,0.01,0,0,0.92817,0.92992,17.50,1.88,0,0
10/04/2021 13:59,11/17/2021 17:22,USDCHF,Buy,0.01,0,0,0.92817,0.92991,17.40,1.87,0,0
10/01/2021 15:44,11/17/2021 17:22,USDCHF,Buy,0.01,0,0,0.92892,0.92996,10.40,1.12,0,0
10/01/2021 15:50,11/17/2021 17:22,USDCHF,Buy,0.01,0,0,0.92898,0.92995,9.70,1.04,0,0
10/01/2021 15:38,11/17/2021 17:22,USDCHF,Buy,0.01,0,0,0.92923,0.92992,6.90,0.74,0,0
10/01/2021 15:31,11/17/2021 17:22,USDCHF,Buy,0.01,0,0,0.9294,0.92992,5.20,0.56,0,0
10/15/2021 10:15,11/17/2021 17:22,USDCAD,Buy,0.01,0,0,1.23421,1.25821,240.00,19.07,0,0
10/15/2021 10:15,11/17/2021 17:22,USDCAD,Buy,0.01,0,0,1.2342,1.25827,240.70,19.13,0,0
10/29/2021 12:57,11/17/2021 17:22,USDCAD,Buy,0.01,0,0,1.23407,1.25825,241.80,19.22,0,0
10/29/2021 13:36,11/17/2021 17:22,USDCAD,Buy,0.01,0,0,1.23362,1.25824,246.20,19.57,0,0
10/29/2021 10:54,11/17/2021 17:22,USDCAD,Buy,0.01,0,0,1.23377,1.25821,244.40,19.42,0,0
10/29/2021 13:36,11/17/2021 17:22,USDCAD,Buy,0.01,0,0,1.23352,1.25822,247.00,19.63,0,0
10/29/2021 10:53,11/17/2021 17:22,USDCAD,Buy,0.01,0,0,1.23388,1.25812,242.40,19.27,0,0
10/29/2021 10:55,11/17/2021 17:21,USDCAD,Buy,0.01,0,0,1.23368,1.25819,245.10,19.48,0,0
10/29/2021 10:16,11/17/2021 17:21,USDCAD,Buy,0.01,0,0,1.234,1.25819,241.90,19.23,0,0
10/29/2021 13:37,11/17/2021 17:21,USDCAD,Buy,0.01,0,0,1.23344,1.25823,247.90,19.70,0,0
11/10/2021 08:51,11/17/2021 17:21,USDCAD,Buy,0.01,0,0,1.2432,1.25819,149.90,11.91,0,0
11/10/2021 08:49,11/17/2021 17:21,USDCAD,Buy,0.01,0,0,1.24332,1.25821,148.90,11.83,0,0
10/13/2021 21:01,11/17/2021 17:21,USDCAD,Buy,0.01,0,0,1.24326,1.25819,149.30,11.87,0,0
10/13/2021 21:01,11/17/2021 17:21,USDCAD,Buy,0.01,0,0,1.24329,1.25819,149.00,11.84,0,0
10/13/2021 21:01,11/17/2021 17:21,USDCAD,Buy,0.01,0,0,1.24329,1.25814,148.50,11.80,0,0
10/14/2021 03:20,11/17/2021 17:20,USDCAD,Buy,0.05,0,0,1.24322,1.25812,149.00,59.22,0,0
11/10/2021 08:45,11/17/2021 17:20,USDCAD,Buy,0.01,0,0,1.24343,1.25808,146.50,11.64,0,0
11/10/2021 08:49,11/17/2021 17:20,USDCAD,Buy,0.01,0,0,1.24335,1.25806,147.10,11.69,0,0
11/10/2021 04:00,11/17/2021 17:20,USDCAD,Buy,0.01,0,0,1.24334,1.25808,147.40,11.72,0,0
10/13/2021 21:01,11/17/2021 17:20,USDCAD,Buy,0.05,0,0,1.24329,1.25802,147.30,58.54,0,0
11/10/2021 03:55,11/17/2021 17:20,USDCAD,Buy,0.01,0,0,1.24337,1.25799,146.20,11.62,0,0
11/10/2021 08:44,11/17/2021 17:20,USDCAD,Buy,0.01,0,0,1.24345,1.25806,146.10,11.61,0,0
11/09/2021 19:52,11/17/2021 17:20,USDCAD,Buy,0.01,0,0,1.24341,1.25805,146.40,11.64,0,0
11/10/2021 08:44,11/17/2021 17:20,USDCAD,Buy,0.01,0,0,1.24344,1.25804,146.00,11.61,0,0
11/09/2021 08:15,11/17/2021 17:20,USDCAD,Buy,0.01,0,0,1.2434,1.25802,146.20,11.62,0,0
11/09/2021 08:15,11/17/2021 17:20,USDCAD,Buy,0.01,0,0,1.24336,1.25803,146.70,11.66,0,0
11/09/2021 19:50,11/17/2021 17:20,USDCAD,Buy,0.01,0,0,1.24352,1.25803,145.10,11.53,0,0
11/09/2021 19:50,11/17/2021 17:20,USDCAD,Buy,0.01,0,0,1.24352,1.25802,145.00,11.53,0,0
11/10/2021 08:37,11/17/2021 17:20,USDCAD,Buy,0.01,0,0,1.24354,1.25804,145.00,11.53,0,0
10/13/2021 20:22,11/17/2021 17:20,USDCAD,Buy,0.01,0,0,1.24345,1.25812,146.70,11.66,0,0
10/13/2021 18:17,11/17/2021 17:20,USDCAD,Buy,0.01,0,0,1.24348,1.25816,146.80,11.67,0,0
11/09/2021 19:50,11/17/2021 17:20,USDCAD,Buy,0.01,0,0,1.24362,1.25798,143.60,11.42,0,0
10/13/2021 20:22,11/17/2021 17:20,USDCAD,Buy,0.01,0,0,1.24356,1.25795,143.90,11.44,0,0
10/13/2021 18:17,11/17/2021 17:19,USDCAD,Buy,0.05,0,0,1.24352,1.25793,144.10,57.28,0,0
11/09/2021 19:50,11/17/2021 17:19,USDCAD,Buy,0.01,0,0,1.24367,1.25798,143.10,11.38,0,0
10/13/2021 18:17,11/17/2021 17:19,USDCAD,Buy,0.01,0,0,1.24359,1.25808,144.90,11.52,0,0
10/13/2021 18:07,11/17/2021 17:19,USDCAD,Buy,0.01,0,0,1.24364,1.25805,144.10,11.45,0,0
11/09/2021 19:49,11/17/2021 17:19,USDCAD,Buy,0.01,0,0,1.24378,1.25805,142.70,11.34,0,0
11/09/2021 07:46,11/17/2021 17:19,USDCAD,Buy,0.01,0,0,1.24372,1.25812,144.00,11.45,0,0
10/13/2021 14:18,11/17/2021 17:19,USDCAD,Buy,0.01,0,0,1.24369,1.25818,144.90,11.52,0,0
11/09/2021 19:49,11/17/2021 17:19,USDCAD,Buy,0.01,0,0,1.24382,1.25816,143.40,11.40,0,0
10/13/2021 19:42,11/17/2021 17:19,USDCAD,Buy,0.01,0,0,1.24384,1.25812,142.80,11.35,0,0
10/13/2021 18:06,11/17/2021 17:19,USDCAD,Buy,0.01,0,0,1.24377,1.25817,144.00,11.45,0,0
10/13/2021 12:17,11/17/2021 17:19,USDCAD,Buy,0.01,0,0,1.24382,1.25811,142.90,11.36,0,0
10/13/2021 11:44,11/17/2021 17:19,USDCAD,Buy,0.01,0,0,1.24376,1.25817,144.10,11.45,0,0
11/09/2021 19:46,11/17/2021 17:19,USDCAD,Buy,0.01,0,0,1.24403,1.25825,142.20,11.30,0,0
11/09/2021 19:46,11/17/2021 17:19,USDCAD,Buy,0.01,0,0,1.24403,1.25825,142.20,11.30,0,0
11/09/2021 19:49,11/17/2021 17:19,USDCAD,Buy,0.01,0,0,1.244,1.25827,142.70,11.34,0,0
11/09/2021 19:49,11/17/2021 17:18,USDCAD,Buy,0.01,0,0,1.24391,1.25834,144.30,11.47,0,0
11/09/2021 16:01,11/17/2021 17:18,USDCAD,Buy,0.01,0,0,1.2439,1.25838,144.80,11.51,0,0
10/13/2021 17:49,11/17/2021 17:18,USDCAD,Buy,0.01,0,0,1.24399,1.25838,143.90,11.44,0,0
10/13/2021 17:49,11/17/2021 17:18,USDCAD,Buy,0.01,0,0,1.24394,1.25837,144.30,11.47,0,0
10/13/2021 17:49,11/17/2021 17:18,USDCAD,Buy,0.01,0,0,1.24398,1.25837,143.90,11.44,0,0
10/13/2021 11:44,11/17/2021 17:18,USDCAD,Buy,0.01,0,0,1.24389,1.25836,144.70,11.50,0,0
10/13/2021 17:49,11/17/2021 17:18,USDCAD,Buy,0.01,0,0,1.24394,1.25837,144.30,11.47,0,0
10/13/2021 12:14,11/17/2021 17:18,USDCAD,Buy,0.01,0,0,1.24397,1.25837,144.00,11.44,0,0
10/12/2021 19:08,11/17/2021 17:18,USDCAD,Buy,0.2,0,0,1.24403,1.25834,143.10,227.44,0,0
11/09/2021 16:00,11/17/2021 17:18,USDCAD,Buy,0.01,0,0,1.24412,1.25834,142.20,11.30,0,0
10/13/2021 18:03,11/17/2021 17:18,USDCAD,Buy,0.01,0,0,1.24409,1.25836,142.70,11.34,0,0
11/16/2021 04:06,11/17/2021 17:16,USDCAD,Buy,0.01,0,0,1.24965,1.2583,86.50,6.87,0,0
11/16/2021 04:06,11/17/2021 17:16,USDCAD,Buy,0.01,0,0,1.24968,1.2583,86.20,6.85,0,0
11/15/2021 17:28,11/17/2021 17:16,USDCAD,Buy,0.02,0,0,1.25058,1.2583,77.20,12.27,0,0
11/15/2021 17:26,11/17/2021 17:16,USDCAD,Buy,0.1,0,0,1.25068,1.25832,76.40,60.72,0,0
11/15/2021 17:31,11/17/2021 17:16,USDCAD,Buy,0.02,0,0,1.25123,1.25826,70.30,11.17,0,0
11/15/2021 16:23,11/17/2021 17:16,USDCAD,Buy,0.01,0,0,1.25232,1.25821,58.90,4.68,0,0
11/15/2021 16:47,11/17/2021 17:16,USDCAD,Buy,0.01,0,0,1.25218,1.25826,60.80,4.83,0,0
11/15/2021 16:47,11/17/2021 17:16,USDCAD,Buy,0.01,0,0,1.25219,1.25826,60.70,4.82,0,0
11/15/2021 12:49,11/17/2021 17:16,USDCAD,Buy,0.01,0,0,1.25236,1.25827,59.10,4.70,0,0
11/15/2021 12:49,11/17/2021 17:16,USDCAD,Buy,0.01,0,0,1.25253,1.25826,57.30,4.55,0,0
11/15/2021 12:37,11/17/2021 17:16,USDCAD,Buy,0.01,0,0,1.2526,1.25816,55.60,4.42,0,0
11/15/2021 09:13,11/17/2021 17:16,USDCAD,Buy,0.01,0,0,1.25279,1.25818,53.90,4.28,0,0
11/15/2021 15:22,11/17/2021 17:16,USDCAD,Buy,0.01,0,0,1.25284,1.25828,54.40,4.32,0,0
11/15/2021 10:31,11/17/2021 17:15,USDCAD,Buy,0.01,0,0,1.25291,1.25826,53.50,4.25,0,0
11/15/2021 15:29,11/17/2021 17:15,USDCAD,Buy,0.01,0,0,1.25306,1.25826,52.00,4.13,0,0
11/15/2021 09:09,11/17/2021 17:15,USDCAD,Buy,0.01,0,0,1.25303,1.25835,53.20,4.23,0,0
11/15/2021 09:38,11/17/2021 16:04,USDCAD,Buy,0.01,0,0,1.25315,1.2585,53.50,4.25,0,0
11/15/2021 10:00,11/17/2021 16:04,USDCAD,Buy,0.01,0,0,1.25332,1.2584,50.80,4.04,0,0
11/15/2021 07:52,11/17/2021 16:04,USDCAD,Buy,0.01,0,0,1.2533,1.25841,51.10,4.06,0,0
11/15/2021 08:12,11/17/2021 16:03,USDCAD,Buy,0.01,0,0,1.25346,1.25843,49.70,3.95,0,0
11/15/2021 10:48,11/17/2021 16:03,USDCAD,Buy,0.01,0,0,1.25362,1.2584,47.80,3.80,0,0
11/15/2021 10:45,11/17/2021 16:03,USDCAD,Buy,0.01,0,0,1.25386,1.2584,45.40,3.61,0,0
11/15/2021 04:57,11/17/2021 16:03,USDCAD,Buy,0.01,0,0,1.25379,1.25841,46.20,3.67,0,0
11/15/2021 04:32,11/17/2021 16:03,USDCAD,Buy,0.01,0,0,1.25402,1.25841,43.90,3.49,0,0
11/15/2021 04:32,11/17/2021 16:03,USDCAD,Buy,0.01,0,0,1.25398,1.2584,44.20,3.51,0,0
11/10/2021 11:26,11/17/2021 03:03,USDJPY,Buy,0.01,0,0,113.175,114.824,164.90,14.36,0,0
11/12/2021 21:45,11/17/2021 03:01,USDCAD,Buy,0.01,0,0,1.25482,1.25643,16.10,1.28,0,0
11/12/2021 21:46,11/17/2021 03:01,USDCAD,Buy,0.01,0,0,1.25478,1.25642,16.40,1.31,0,0
11/12/2021 21:44,11/17/2021 03:01,USDCAD,Buy,0.01,0,0,1.25489,1.25642,15.30,1.22,0,0
11/12/2021 17:19,11/17/2021 03:01,USDCAD,Buy,0.01,0,0,1.25497,1.25643,14.60,1.16,0,0
11/12/2021 17:19,11/17/2021 03:01,USDCAD,Buy,0.01,0,0,1.25497,1.25643,14.60,1.16,0,0
11/12/2021 21:43,11/17/2021 03:01,USDCAD,Buy,0.01,0,0,1.25503,1.25643,14.00,1.11,0,0
11/12/2021 21:21,11/17/2021 03:01,USDCAD,Buy,0.01,0,0,1.25518,1.25643,12.50,0.99,0,0
11/12/2021 21:21,11/17/2021 03:01,USDCAD,Buy,0.01,0,0,1.25518,1.25642,12.40,0.99,0,0
11/12/2021 17:19,11/17/2021 03:01,USDCAD,Buy,0.01,0,0,1.25514,1.25642,12.80,1.02,0,0
11/12/2021 17:25,11/17/2021 03:01,USDCAD,Buy,0.01,0,0,1.25526,1.25642,11.60,0.92,0,0
11/12/2021 17:25,11/17/2021 03:01,USDCAD,Buy,0.01,0,0,1.25538,1.25653,11.50,0.92,0,0
11/12/2021 17:18,11/17/2021 03:01,USDCAD,Buy,0.01,0,0,1.25535,1.25652,11.70,0.93,0,0
11/12/2021 17:20,11/17/2021 03:01,USDCAD,Buy,0.01,0,0,1.25551,1.25653,10.20,0.81,0,0
11/12/2021 17:20,11/17/2021 03:01,USDCAD,Buy,0.01,0,0,1.2555,1.25658,10.80,0.86,0,0
11/12/2021 17:20,11/17/2021 03:01,USDCAD,Buy,0.01,0,0,1.25544,1.25658,11.40,0.91,0,0
11/12/2021 17:20,11/17/2021 03:01,USDCAD,Buy,0.01,0,0,1.25562,1.2566,9.80,0.78,0,0
11/12/2021 17:20,11/17/2021 03:01,USDCAD,Buy,0.01,0,0,1.25561,1.2566,9.90,0.79,0,0
11/12/2021 17:20,11/17/2021 03:01,USDCAD,Buy,0.01,0,0,1.25561,1.2566,9.90,0.79,0,0
11/12/2021 17:18,11/17/2021 03:00,USDCAD,Buy,0.01,0,0,1.25555,1.25659,10.40,0.83,0,0
11/12/2021 17:20,11/17/2021 03:00,USDCAD,Buy,0.01,0,0,1.25561,1.25658,9.70,0.77,0,0
11/12/2021 17:25,11/17/2021 03:00,USDCAD,Buy,0.01,0,0,1.25565,1.25661,9.60,0.76,0,0
11/12/2021 17:21,11/17/2021 03:00,USDCAD,Buy,0.01,0,0,1.25578,1.25673,9.50,0.76,0,0
11/12/2021 17:16,11/17/2021 03:00,USDCAD,Buy,0.01,0,0,1.25579,1.25673,9.40,0.75,0,0
11/12/2021 17:21,11/17/2021 03:00,USDCAD,Buy,0.01,0,0,1.25586,1.25673,8.70,0.69,0,0
11/11/2021 07:32,11/16/2021 16:36,AUDJPY,Buy,0.05,0,0,83.299,83.854,55.50,24.24,0,0
09/29/2021 09:29,11/16/2021 16:27,EURUSD,Sell,0.01,0,0,1.16826,1.13363,346.30,34.63,0,0
09/28/2021 17:23,11/16/2021 16:27,EURUSD,Sell,0.01,0,0,1.16853,1.13361,349.20,34.92,0,0
09/28/2021 17:23,11/16/2021 16:27,EURUSD,Sell,0.01,0,0,1.16854,1.13359,349.50,34.95,0,0
09/28/2021 17:22,11/16/2021 16:27,EURUSD,Sell,0.01,0,0,1.16854,1.1336,349.40,34.94,0,0
09/28/2021 17:22,11/16/2021 16:26,EURUSD,Sell,0.01,0,0,1.16856,1.13364,349.20,34.92,0,0
09/28/2021 17:25,11/16/2021 15:16,EURUSD,Sell,0.01,0,0,1.16925,1.1369,323.50,32.35,0,0
09/28/2021 17:15,11/16/2021 15:15,EURUSD,Sell,0.01,0,0,1.16989,1.13699,329.00,32.90,0,0
09/28/2021 17:15,11/16/2021 15:15,EURUSD,Sell,0.01,0,0,1.16989,1.13706,328.30,32.83,0,0
09/28/2021 09:27,11/16/2021 12:37,EURUSD,Sell,0.01,0,0,1.1683,1.13549,328.10,32.81,0,0
09/28/2021 17:24,11/16/2021 12:37,EURUSD,Sell,0.01,0,0,1.16941,1.13552,338.90,33.89,0,0
09/28/2021 17:24,11/16/2021 12:36,EURUSD,Sell,0.01,0,0,1.16956,1.13551,340.50,34.05,0,0
09/28/2021 17:25,11/16/2021 12:36,EURUSD,Sell,0.01,0,0,1.16944,1.13551,339.30,33.93,0,0
09/28/2021 17:25,11/16/2021 12:36,EURUSD,Sell,0.01,0,0,1.16946,1.13552,339.40,33.94,0,0
09/28/2021 17:25,11/16/2021 12:36,EURUSD,Sell,0.01,0,0,1.16941,1.13551,339.00,33.90,0,0
09/28/2021 17:53,11/16/2021 12:36,EURUSD,Sell,0.01,0,0,1.16836,1.13555,328.10,32.81,0,0
09/28/2021 17:25,11/16/2021 12:36,EURUSD,Sell,0.01,0,0,1.16937,1.13552,338.50,33.85,0,0
09/28/2021 17:26,11/16/2021 12:36,EURUSD,Sell,0.01,0,0,1.16939,1.13563,337.60,33.76,0,0
09/28/2021 17:29,11/16/2021 12:36,EURUSD,Sell,0.01,0,0,1.16915,1.13564,335.10,33.51,0,0
09/28/2021 17:29,11/16/2021 12:36,EURUSD,Sell,0.01,0,0,1.16924,1.13564,336.00,33.60,0,0
09/28/2021 17:30,11/16/2021 12:36,EURUSD,Sell,0.01,0,0,1.16924,1.13567,335.70,33.57,0,0
09/28/2021 17:31,11/16/2021 12:36,EURUSD,Sell,0.01,0,0,1.16911,1.13557,335.40,33.54,0,0
09/29/2021 08:34,11/16/2021 12:35,EURUSD,Sell,0.01,0,0,1.16861,1.13555,330.60,33.06,0,0
09/29/2021 09:48,11/16/2021 12:35,EURUSD,Sell,0.01,0,0,1.1685,1.13557,329.30,32.93,0,0
09/28/2021 17:33,11/16/2021 12:35,EURUSD,Sell,0.01,0,0,1.16904,1.1356,334.40,33.44,0,0
09/28/2021 19:23,11/16/2021 12:35,EURUSD,Sell,0.01,0,0,1.16896,1.13565,333.10,33.31,0,0
09/28/2021 19:23,11/16/2021 12:35,EURUSD,Sell,0.01,0,0,1.16888,1.13566,332.20,33.22,0,0
09/28/2021 19:23,11/16/2021 12:35,EURUSD,Sell,0.01,0,0,1.1688,1.1356,332.00,33.20,0,0
09/28/2021 18:35,11/16/2021 12:35,EURUSD,Sell,0.01,0,0,1.16846,1.13565,328.10,32.81,0,0
09/29/2021 08:43,11/16/2021 12:35,EURUSD,Sell,0.01,0,0,1.16876,1.13568,330.80,33.08,0,0
09/29/2021 09:29,11/16/2021 12:35,EURUSD,Sell,0.01,0,0,1.16822,1.1357,325.20,32.52,0,0
09/28/2021 17:00,11/16/2021 03:03,EURUSD,Sell,0.01,0,0,1.16782,1.13748,303.40,30.34,0,0
09/28/2021 17:00,11/16/2021 03:03,EURUSD,Sell,0.01,0,0,1.16782,1.13749,303.30,30.33,0,0
09/28/2021 17:00,11/16/2021 03:03,EURUSD,Sell,0.01,0,0,1.16786,1.13749,303.70,30.37,0,0
09/28/2021 12:22,11/16/2021 03:03,EURUSD,Sell,0.01,0,0,1.16802,1.13749,305.30,30.53,0,0
09/28/2021 12:22,11/16/2021 03:03,EURUSD,Sell,0.01,0,0,1.16812,1.13749,306.30,30.63,0,0
09/28/2021 11:04,11/16/2021 03:03,EURUSD,Sell,0.01,0,0,1.16871,1.13745,312.60,31.26,0,0
09/28/2021 10:21,11/16/2021 03:03,EURUSD,Sell,0.01,0,0,1.16788,1.13745,304.30,30.43,0,0
09/28/2021 10:49,11/16/2021 03:02,EURUSD,Sell,0.01,0,0,1.16805,1.13753,305.20,30.52,0,0
09/28/2021 10:50,11/16/2021 03:02,EURUSD,Sell,0.01,0,0,1.16811,1.13758,305.30,30.53,0,0
09/28/2021 10:19,11/16/2021 03:02,EURUSD,Sell,0.01,0,0,1.16778,1.13758,302.00,30.20,0,0
09/28/2021 10:04,11/16/2021 03:02,EURUSD,Sell,0.01,0,0,1.16759,1.13758,300.10,30.01,0,0
09/28/2021 10:04,11/16/2021 03:02,EURUSD,Sell,0.01,0,0,1.16768,1.13758,301.00,30.10,0,0
09/28/2021 10:47,11/16/2021 03:02,EURUSD,Sell,0.01,0,0,1.16795,1.13752,304.30,30.43,0,0
09/28/2021 10:04,11/16/2021 03:02,EURUSD,Sell,0.01,0,0,1.16782,1.13745,303.70,30.37,0,0
09/28/2021 10:04,11/16/2021 03:02,EURUSD,Sell,0.01,0,0,1.16782,1.13747,303.50,30.35,0,0
09/28/2021 10:04,11/16/2021 03:02,EURUSD,Sell,0.01,0,0,1.16782,1.13748,303.40,30.34,0,0
09/28/2021 09:27,11/16/2021 03:02,EURUSD,Sell,0.01,0,0,1.16823,1.13752,307.10,30.71,0,0
11/11/2021 07:32,11/15/2021 10:16,AUDJPY,Buy,0.05,0,0,83.299,83.745,44.60,19.57,0,0
10/13/2021 18:02,11/11/2021 17:20,USDCAD,Buy,0.01,0,0,1.24411,1.25776,136.50,10.85,0,0
10/13/2021 12:14,11/11/2021 17:20,USDCAD,Buy,0.01,0,0,1.24407,1.25776,136.90,10.88,0,0
10/13/2021 17:46,11/11/2021 17:20,USDCAD,Buy,0.01,0,0,1.24424,1.25778,135.40,10.76,0,0
10/13/2021 17:46,11/11/2021 17:19,USDCAD,Buy,0.01,0,0,1.24425,1.25771,134.60,10.70,0,0
10/13/2021 17:46,11/11/2021 17:19,USDCAD,Buy,0.01,0,0,1.2442,1.25768,134.80,10.72,0,0
10/13/2021 17:46,11/11/2021 17:19,USDCAD,Buy,0.01,0,0,1.24423,1.25765,134.20,10.67,0,0
10/13/2021 11:19,11/11/2021 17:19,USDCAD,Buy,0.01,0,0,1.24417,1.25764,134.70,10.71,0,0
10/13/2021 17:55,11/11/2021 08:13,USDCAD,Buy,0.01,0,0,1.24435,1.25049,61.40,4.91,0,0
10/13/2021 17:55,11/11/2021 08:13,USDCAD,Buy,0.01,0,0,1.24438,1.25044,60.60,4.85,0,0
10/13/2021 17:46,11/11/2021 08:13,USDCAD,Buy,0.01,0,0,1.24428,1.25044,61.60,4.93,0,0
10/13/2021 17:46,11/11/2021 08:13,USDCAD,Buy,0.01,0,0,1.24429,1.25046,61.70,4.93,0,0
10/13/2021 12:07,11/11/2021 08:13,USDCAD,Buy,0.01,0,0,1.2443,1.25043,61.30,4.90,0,0
10/12/2021 18:58,11/11/2021 08:13,USDCAD,Buy,0.01,0,0,1.24443,1.25043,60.00,4.80,0,0
10/12/2021 18:58,11/11/2021 08:13,USDCAD,Buy,0.02,0,0,1.24432,1.25043,61.10,9.77,0,0
10/13/2021 18:39,11/11/2021 08:13,USDCAD,Buy,0.01,0,0,1.24447,1.25046,59.90,4.79,0,0
10/13/2021 18:39,11/11/2021 08:13,USDCAD,Buy,0.01,0,0,1.2445,1.25047,59.70,4.77,0,0
11/08/2021 08:08,11/11/2021 08:12,USDCAD,Buy,0.01,0,0,1.24463,1.25045,58.20,4.65,0,0
10/13/2021 18:39,11/11/2021 08:12,USDCAD,Buy,0.01,0,0,1.24453,1.25046,59.30,4.74,0,0
10/13/2021 10:41,11/11/2021 08:12,USDCAD,Buy,0.05,0,0,1.24466,1.25046,58.00,23.19,0,0
10/12/2021 18:57,11/11/2021 08:12,USDCAD,Buy,0.01,0,0,1.24463,1.25046,58.30,4.66,0,0
10/12/2021 18:57,11/11/2021 08:12,USDCAD,Buy,0.02,0,0,1.24458,1.25046,58.80,9.40,0,0
10/13/2021 18:39,11/11/2021 08:12,USDCAD,Buy,0.01,0,0,1.2448,1.25051,57.10,4.57,0,0
10/13/2021 18:39,11/11/2021 08:12,USDCAD,Buy,0.01,0,0,1.24472,1.25048,57.60,4.61,0,0
10/12/2021 18:32,11/11/2021 08:12,USDCAD,Buy,0.05,0,0,1.24478,1.25043,56.50,22.59,0,0
10/13/2021 18:39,11/11/2021 08:12,USDCAD,Buy,0.01,0,0,1.24486,1.25045,55.90,4.47,0,0
10/13/2021 10:38,11/11/2021 08:12,USDCAD,Buy,0.02,0,0,1.2449,1.25044,55.40,8.86,0,0
10/12/2021 18:30,11/11/2021 08:12,USDCAD,Buy,0.01,0,0,1.24501,1.25042,54.10,4.33,0,0
10/12/2021 18:30,11/11/2021 08:12,USDCAD,Buy,0.02,0,0,1.24497,1.25046,54.90,8.78,0,0
10/12/2021 18:28,11/11/2021 08:12,USDCAD,Buy,0.01,0,0,1.24508,1.25054,54.60,4.37,0,0
11/08/2021 07:39,11/11/2021 08:12,USDCAD,Buy,0.01,0,0,1.24517,1.25054,53.70,4.29,0,0
10/12/2021 18:12,11/11/2021 08:12,USDCAD,Buy,0.01,0,0,1.24524,1.25054,53.00,4.24,0,0
10/11/2021 09:00,11/11/2021 08:11,USDCAD,Buy,0.02,0,0,1.24517,1.25055,53.80,8.60,0,0
10/11/2021 17:17,11/11/2021 08:11,USDCAD,Buy,0.02,0,0,1.24533,1.25055,52.20,8.35,0,0
10/12/2021 17:50,11/11/2021 08:11,USDCAD,Buy,0.01,0,0,1.24542,1.25055,51.30,4.10,0,0
10/12/2021 13:57,11/11/2021 08:11,USDCAD,Buy,0.01,0,0,1.24558,1.25053,49.50,3.96,0,0
11/09/2021 19:01,11/11/2021 08:11,USDCAD,Buy,0.01,0,0,1.24545,1.25053,50.80,4.06,0,0
10/11/2021 08:47,11/11/2021 08:11,USDCAD,Buy,0.05,0,0,1.24551,1.25052,50.10,20.03,0,0
10/12/2021 17:49,11/11/2021 08:11,USDCAD,Buy,0.01,0,0,1.24562,1.25052,49.00,3.92,0,0
10/12/2021 17:48,11/11/2021 08:11,USDCAD,Buy,0.01,0,0,1.24568,1.25053,48.50,3.88,0,0
10/12/2021 17:48,11/11/2021 03:24,USDCAD,Buy,0.01,0,0,1.24582,1.24915,33.30,2.67,0,0
10/11/2021 08:52,11/11/2021 03:24,USDCAD,Buy,0.02,0,0,1.24575,1.24915,34.00,5.44,0,0
10/11/2021 18:36,11/11/2021 03:24,USDCAD,Buy,0.01,0,0,1.24589,1.2492,33.10,2.65,0,0
10/12/2021 16:54,11/11/2021 03:24,USDCAD,Buy,0.01,0,0,1.24597,1.24914,31.70,2.54,0,0
10/12/2021 16:54,11/11/2021 03:24,USDCAD,Buy,0.01,0,0,1.24597,1.24916,31.90,2.55,0,0
10/11/2021 18:36,11/11/2021 03:23,USDCAD,Buy,0.01,0,0,1.24595,1.24916,32.10,2.57,0,0
10/12/2021 16:53,11/11/2021 03:23,USDCAD,Buy,0.01,0,0,1.24603,1.24914,31.10,2.49,0,0
10/12/2021 16:52,11/11/2021 03:23,USDCAD,Buy,0.01,0,0,1.24619,1.2492,30.10,2.41,0,0
10/11/2021 08:38,11/11/2021 03:23,USDCAD,Buy,0.02,0,0,1.24612,1.24918,30.60,4.90,0,0
10/12/2021 16:52,11/11/2021 03:23,USDCAD,Buy,0.01,0,0,1.24621,1.24918,29.70,2.38,0,0
10/12/2021 16:33,11/11/2021 03:23,USDCAD,Buy,0.01,0,0,1.2463,1.24915,28.50,2.28,0,0
10/11/2021 08:15,11/11/2021 03:23,USDCAD,Buy,0.02,0,0,1.24627,1.24917,29.00,4.64,0,0
10/12/2021 16:33,11/11/2021 03:23,USDCAD,Buy,0.01,0,0,1.24634,1.24915,28.10,2.25,0,0
10/12/2021 15:23,11/11/2021 03:23,USDCAD,Buy,0.01,0,0,1.24639,1.24917,27.80,2.23,0,0
10/11/2021 06:30,11/11/2021 03:23,USDCAD,Buy,0.01,0,0,1.24645,1.24916,27.10,2.17,0,0
10/11/2021 06:30,11/11/2021 03:22,USDCAD,Buy,0.01,0,0,1.24645,1.24914,26.90,2.15,0,0
10/11/2021 05:56,11/11/2021 03:22,USDCAD,Buy,0.01,0,0,1.24662,1.24918,25.60,2.05,0,0
11/10/2021 16:44,11/10/2021 17:33,USDCAD,Sell,0.01,0,0,1.23989,1.24258,-26.90,-2.16,0,0
10/08/2021 12:37,11/10/2021 13:47,EURUSD,Sell,0.01,0,0,1.15625,1.1549,13.50,1.35,0,0
10/08/2021 12:20,11/10/2021 13:47,EURUSD,Sell,0.01,0,0,1.15587,1.1549,9.70,0.97,0,0
10/08/2021 04:20,11/10/2021 13:47,EURUSD,Sell,0.01,0,0,1.15575,1.15492,8.30,0.83,0,0
10/13/2021 12:02,11/10/2021 13:47,EURUSD,Sell,0.01,0,0,1.15548,1.15493,5.50,0.55,0,0
10/08/2021 12:41,11/10/2021 11:24,EURUSD,Sell,0.01,0,0,1.15652,1.1564,1.20,0.12,0,0
10/08/2021 12:41,11/10/2021 11:24,EURUSD,Sell,0.01,0,0,1.15671,1.15639,3.20,0.32,0,0
11/01/2021 16:45,11/10/2021 09:52,EURUSD,Sell,0.01,0,0,1.15728,1.15677,5.10,0.51,0,0
10/11/2021 06:30,11/10/2021 09:52,EURUSD,Sell,0.01,0,0,1.15708,1.15677,3.10,0.31,0,0
10/08/2021 15:34,11/10/2021 09:52,EURUSD,Sell,0.01,0,0,1.15711,1.15681,3.00,0.30,0,0
10/08/2021 17:43,11/10/2021 09:52,EURUSD,Sell,0.01,0,0,1.15718,1.15681,3.70,0.37,0,0
10/11/2021 06:29,11/10/2021 09:52,EURUSD,Sell,0.01,0,0,1.15703,1.15681,2.20,0.22,0,0
10/11/2021 06:29,11/10/2021 09:52,EURUSD,Sell,0.01,0,0,1.15703,1.15684,1.90,0.19,0,0
10/11/2021 06:29,11/10/2021 09:52,EURUSD,Sell,0.01,0,0,1.15703,1.15685,1.80,0.18,0,0
10/08/2021 15:34,11/10/2021 09:52,EURUSD,Sell,0.01,0,0,1.15705,1.15685,2.00,0.20,0,0
10/08/2021 15:34,11/10/2021 09:51,EURUSD,Sell,0.01,0,0,1.15704,1.15682,2.20,0.22,0,0
10/08/2021 16:03,11/10/2021 09:51,EURUSD,Sell,0.01,0,0,1.15728,1.15682,4.60,0.46,0,0
10/08/2021 16:03,11/10/2021 09:51,EURUSD,Sell,0.01,0,0,1.15724,1.15679,4.50,0.45,0,0
10/29/2021 19:09,11/10/2021 09:50,EURAUD,Buy,0.01,0,0,1.53806,1.57176,337.00,24.79,0,0
10/29/2021 19:09,11/10/2021 09:50,EURAUD,Buy,0.01,0,0,1.53806,1.57174,336.80,24.77,0,0
10/21/2021 05:50,11/10/2021 09:50,EURAUD,Buy,0.01,0,0,1.54689,1.57175,248.60,18.29,0,0
10/21/2021 05:50,11/10/2021 09:50,EURAUD,Buy,0.01,0,0,1.54688,1.57174,248.60,18.29,0,0
10/21/2021 05:50,11/10/2021 09:50,EURAUD,Buy,0.01,0,0,1.5469,1.5717,248.00,18.25,0,0
10/21/2021 05:50,11/10/2021 09:50,EURAUD,Buy,0.01,0,0,1.54688,1.57169,248.10,18.25,0,0
10/21/2021 05:50,11/10/2021 09:50,EURAUD,Buy,0.01,0,0,1.54691,1.57169,247.80,18.23,0,0
10/21/2021 05:50,11/10/2021 09:50,EURAUD,Buy,0.01,0,0,1.54689,1.57171,248.20,18.26,0,0
10/21/2021 05:50,11/10/2021 09:50,EURAUD,Buy,0.01,0,0,1.54688,1.57173,248.50,18.28,0,0
10/21/2021 05:50,11/10/2021 09:50,EURAUD,Buy,0.01,0,0,1.54689,1.57171,248.20,18.26,0,0
10/21/2021 05:50,11/10/2021 09:50,EURAUD,Buy,0.01,0,0,1.5469,1.57174,248.40,18.27,0,0
10/21/2021 05:50,11/10/2021 09:50,EURAUD,Buy,0.01,0,0,1.54692,1.5717,247.80,18.24,0,0
10/14/2021 16:55,11/10/2021 09:50,EURAUD,Buy,0.01,0,0,1.5618,1.57166,98.60,7.25,0,0
10/14/2021 17:18,11/10/2021 09:50,EURAUD,Buy,0.01,0,0,1.56258,1.5717,91.20,6.71,0,0
10/14/2021 16:13,11/10/2021 09:50,EURAUD,Buy,0.01,0,0,1.56404,1.57171,76.70,5.65,0,0
10/14/2021 16:03,11/10/2021 09:50,EURAUD,Buy,0.01,0,0,1.56501,1.57168,66.70,4.90,0,0
10/14/2021 16:02,11/10/2021 09:50,EURAUD,Buy,0.01,0,0,1.56499,1.57167,66.80,4.91,0,0
10/14/2021 14:53,11/10/2021 09:49,EURAUD,Buy,0.01,0,0,1.56594,1.5717,57.60,4.24,0,0
10/14/2021 11:52,11/10/2021 09:49,EURAUD,Buy,0.01,0,0,1.56643,1.57174,53.10,3.91,0,0
10/14/2021 11:42,11/10/2021 09:49,EURAUD,Buy,0.01,0,0,1.5669,1.57175,48.50,3.57,0,0
10/14/2021 11:48,11/10/2021 09:49,EURAUD,Buy,0.01,0,0,1.56661,1.57166,50.50,3.71,0,0
10/14/2021 11:42,11/10/2021 09:49,EURAUD,Buy,0.01,0,0,1.56682,1.57162,48.00,3.53,0,0
10/14/2021 11:05,11/10/2021 09:49,EURAUD,Buy,0.01,0,0,1.56719,1.57161,44.20,3.25,0,0
10/14/2021 11:41,11/10/2021 09:49,EURAUD,Buy,0.01,0,0,1.56742,1.57161,41.90,3.08,0,0
10/14/2021 11:41,11/10/2021 09:49,EURAUD,Buy,0.01,0,0,1.56746,1.57161,41.50,3.05,0,0
10/14/2021 11:03,11/10/2021 09:49,EURAUD,Buy,0.01,0,0,1.56752,1.57158,40.60,2.99,0,0
10/14/2021 10:09,11/10/2021 09:49,EURAUD,Buy,0.01,0,0,1.56803,1.57158,35.50,2.61,0,0
10/14/2021 09:16,11/10/2021 09:49,EURAUD,Buy,0.01,0,0,1.56873,1.57158,28.50,2.10,0,0
10/14/2021 07:00,11/10/2021 09:49,EURAUD,Buy,0.01,0,0,1.5691,1.57152,24.20,1.78,0,0
10/14/2021 06:19,11/10/2021 09:49,EURAUD,Buy,0.01,0,0,1.56983,1.57154,17.10,1.26,0,0
10/14/2021 06:46,11/10/2021 09:49,EURAUD,Buy,0.01,0,0,1.56957,1.57147,19.00,1.40,0,0
10/14/2021 04:15,11/10/2021 09:49,EURAUD,Buy,0.01,0,0,1.57054,1.57149,9.50,0.70,0,0
10/14/2021 04:15,11/10/2021 09:49,EURAUD,Buy,0.01,0,0,1.57052,1.57155,10.30,0.76,0,0
10/14/2021 04:14,11/10/2021 09:49,EURAUD,Buy,0.01,0,0,1.57052,1.57154,10.20,0.75,0,0
10/14/2021 04:13,11/10/2021 09:49,EURAUD,Buy,0.01,0,0,1.57046,1.5716,11.40,0.84,0,0
10/14/2021 04:13,11/10/2021 09:49,EURAUD,Buy,0.01,0,0,1.57038,1.57158,12.00,0.88,0,0
10/14/2021 04:13,11/10/2021 09:48,EURAUD,Buy,0.01,0,0,1.57038,1.57162,12.40,0.92,0,0
10/14/2021 04:13,11/10/2021 09:48,EURAUD,Buy,0.01,0,0,1.57038,1.5717,13.20,0.97,0,0
10/14/2021 04:13,11/10/2021 09:48,EURAUD,Buy,0.01,0,0,1.57038,1.5717,13.20,0.97,0,0
10/14/2021 04:13,11/10/2021 09:48,EURAUD,Buy,0.01,0,0,1.57045,1.57178,13.30,0.98,0,0
10/14/2021 04:13,11/10/2021 09:48,EURAUD,Buy,0.01,0,0,1.57043,1.57178,13.50,0.99,0,0
10/14/2021 04:14,11/10/2021 09:48,EURAUD,Buy,0.01,0,0,1.57052,1.57177,12.50,0.92,0,0
10/14/2021 04:13,11/10/2021 09:48,EURAUD,Buy,0.01,0,0,1.57038,1.57177,13.90,1.02,0,0
10/14/2021 04:13,11/10/2021 09:48,EURAUD,Buy,0.01,0,0,1.57038,1.57174,13.60,1.00,0,0
10/14/2021 04:13,11/10/2021 09:48,EURAUD,Buy,0.01,0,0,1.57043,1.57174,13.10,0.96,0,0
10/11/2021 06:31,11/09/2021 17:20,USDCAD,Buy,0.1,0,0,1.24647,1.24718,7.10,5.69,0,0
10/11/2021 06:31,11/09/2021 17:20,USDCAD,Buy,0.1,0,0,1.24647,1.24722,7.50,6.01,0,0
10/11/2021 08:38,11/09/2021 15:20,EURUSD,Sell,0.01,0,0,1.15732,1.15726,0.60,0.06,0,0
11/01/2021 16:45,11/09/2021 15:20,EURUSD,Sell,0.01,0,0,1.15734,1.15727,0.70,0.07,0,0
10/08/2021 15:30,11/09/2021 15:20,EURUSD,Sell,0.01,0,0,1.15734,1.15726,0.80,0.08,0,0
10/08/2021 17:39,11/09/2021 15:20,EURUSD,Sell,0.01,0,0,1.15737,1.15728,0.90,0.09,0,0
11/01/2021 16:06,11/09/2021 15:20,EURUSD,Sell,0.01,0,0,1.15742,1.15729,1.30,0.13,0,0
11/01/2021 16:06,11/09/2021 15:20,EURUSD,Sell,0.01,0,0,1.15743,1.15731,1.20,0.12,0,0
11/01/2021 16:06,11/09/2021 15:20,EURUSD,Sell,0.01,0,0,1.15741,1.15737,0.40,0.04,0,0
11/01/2021 16:06,11/09/2021 15:20,EURUSD,Sell,0.01,0,0,1.15743,1.15735,0.80,0.08,0,0
11/01/2021 16:45,11/09/2021 15:19,EURUSD,Sell,0.01,0,0,1.15748,1.15737,1.10,0.11,0,0
10/11/2021 08:18,11/09/2021 15:19,EURUSD,Sell,0.01,0,0,1.15751,1.15738,1.30,0.13,0,0
11/01/2021 16:45,11/09/2021 15:19,EURUSD,Sell,0.01,0,0,1.15755,1.15738,1.70,0.17,0,0
11/01/2021 16:05,11/09/2021 15:19,EURUSD,Sell,0.01,0,0,1.15759,1.15739,2.00,0.20,0,0
10/11/2021 09:08,11/09/2021 15:19,EURUSD,Sell,0.01,0,0,1.15764,1.15739,2.50,0.25,0,0
10/04/2021 13:59,11/09/2021 15:15,EURUSD,Sell,0.01,0,0,1.16201,1.15785,41.60,4.16,0,0
10/04/2021 13:59,11/09/2021 15:15,EURUSD,Sell,0.01,0,0,1.16185,1.15783,40.20,4.02,0,0
10/04/2021 13:55,11/09/2021 15:15,EURUSD,Sell,0.01,0,0,1.16165,1.15782,38.30,3.83,0,0
10/04/2021 13:55,11/09/2021 15:15,EURUSD,Sell,0.01,0,0,1.16165,1.15781,38.40,3.84,0,0
10/04/2021 13:55,11/09/2021 15:15,EURUSD,Sell,0.01,0,0,1.16166,1.15775,39.10,3.91,0,0
10/04/2021 13:55,11/09/2021 15:15,EURUSD,Sell,0.01,0,0,1.16165,1.15775,39.00,3.90,0,0
09/30/2021 11:09,11/09/2021 15:14,EURUSD,Sell,0.01,0,0,1.1607,1.15779,29.10,2.91,0,0
09/30/2021 11:10,11/09/2021 15:14,EURUSD,Sell,0.01,0,0,1.16066,1.1578,28.60,2.86,0,0
10/01/2021 17:29,11/09/2021 15:14,EURUSD,Sell,0.01,0,0,1.15958,1.15787,17.10,1.71,0,0
09/30/2021 12:01,11/09/2021 15:14,EURUSD,Sell,0.01,0,0,1.16023,1.15787,23.60,2.36,0,0
10/01/2021 17:29,11/09/2021 15:14,EURUSD,Sell,0.01,0,0,1.15958,1.15783,17.50,1.75,0,0
11/01/2021 18:41,11/09/2021 15:14,EURUSD,Sell,0.01,0,0,1.15915,1.15784,13.10,1.31,0,0
11/01/2021 18:41,11/09/2021 15:14,EURUSD,Sell,0.01,0,0,1.15912,1.15785,12.70,1.27,0,0
10/08/2021 15:38,11/09/2021 15:14,EURUSD,Sell,0.01,0,0,1.15842,1.15787,5.50,0.55,0,0
10/08/2021 15:38,11/09/2021 15:14,EURUSD,Sell,0.01,0,0,1.15839,1.1579,4.90,0.49,0,0
10/08/2021 15:38,11/09/2021 15:13,EURUSD,Sell,0.01,0,0,1.15832,1.1578,5.20,0.52,0,0
10/08/2021 15:38,11/09/2021 15:13,EURUSD,Sell,0.01,0,0,1.15827,1.1578,4.70,0.47,0,0
11/01/2021 18:08,11/09/2021 15:13,EURUSD,Sell,0.01,0,0,1.15823,1.15778,4.50,0.45,0,0
10/08/2021 15:39,11/09/2021 15:13,EURUSD,Sell,0.01,0,0,1.15819,1.15781,3.80,0.38,0,0
11/01/2021 17:57,11/09/2021 15:13,EURUSD,Sell,0.01,0,0,1.15802,1.15781,2.10,0.21,0,0
10/08/2021 15:41,11/09/2021 15:13,EURUSD,Sell,0.01,0,0,1.15805,1.15778,2.70,0.27,0,0
10/08/2021 15:42,11/09/2021 15:13,EURUSD,Sell,0.01,0,0,1.1579,1.15779,1.10,0.11,0,0
10/11/2021 09:08,11/09/2021 15:13,EURUSD,Sell,0.01,0,0,1.15764,1.15779,-1.50,-0.15,0,0
11/01/2021 17:57,11/09/2021 15:13,EURUSD,Sell,0.01,0,0,1.15781,1.1578,0.10,0.01,0,0
10/08/2021 15:36,11/09/2021 15:13,EURUSD,Sell,0.01,0,0,1.15788,1.15775,1.30,0.13,0,0
11/01/2021 17:57,11/09/2021 15:13,EURUSD,Sell,0.01,0,0,1.15781,1.15777,0.40,0.04,0,0
10/11/2021 09:00,11/09/2021 15:13,EURUSD,Sell,0.01,0,0,1.15761,1.15774,-1.30,-0.13,0,0
10/11/2021 09:08,11/09/2021 15:13,EURUSD,Sell,0.01,0,0,1.15766,1.15773,0.70,-0.07,0,0
10/08/2021 18:17,11/09/2021 15:13,EURUSD,Sell,0.01,0,0,1.15769,1.15775,0.60,-0.06,0,0
10/08/2021 18:17,11/09/2021 15:13,EURUSD,Sell,0.01,0,0,1.15768,1.15776,0.80,-0.08,0,0
10/29/2021 18:41,10/29/2021 19:10,EURUSD,Buy,0.3,0,0,1.1536,1.1548,12.00,36.00,0,0
10/27/2021 04:24,10/28/2021 16:17,AUDUSD,Sell,0.01,0,0,0.75235,0.75397,-16.20,-1.62,0,0
10/27/2021 04:24,10/28/2021 16:17,AUDUSD,Sell,0.04,0,0,0.7524,0.75398,-15.80,-6.32,0,0
10/14/2021 16:56,10/28/2021 12:08,USDCAD,Buy,0.01,0,0,1.23624,1.2362,0.40,-0.03,0,0
10/27/2021 16:16,10/27/2021 17:05,USDCAD,Buy,0.01,0,0,1.23093,1.23314,22.10,1.79,0,0
10/27/2021 16:16,10/27/2021 17:05,USDCAD,Buy,0.01,0,0,1.23143,1.23316,17.30,1.40,0,0
10/27/2021 16:16,10/27/2021 17:05,USDCAD,Buy,0.01,0,0,1.23133,1.23315,18.20,1.48,0,0
10/27/2021 16:16,10/27/2021 17:05,USDCAD,Buy,0.01,0,0,1.23118,1.23325,20.70,1.68,0,0
10/27/2021 16:15,10/27/2021 17:05,USDCAD,Buy,0.01,0,0,1.23132,1.2333,19.80,1.61,0,0
10/27/2021 16:15,10/27/2021 17:05,USDCAD,Buy,0.01,0,0,1.23163,1.23322,15.90,1.29,0,0
10/06/2021 12:05,10/27/2021 03:05,AUDCAD,Buy,0.01,0,0,0.91453,0.93347,189.40,15.29,0,0
10/08/2021 17:16,10/27/2021 03:05,AUDCAD,Buy,0.01,0,0,0.91159,0.93345,218.60,17.65,0,0
10/08/2021 17:16,10/27/2021 03:05,AUDCAD,Buy,0.01,0,0,0.91158,0.93346,218.80,17.66,0,0
10/08/2021 16:55,10/27/2021 03:05,AUDCAD,Buy,0.01,0,0,0.91083,0.93346,226.30,18.26,0,0
10/08/2021 16:53,10/27/2021 03:05,AUDCAD,Buy,0.01,0,0,0.91102,0.93346,224.40,18.11,0,0
10/08/2021 16:52,10/27/2021 03:05,AUDCAD,Buy,0.01,0,0,0.91113,0.93344,223.10,18.01,0,0
10/08/2021 16:52,10/27/2021 03:05,AUDCAD,Buy,0.01,0,0,0.91112,0.93342,223.00,18.00,0,0
10/08/2021 16:52,10/27/2021 03:05,AUDCAD,Buy,0.01,0,0,0.91117,0.93342,222.50,17.96,0,0
10/08/2021 16:46,10/27/2021 03:05,AUDCAD,Buy,0.01,0,0,0.91122,0.9334,221.80,17.91,0,0
10/08/2021 16:44,10/27/2021 03:05,AUDCAD,Buy,0.01,0,0,0.91162,0.93338,217.60,17.57,0,0
10/08/2021 16:43,10/27/2021 03:05,AUDCAD,Buy,0.01,0,0,0.91126,0.93338,221.20,17.86,0,0
10/08/2021 16:38,10/27/2021 03:05,AUDCAD,Buy,0.01,0,0,0.91206,0.93337,213.10,17.21,0,0
10/08/2021 16:38,10/27/2021 03:05,AUDCAD,Buy,0.01,0,0,0.91199,0.93337,213.80,17.26,0,0
10/08/2021 16:38,10/27/2021 03:04,AUDCAD,Buy,0.01,0,0,0.91197,0.93347,215.00,17.36,0,0
10/08/2021 15:36,10/27/2021 03:04,AUDCAD,Buy,0.01,0,0,0.91428,0.93344,191.60,15.47,0,0
10/08/2021 14:32,10/27/2021 03:04,AUDCAD,Buy,0.01,0,0,0.91469,0.93346,187.70,15.15,0,0
10/08/2021 14:32,10/27/2021 03:04,AUDCAD,Buy,0.01,0,0,0.91449,0.9334,189.10,15.26,0,0
10/08/2021 14:32,10/27/2021 03:04,AUDCAD,Buy,0.01,0,0,0.91461,0.93345,188.40,15.21,0,0
10/08/2021 14:32,10/27/2021 03:04,AUDCAD,Buy,0.01,0,0,0.91469,0.93342,187.30,15.12,0,0
10/06/2021 19:07,10/27/2021 03:04,AUDCAD,Buy,0.01,0,0,0.91443,0.93344,190.10,15.34,0,0
10/08/2021 14:33,10/27/2021 03:04,AUDCAD,Buy,0.01,0,0,0.91432,0.93341,190.90,15.41,0,0
10/08/2021 14:33,10/27/2021 03:04,AUDCAD,Buy,0.01,0,0,0.91438,0.93344,190.60,15.38,0,0
10/08/2021 14:33,10/27/2021 03:04,AUDCAD,Buy,0.01,0,0,0.91423,0.93344,192.10,15.50,0,0
10/06/2021 12:08,10/27/2021 03:04,AUDCAD,Buy,0.01,0,0,0.91421,0.93349,192.80,15.56,0,0
10/06/2021 12:09,10/27/2021 03:04,AUDCAD,Buy,0.01,0,0,0.91412,0.93351,193.90,15.65,0,0
10/06/2021 12:05,10/27/2021 03:04,AUDCAD,Buy,0.01,0,0,0.91455,0.93337,188.20,15.19,0,0
10/06/2021 12:05,10/27/2021 03:04,AUDCAD,Buy,0.01,0,0,0.91456,0.93325,186.90,15.09,0,0
10/08/2021 16:38,10/27/2021 03:04,AUDCAD,Buy,0.01,0,0,0.91198,0.93318,212.00,17.12,0,0
10/08/2021 16:38,10/27/2021 03:04,AUDCAD,Buy,0.01,0,0,0.91196,0.93317,212.10,17.12,0,0
10/08/2021 16:12,10/27/2021 03:04,AUDCAD,Buy,0.01,0,0,0.91348,0.93303,195.50,15.78,0,0
10/08/2021 16:11,10/27/2021 03:03,AUDCAD,Buy,0.01,0,0,0.91363,0.93301,193.80,15.65,0,0
10/08/2021 16:11,10/27/2021 03:03,AUDCAD,Buy,0.01,0,0,0.91358,0.93301,194.30,15.69,0,0
10/08/2021 15:52,10/27/2021 03:03,AUDCAD,Buy,0.01,0,0,0.91395,0.93304,190.90,15.41,0,0
10/08/2021 15:52,10/27/2021 03:03,AUDCAD,Buy,0.01,0,0,0.91389,0.93309,192.00,15.50,0,0
10/08/2021 15:51,10/27/2021 03:03,AUDCAD,Buy,0.01,0,0,0.91396,0.93304,190.80,15.40,0,0
10/08/2021 15:51,10/27/2021 03:03,AUDCAD,Buy,0.01,0,0,0.91395,0.93303,190.80,15.40,0,0
10/08/2021 15:51,10/27/2021 03:03,AUDCAD,Buy,0.01,0,0,0.91396,0.93303,190.70,15.39,0,0
10/08/2021 15:51,10/27/2021 03:03,AUDCAD,Buy,0.01,0,0,0.91395,0.93298,190.30,15.36,0,0
10/08/2021 15:49,10/27/2021 03:03,AUDCAD,Buy,0.01,0,0,0.91376,0.93296,192.00,15.51,0,0
10/08/2021 15:49,10/27/2021 03:03,AUDCAD,Buy,0.01,0,0,0.91378,0.93291,191.30,15.44,0,0
10/08/2021 15:48,10/27/2021 03:03,AUDCAD,Buy,0.01,0,0,0.91383,0.93291,190.80,15.40,0,0
10/08/2021 15:46,10/27/2021 03:03,AUDCAD,Buy,0.01,0,0,0.91367,0.93291,192.40,15.53,0,0
10/08/2021 15:43,10/27/2021 03:03,AUDCAD,Buy,0.01,0,0,0.91381,0.93291,191.00,15.42,0,0
10/08/2021 15:43,10/27/2021 03:03,AUDCAD,Buy,0.01,0,0,0.91391,0.93296,190.50,15.38,0,0
10/08/2021 15:42,10/27/2021 03:03,AUDCAD,Buy,0.01,0,0,0.91402,0.93297,189.50,15.30,0,0
10/08/2021 14:32,10/21/2021 04:10,AUDCAD,Buy,0.01,0,0,0.91469,0.92769,130.00,10.57,0,0
10/08/2021 15:31,10/21/2021 04:10,AUDCAD,Buy,0.01,0,0,0.91474,0.92769,129.50,10.53,0,0
10/06/2021 18:54,10/21/2021 04:10,AUDCAD,Buy,0.01,0,0,0.91465,0.92771,130.60,10.62,0,0
10/08/2021 14:32,10/21/2021 04:10,AUDCAD,Buy,0.01,0,0,0.91481,0.92769,128.80,10.47,0,0
10/08/2021 14:31,10/21/2021 04:10,AUDCAD,Buy,0.01,0,0,0.91485,0.92766,128.10,10.42,0,0
10/08/2021 15:20,10/21/2021 04:09,AUDCAD,Buy,0.01,0,0,0.91494,0.92768,127.40,10.35,0,0
10/06/2021 12:26,10/21/2021 04:09,AUDCAD,Buy,0.01,0,0,0.91501,0.92768,126.70,10.30,0,0
10/05/2021 13:23,10/21/2021 04:09,AUDCAD,Buy,0.01,0,0,0.91503,0.92768,126.50,10.28,0,0
10/06/2021 12:25,10/21/2021 04:09,AUDCAD,Buy,0.01,0,0,0.91491,0.92769,127.80,10.39,0,0
10/05/2021 13:21,10/21/2021 04:09,AUDCAD,Buy,0.01,0,0,0.91507,0.92771,126.40,10.28,0,0
10/05/2021 17:01,10/21/2021 04:09,AUDCAD,Buy,0.01,0,0,0.91497,0.9277,127.30,10.35,0,0
10/08/2021 14:36,10/21/2021 04:09,AUDCAD,Buy,0.01,0,0,0.9152,0.92771,125.10,10.17,0,0
10/05/2021 13:21,10/21/2021 04:09,AUDCAD,Buy,0.01,0,0,0.91513,0.92762,124.90,10.15,0,0
10/05/2021 13:21,10/21/2021 04:09,AUDCAD,Buy,0.01,0,0,0.91517,0.92761,124.40,10.11,0,0
10/08/2021 09:33,10/21/2021 04:09,AUDCAD,Buy,0.01,0,0,0.91531,0.92763,123.20,10.01,0,0
10/05/2021 13:20,10/21/2021 04:09,AUDCAD,Buy,0.01,0,0,0.91523,0.92763,124.00,10.08,0,0
10/04/2021 17:42,10/21/2021 04:09,AUDCAD,Buy,0.01,0,0,0.91528,0.92763,123.50,10.04,0,0
10/08/2021 09:32,10/21/2021 04:09,AUDCAD,Buy,0.01,0,0,0.91542,0.92763,122.10,9.93,0,0
10/04/2021 17:41,10/21/2021 04:09,AUDCAD,Buy,0.01,0,0,0.91537,0.92764,122.70,9.97,0,0
10/04/2021 16:54,10/21/2021 04:09,AUDCAD,Buy,0.01,0,0,0.91548,0.92764,121.60,9.88,0,0
10/05/2021 15:44,10/21/2021 04:09,AUDCAD,Buy,0.01,0,0,0.91555,0.92763,120.80,9.82,0,0
10/08/2021 09:05,10/21/2021 04:09,AUDCAD,Buy,0.01,0,0,0.91566,0.92763,119.70,9.73,0,0
10/05/2021 15:44,10/21/2021 04:09,AUDCAD,Buy,0.01,0,0,0.91564,0.92763,119.90,9.74,0,0
10/04/2021 16:53,10/21/2021 04:09,AUDCAD,Buy,0.01,0,0,0.91558,0.92763,120.50,9.79,0,0
10/04/2021 16:51,10/21/2021 04:09,AUDCAD,Buy,0.01,0,0,0.91566,0.92763,119.70,9.73,0,0
10/04/2021 16:52,10/21/2021 04:09,AUDCAD,Buy,0.01,0,0,0.91562,0.92763,120.10,9.76,0,0
10/04/2021 16:47,10/21/2021 04:08,AUDCAD,Buy,0.01,0,0,0.91584,0.92762,117.80,9.57,0,0
10/04/2021 16:47,10/21/2021 04:08,AUDCAD,Buy,0.01,0,0,0.9159,0.92761,117.10,9.52,0,0
10/04/2021 16:47,10/21/2021 04:08,AUDCAD,Buy,0.01,0,0,0.91581,0.92759,117.80,9.58,0,0
10/04/2021 16:47,10/21/2021 04:08,AUDCAD,Buy,0.01,0,0,0.91574,0.92759,118.50,9.64,0,0
10/04/2021 16:47,10/21/2021 04:08,AUDCAD,Buy,0.01,0,0,0.91575,0.92761,118.60,9.64,0,0
10/04/2021 16:47,10/21/2021 04:08,AUDCAD,Buy,0.01,0,0,0.91591,0.92761,117.00,9.51,0,0
10/04/2021 16:46,10/21/2021 04:08,AUDCAD,Buy,0.01,0,0,0.91601,0.92761,116.00,9.43,0,0
10/04/2021 10:38,10/21/2021 04:08,AUDCAD,Buy,0.01,0,0,0.9162,0.92762,114.20,9.29,0,0
10/04/2021 16:27,10/21/2021 04:08,AUDCAD,Buy,0.01,0,0,0.91612,0.92759,114.70,9.33,0,0
10/04/2021 16:45,10/21/2021 04:08,AUDCAD,Buy,0.01,0,0,0.91641,0.92759,111.80,9.08,0,0
10/04/2021 10:38,10/21/2021 04:08,AUDCAD,Buy,0.01,0,0,0.91631,0.92759,112.80,9.17,0,0
10/04/2021 16:45,10/21/2021 04:08,AUDCAD,Buy,0.01,0,0,0.9165,0.92759,110.90,9.02,0,0
10/04/2021 10:26,10/21/2021 04:08,AUDCAD,Buy,0.01,0,0,0.91659,0.92759,110.00,8.94,0,0
10/04/2021 10:23,10/21/2021 04:08,AUDCAD,Buy,0.01,0,0,0.91694,0.92758,106.40,8.65,0,0
10/14/2021 08:40,10/21/2021 04:08,AUDCAD,Buy,0.01,0,0,0.91724,0.92759,103.50,8.41,0,0
10/14/2021 08:40,10/21/2021 04:08,AUDCAD,Buy,0.01,0,0,0.91724,0.92759,103.50,8.41,0,0
10/14/2021 08:40,10/21/2021 04:08,AUDCAD,Buy,0.01,0,0,0.91724,0.92761,103.70,8.43,0,0
10/04/2021 05:07,10/21/2021 04:08,AUDCAD,Buy,0.01,0,0,0.91721,0.92762,104.10,8.46,0,0
10/04/2021 04:25,10/21/2021 04:07,AUDCAD,Buy,0.01,0,0,0.9175,0.92759,100.90,8.20,0,0
10/01/2021 10:36,10/21/2021 04:07,AUDCAD,Buy,0.05,0,0,0.91827,0.92759,93.20,37.87,0,0
09/29/2021 10:56,10/19/2021 02:59,EURUSD,Sell,0.01,0,0,1.16703,1.16257,44.60,4.46,0,0
09/29/2021 10:24,10/19/2021 02:59,EURUSD,Sell,0.01,0,0,1.16686,1.16257,42.90,4.29,0,0
09/29/2021 10:24,10/19/2021 02:59,EURUSD,Sell,0.01,0,0,1.16674,1.16259,41.50,4.15,0,0
10/04/2021 16:49,10/19/2021 02:59,EURUSD,Sell,0.01,0,0,1.16363,1.16257,10.60,1.06,0,0
10/04/2021 16:49,10/19/2021 02:59,EURUSD,Sell,0.01,0,0,1.16359,1.16257,10.20,1.02,0,0
10/04/2021 16:26,10/19/2021 02:59,EURUSD,Sell,0.01,0,0,1.16355,1.16258,9.70,0.97,0,0
10/04/2021 14:20,10/19/2021 02:59,EURUSD,Sell,0.01,0,0,1.16354,1.16254,10.00,1.00,0,0
10/04/2021 13:59,10/19/2021 02:59,EURUSD,Sell,0.01,0,0,1.1633,1.16254,7.60,0.76,0,0
10/04/2021 16:43,10/19/2021 02:59,EURUSD,Sell,0.01,0,0,1.16317,1.16254,6.30,0.63,0,0
10/04/2021 16:56,10/19/2021 02:58,EURUSD,Sell,0.01,0,0,1.16236,1.16243,0.70,-0.07,0,0
09/28/2021 08:25,10/15/2021 09:16,EURUSD,Sell,0.01,0,0,1.16867,1.16159,70.80,7.08,0,0
09/28/2021 16:15,10/15/2021 09:15,EURUSD,Sell,0.01,0,0,1.16989,1.1615,83.90,8.39,0,0
09/28/2021 16:15,10/15/2021 09:15,EURUSD,Sell,0.01,0,0,1.16989,1.1615,83.90,8.39,0,0
09/28/2021 16:15,10/15/2021 09:15,EURUSD,Sell,0.01,0,0,1.16989,1.16145,84.40,8.44,0,0
09/28/2021 16:15,10/15/2021 09:15,EURUSD,Sell,0.01,0,0,1.16989,1.16137,85.20,8.52,0,0
09/28/2021 16:15,10/15/2021 09:15,EURUSD,Sell,0.01,0,0,1.16989,1.16138,85.10,8.51,0,0
09/28/2021 16:15,10/15/2021 09:14,EURUSD,Sell,0.01,0,0,1.16989,1.16138,85.10,8.51,0,0
09/28/2021 16:24,10/15/2021 09:14,EURUSD,Sell,0.01,0,0,1.16965,1.16144,82.10,8.21,0,0
09/28/2021 16:15,10/15/2021 09:14,EURUSD,Sell,0.01,0,0,1.16989,1.16144,84.50,8.45,0,0
09/28/2021 16:15,10/15/2021 09:14,EURUSD,Sell,0.01,0,0,1.16989,1.16145,84.40,8.44,0,0
09/29/2021 15:40,10/14/2021 03:12,EURAUD,Sell,0.01,0,0,1.61698,1.57052,464.60,34.33,0,0
09/29/2021 17:46,10/14/2021 03:12,EURAUD,Sell,0.01,0,0,1.61649,1.57047,460.20,34.00,0,0
09/29/2021 16:39,10/14/2021 03:12,EURAUD,Sell,0.01,0,0,1.61677,1.57049,462.80,34.19,0,0
09/29/2021 18:25,10/14/2021 03:12,EURAUD,Sell,0.01,0,0,1.61648,1.57049,459.90,33.98,0,0
09/29/2021 15:36,10/14/2021 03:12,EURAUD,Sell,0.01,0,0,1.61609,1.57048,456.10,33.70,0,0
09/29/2021 15:36,10/14/2021 03:12,EURAUD,Sell,0.01,0,0,1.61613,1.57039,457.40,33.80,0,0
09/29/2021 17:06,10/14/2021 03:12,EURAUD,Sell,0.01,0,0,1.61497,1.57039,445.80,32.94,0,0
09/29/2021 16:58,10/14/2021 03:12,EURAUD,Sell,0.01,0,0,1.61563,1.57048,451.50,33.35,0,0
09/29/2021 15:12,10/14/2021 03:12,EURAUD,Sell,0.01,0,0,1.61583,1.57056,452.70,33.44,0,0
09/29/2021 17:06,10/14/2021 03:11,EURAUD,Sell,0.01,0,0,1.61503,1.57056,444.70,32.85,0,0
09/29/2021 17:06,10/14/2021 03:11,EURAUD,Sell,0.01,0,0,1.61508,1.57056,445.20,32.88,0,0
09/29/2021 17:12,10/14/2021 03:11,EURAUD,Sell,0.01,0,0,1.61545,1.57055,449.00,33.17,0,0
09/29/2021 17:05,10/14/2021 03:11,EURAUD,Sell,0.01,0,0,1.61521,1.57055,446.60,32.99,0,0
09/29/2021 03:36,10/14/2021 03:11,EURAUD,Sell,0.01,0,0,1.61506,1.57052,445.40,32.90,0,0
09/29/2021 03:36,10/13/2021 16:43,EURAUD,Sell,0.01,0,0,1.61496,1.56906,459.00,33.86,0,0
09/29/2021 14:36,10/13/2021 16:43,EURAUD,Sell,0.01,0,0,1.61396,1.56904,449.20,33.13,0,0
09/29/2021 14:36,10/13/2021 16:43,EURAUD,Sell,0.01,0,0,1.61333,1.56903,443.00,32.68,0,0
09/29/2021 02:50,10/13/2021 16:43,EURAUD,Sell,0.01,0,0,1.61241,1.56907,433.40,31.97,0,0
09/29/2021 02:50,10/13/2021 16:43,EURAUD,Sell,0.01,0,0,1.61241,1.56921,432.00,31.86,0,0
09/29/2021 09:04,10/13/2021 16:43,EURAUD,Sell,0.01,0,0,1.61163,1.56921,424.20,31.29,0,0
09/29/2021 02:50,10/13/2021 16:43,EURAUD,Sell,0.01,0,0,1.6123,1.56913,431.70,31.84,0,0
09/29/2021 09:02,10/13/2021 16:43,EURAUD,Sell,0.01,0,0,1.61104,1.56911,419.30,30.93,0,0
09/29/2021 08:33,10/13/2021 16:42,EURAUD,Sell,0.01,0,0,1.61041,1.56912,412.90,30.46,0,0
10/08/2021 11:21,10/13/2021 16:41,EURAUD,Sell,0.01,0,0,1.58429,1.56964,146.50,10.81,0,0
10/08/2021 11:21,10/13/2021 16:41,EURAUD,Sell,0.01,0,0,1.58427,1.56962,146.50,10.80,0,0
10/08/2021 11:21,10/13/2021 16:41,EURAUD,Sell,0.01,0,0,1.58428,1.56969,145.90,10.76,0,0
10/08/2021 17:17,10/13/2021 16:41,EURAUD,Sell,0.01,0,0,1.58225,1.56963,126.20,9.31,0,0
10/08/2021 17:17,10/13/2021 16:41,EURAUD,Sell,0.01,0,0,1.58219,1.56965,125.40,9.24,0,0
10/08/2021 16:55,10/11/2021 17:10,EURAUD,Sell,0.01,0,0,1.58332,1.57073,125.90,9.28,0,0
10/08/2021 14:36,10/11/2021 08:12,AUDCAD,Sell,0.01,0,0,0.91478,0.91366,11.20,0.90,0,0
10/08/2021 14:36,10/11/2021 08:12,AUDCAD,Sell,0.01,0,0,0.9148,0.91363,11.70,0.93,0,0
10/08/2021 14:36,10/11/2021 08:12,AUDCAD,Sell,0.01,0,0,0.91488,0.91368,12.00,0.96,0,0
10/04/2021 04:35,10/08/2021 03:39,HK50,Buy,1.0,0,0,15153.0,15679.0,52.60,526.00,0,0
09/29/2021 15:42,10/06/2021 12:24,EURAUD,Sell,0.01,0,0,1.61746,1.59432,231.40,16.75,0,0
09/29/2021 15:47,10/06/2021 12:24,EURAUD,Sell,0.01,0,0,1.6181,1.59462,234.80,16.98,0,0
09/29/2021 08:34,10/01/2021 14:41,AUDUSD,Buy,0.01,0,0,0.72574,0.72467,-10.70,-1.07,0,0
09/29/2021 08:37,10/01/2021 14:31,AUDUSD,Buy,0.01,0,0,0.7254,0.72565,2.50,0.25,0,0
09/29/2021 07:09,10/01/2021 14:30,AUDUSD,Buy,0.01,0,0,0.72517,0.72526,0.90,0.09,0,0
09/29/2021 07:09,10/01/2021 14:30,AUDUSD,Buy,0.01,0,0,0.72517,0.72522,0.50,0.05,0,0
09/29/2021 08:59,10/01/2021 14:30,AUDUSD,Buy,0.01,0,0,0.725,0.72526,2.60,0.26,0,0
09/29/2021 07:14,10/01/2021 14:30,AUDUSD,Buy,0.01,0,0,0.7247,0.7252,5.00,0.50,0,0
09/29/2021 09:04,10/01/2021 14:30,AUDUSD,Buy,0.01,0,0,0.72432,0.7253,9.80,0.98,0,0
09/29/2021 09:03,10/01/2021 14:29,AUDUSD,Buy,0.01,0,0,0.72449,0.72524,7.50,0.75,0,0
09/29/2021 09:14,10/01/2021 14:29,AUDUSD,Buy,0.01,0,0,0.72415,0.72522,10.70,1.07,0,0
09/29/2021 09:14,10/01/2021 14:29,AUDUSD,Buy,0.01,0,0,0.72413,0.72531,11.80,1.18,0,0
09/29/2021 09:14,10/01/2021 14:29,AUDUSD,Buy,0.01,0,0,0.72415,0.72531,11.60,1.16,0,0
09/29/2021 09:14,10/01/2021 14:29,AUDUSD,Buy,0.01,0,0,0.72413,0.72531,11.80,1.18,0,0
09/29/2021 09:07,10/01/2021 14:29,AUDUSD,Buy,0.01,0,0,0.72391,0.72524,13.30,1.33,0,0
09/29/2021 09:06,10/01/2021 14:29,AUDUSD,Buy,0.01,0,0,0.72409,0.72524,11.50,1.15,0,0
09/29/2021 12:23,10/01/2021 14:28,AUDUSD,Buy,0.01,0,0,0.72381,0.72524,14.30,1.43,0,0
09/29/2021 13:15,10/01/2021 14:28,AUDUSD,Buy,0.01,0,0,0.72366,0.72524,15.80,1.58,0,0
09/29/2021 13:12,10/01/2021 14:28,AUDUSD,Buy,0.01,0,0,0.72372,0.72524,15.20,1.52,0,0
09/29/2021 13:16,10/01/2021 14:28,AUDUSD,Buy,0.01,0,0,0.72353,0.72524,17.10,1.71,0,0
09/29/2021 16:28,09/30/2021 16:56,USDJPY,Sell,0.05,0,0,111.815,111.615,20.00,8.96,0,0
09/29/2021 16:28,09/30/2021 16:56,USDJPY,Sell,0.05,0,0,111.81,111.615,19.50,8.74,0,0
09/29/2021 17:05,09/30/2021 15:35,AUDUSD,Sell,0.01,0,0,0.71898,0.72204,-30.60,-3.06,0,0
09/30/2021 04:03,09/30/2021 15:35,AUDUSD,Sell,0.01,0,0,0.71959,0.72214,-25.50,-2.55,0,0
09/29/2021 17:06,09/30/2021 15:34,AUDUSD,Sell,0.01,0,0,0.71907,0.72213,-30.60,-3.06,0,0
08/24/2021 01:33,09/30/2021 12:31,USDCHF,Buy,0.01,0,0,0.91244,0.93645,240.10,25.64,0,0
08/23/2021 09:36,09/30/2021 12:17,USDCHF,Buy,0.01,0,0,0.91469,0.93549,208.00,22.23,0,0
09/29/2021 15:20,09/30/2021 07:40,AUDUSD,Buy,0.01,0,0,0.7206,0.72066,0.60,0.06,0,0
09/29/2021 15:37,09/30/2021 05:37,AUDUSD,Buy,0.01,0,0,0.7202,0.72042,2.20,0.22,0,0
09/29/2021 16:11,09/30/2021 05:37,AUDUSD,Buy,0.01,0,0,0.71934,0.72039,10.50,1.05,0,0
09/29/2021 16:05,09/30/2021 05:37,AUDUSD,Buy,0.01,0,0,0.71982,0.72038,5.60,0.56,0,0
09/29/2021 17:02,09/30/2021 05:36,AUDUSD,Buy,0.01,0,0,0.71867,0.72036,16.90,1.69,0,0
09/29/2021 17:02,09/30/2021 05:36,AUDUSD,Buy,0.01,0,0,0.71868,0.72036,16.80,1.68,0,0
09/29/2021 17:02,09/30/2021 05:36,AUDUSD,Buy,0.01,0,0,0.71866,0.72036,17.00,1.70,0,0
09/29/2021 17:02,09/30/2021 05:36,AUDUSD,Buy,0.01,0,0,0.71869,0.72034,16.50,1.65,0,0
09/29/2021 18:38,09/30/2021 05:36,AUDUSD,Buy,0.01,0,0,0.71808,0.72034,22.60,2.26,0,0
09/29/2021 18:25,09/30/2021 05:36,AUDUSD,Buy,0.01,0,0,0.71827,0.72034,20.70,2.07,0,0
09/29/2021 17:06,09/30/2021 05:36,AUDUSD,Buy,0.01,0,0,0.71928,0.72033,10.50,1.05,0,0
09/29/2021 18:00,09/30/2021 05:35,AUDUSD,Buy,0.01,0,0,0.71916,0.72032,11.60,1.16,0,0
09/29/2021 17:06,09/30/2021 05:35,AUDUSD,Buy,0.01,0,0,0.71929,0.72034,10.50,1.05,0,0
09/29/2021 18:21,09/30/2021 05:35,AUDUSD,Buy,0.01,0,0,0.7185,0.72033,18.30,1.83,0,0
09/29/2021 18:10,09/30/2021 05:35,AUDUSD,Buy,0.01,0,0,0.71886,0.72029,14.30,1.43,0,0
09/28/2021 08:29,09/29/2021 16:26,USDCAD,Buy,0.01,0,0,1.26192,1.2741,121.80,9.56,0,0
09/28/2021 08:29,09/29/2021 16:26,USDCAD,Buy,0.01,0,0,1.26189,1.27419,123.00,9.65,0,0
09/28/2021 11:16,09/29/2021 16:26,USDCAD,Buy,0.01,0,0,1.26336,1.27416,108.00,8.48,0,0
09/28/2021 11:16,09/29/2021 16:26,USDCAD,Buy,0.01,0,0,1.26335,1.27386,105.10,8.25,0,0
09/28/2021 09:06,09/29/2021 16:26,USDCAD,Buy,0.01,0,0,1.26317,1.27396,107.90,8.47,0,0
09/28/2021 11:15,09/29/2021 16:26,USDCAD,Buy,0.01,0,0,1.26335,1.27409,107.40,8.43,0,0
09/28/2021 09:06,09/29/2021 16:26,USDCAD,Buy,0.01,0,0,1.26306,1.27426,112.00,8.79,0,0
09/28/2021 11:15,09/29/2021 16:26,USDCAD,Buy,0.01,0,0,1.26335,1.27427,109.20,8.57,0,0
09/28/2021 09:06,09/29/2021 16:26,USDCAD,Buy,0.01,0,0,1.26314,1.27428,111.40,8.74,0,0
09/28/2021 09:06,09/29/2021 16:25,USDCAD,Buy,0.01,0,0,1.2632,1.27458,113.80,8.93,0,0
09/28/2021 11:15,09/29/2021 16:25,USDCAD,Buy,0.01,0,0,1.26335,1.27449,111.40,8.74,0,0
09/29/2021 08:20,09/29/2021 16:24,USDCAD,Buy,0.01,0,0,1.26713,1.27442,72.90,5.72,0,0
09/29/2021 08:00,09/29/2021 16:24,USDCAD,Buy,0.01,0,0,1.26724,1.27435,71.10,5.58,0,0
09/29/2021 08:20,09/29/2021 16:24,USDCAD,Buy,0.01,0,0,1.26718,1.27431,71.30,5.60,0,0
09/29/2021 08:20,09/29/2021 16:24,USDCAD,Buy,0.01,0,0,1.26714,1.27429,71.50,5.61,0,0
09/29/2021 08:17,09/29/2021 16:24,USDCAD,Buy,0.01,0,0,1.26743,1.27429,68.60,5.38,0,0
09/29/2021 08:17,09/29/2021 16:24,USDCAD,Buy,0.01,0,0,1.26744,1.2743,68.60,5.38,0,0
09/29/2021 08:19,09/29/2021 16:24,USDCAD,Buy,0.01,0,0,1.26737,1.27443,70.60,5.54,0,0
09/29/2021 08:19,09/29/2021 16:24,USDCAD,Buy,0.01,0,0,1.26734,1.27441,70.70,5.55,0,0
09/29/2021 08:00,09/29/2021 16:24,USDCAD,Buy,0.01,0,0,1.26735,1.27443,70.80,5.56,0,0
09/29/2021 08:17,09/29/2021 16:24,USDCAD,Buy,0.01,0,0,1.26775,1.27452,67.70,5.31,0,0
09/29/2021 08:29,09/29/2021 16:24,USDCAD,Buy,0.01,0,0,1.26767,1.27454,68.70,5.39,0,0
09/29/2021 08:17,09/29/2021 16:24,USDCAD,Buy,0.01,0,0,1.26775,1.27451,67.60,5.30,0,0
09/29/2021 08:17,09/29/2021 16:24,USDCAD,Buy,0.01,0,0,1.26768,1.27444,67.60,5.30,0,0
09/29/2021 07:41,09/29/2021 16:24,USDCAD,Buy,0.01,0,0,1.26764,1.27449,68.50,5.37,0,0
09/29/2021 08:18,09/29/2021 16:24,USDCAD,Buy,0.03,0,0,1.26749,1.27445,69.60,16.38,0,0
09/29/2021 08:18,09/29/2021 16:24,USDCAD,Buy,0.01,0,0,1.26754,1.27443,68.90,5.41,0,0
09/29/2021 07:43,09/29/2021 16:24,USDCAD,Buy,0.01,0,0,1.26742,1.27431,68.90,5.41,0,0
09/29/2021 07:42,09/29/2021 16:24,USDCAD,Buy,0.01,0,0,1.26757,1.27431,67.40,5.29,0,0
09/29/2021 07:00,09/29/2021 16:23,USDCAD,Buy,0.01,0,0,1.26773,1.27417,64.40,5.05,0,0
09/29/2021 06:07,09/29/2021 16:23,USDCAD,Buy,0.01,0,0,1.26796,1.27396,60.00,4.71,0,0
09/29/2021 06:09,09/29/2021 16:23,USDCAD,Buy,0.01,0,0,1.26786,1.27398,61.20,4.80,0,0
09/29/2021 05:29,09/29/2021 16:23,USDCAD,Buy,0.01,0,0,1.26812,1.27393,58.10,4.56,0,0
09/29/2021 09:46,09/29/2021 16:22,USDCAD,Buy,0.01,0,0,1.26855,1.2738,52.50,4.12,0,0
09/29/2021 05:16,09/29/2021 16:22,USDCAD,Buy,0.01,0,0,1.26842,1.27387,54.50,4.28,0,0
09/29/2021 05:20,09/29/2021 16:22,USDCAD,Buy,0.01,0,0,1.26829,1.27397,56.80,4.46,0,0
09/29/2021 05:15,09/29/2021 16:22,USDCAD,Buy,0.01,0,0,1.26854,1.27395,54.10,4.25,0,0
09/29/2021 10:22,09/29/2021 16:22,USDCAD,Buy,0.01,0,0,1.26879,1.27382,50.30,3.95,0,0
09/29/2021 09:48,09/29/2021 16:22,USDCAD,Buy,0.01,0,0,1.26902,1.27378,47.60,3.74,0,0
09/29/2021 05:02,09/29/2021 16:22,USDCAD,Buy,0.01,0,0,1.26917,1.2737,45.30,3.56,0,0
09/15/2021 12:50,09/29/2021 10:18,USDCHF,Buy,0.01,0,0,0.91655,0.92928,127.30,13.70,0,0
09/09/2021 19:06,09/29/2021 09:07,USDCHF,Buy,0.02,0,0,0.9166,0.9306,140.00,30.09,0,0
09/15/2021 08:44,09/28/2021 15:59,USDJPY,Buy,0.01,0,0,109.495,111.536,204.10,18.30,0,0
09/14/2021 19:28,09/28/2021 15:59,USDJPY,Buy,0.01,0,0,109.543,111.536,199.30,17.87,0,0
09/14/2021 19:24,09/28/2021 15:59,USDJPY,Buy,0.01,0,0,109.576,111.535,195.90,17.56,0,0
09/15/2021 08:13,09/28/2021 15:59,USDJPY,Buy,0.01,0,0,109.51,111.535,202.50,18.16,0,0
09/15/2021 08:49,09/28/2021 15:59,USDJPY,Buy,0.01,0,0,109.479,111.538,205.90,18.46,0,0
09/15/2021 09:53,09/28/2021 15:59,USDJPY,Buy,0.01,0,0,109.445,111.54,209.50,18.78,0,0
09/15/2021 10:14,09/28/2021 15:59,USDJPY,Buy,0.01,0,0,109.427,111.54,211.30,18.94,0,0
09/15/2021 10:44,09/28/2021 15:59,USDJPY,Buy,0.02,0,0,109.364,111.536,217.20,38.95,0,0
09/15/2021 10:45,09/28/2021 15:59,USDJPY,Buy,0.02,0,0,109.349,111.536,218.70,39.22,0,0
09/15/2021 14:24,09/28/2021 15:59,USDJPY,Buy,0.04,0,0,109.144,111.535,239.10,85.75,0,0
09/15/2021 11:15,09/28/2021 15:59,USDJPY,Buy,0.01,0,0,109.298,111.535,223.70,20.06,0,0
09/15/2021 11:18,09/28/2021 15:59,USDJPY,Buy,0.01,0,0,109.282,111.535,225.30,20.20,0,0
09/07/2021 12:56,09/28/2021 15:58,USDCHF,Buy,0.03,0,0,0.91389,0.92883,149.40,48.25,0,0
08/24/2021 15:04,09/28/2021 15:58,USDJPY,Buy,0.02,0,0,109.468,111.539,207.10,37.13,0,0
08/24/2021 14:48,09/28/2021 15:58,USDJPY,Buy,0.02,0,0,109.527,111.541,201.40,36.11,0,0
08/17/2021 09:27,09/28/2021 15:58,USDJPY,Buy,0.01,0,0,109.199,111.542,234.30,21.01,0,0
08/02/2021 16:31,09/28/2021 15:58,USDJPY,Buy,0.01,0,0,109.261,111.543,228.20,20.46,0,0
08/02/2021 16:16,09/28/2021 15:58,USDJPY,Buy,0.01,0,0,109.321,111.544,222.30,19.93,0,0
08/02/2021 16:00,09/28/2021 15:58,USDJPY,Buy,0.01,0,0,109.394,111.542,214.80,19.26,0,0
07/19/2021 15:42,09/28/2021 15:58,USDJPY,Buy,0.01,0,0,109.183,111.543,236.00,21.16,0,0
09/28/2021 08:26,09/28/2021 08:38,EURAUD,Sell,0.01,0,0,1.60166,1.60322,-15.60,-1.14,0,0
09/15/2021 12:50,09/28/2021 08:36,USDJPY,Buy,0.01,0,0,109.247,111.327,208.00,18.68,0,0
09/15/2021 14:01,09/28/2021 08:36,USDJPY,Buy,0.01,0,0,109.219,111.328,210.90,18.94,0,0
09/14/2021 19:27,09/28/2021 08:34,USDJPY,Buy,0.01,0,0,109.564,111.295,173.10,15.55,0,0
07/29/2021 16:59,09/28/2021 08:34,USDJPY,Buy,0.01,0,0,109.598,111.292,169.40,15.22,0,0
08/03/2021 14:47,09/28/2021 08:34,USDJPY,Buy,0.05,0,0,109.099,111.285,218.60,98.22,0,0
08/03/2021 14:47,09/28/2021 08:34,USDJPY,Buy,0.02,0,0,109.049,111.291,224.20,40.29,0,0
08/03/2021 15:12,09/28/2021 08:34,USDJPY,Buy,0.02,0,0,108.982,111.292,231.00,41.51,0,0
08/03/2021 15:43,09/28/2021 08:34,USDJPY,Buy,0.02,0,0,108.92,111.291,237.10,42.61,0,0
08/04/2021 14:16,09/28/2021 08:33,USDJPY,Buy,0.02,0,0,108.833,111.29,245.70,44.15,0,0
08/04/2021 14:18,09/28/2021 08:33,USDJPY,Buy,0.02,0,0,108.803,111.294,249.10,44.76,0,0
08/04/2021 15:04,09/28/2021 08:33,USDJPY,Buy,0.02,0,0,108.764,111.291,252.70,45.41,0,0
09/03/2021 16:31,09/28/2021 08:33,USDJPY,Buy,0.05,0,0,109.618,111.292,167.40,75.21,0,0
09/09/2021 19:11,09/28/2021 08:33,USDJPY,Buy,0.05,0,0,109.63,111.292,166.20,74.67,0,0
08/31/2021 16:24,09/28/2021 08:33,USDJPY,Buy,0.02,0,0,109.662,111.289,162.70,29.24,0,0
07/29/2021 14:33,09/28/2021 08:33,USDJPY,Buy,0.01,0,0,109.646,111.286,164.00,14.74,0,0
09/09/2021 19:01,09/28/2021 08:33,USDJPY,Buy,0.03,0,0,109.672,111.29,161.80,43.62,0,0
07/29/2021 14:31,09/28/2021 08:33,USDJPY,Buy,0.01,0,0,109.685,111.289,160.40,14.41,0,0
09/07/2021 04:51,09/28/2021 08:33,USDJPY,Buy,0.02,0,0,109.7,111.289,158.90,28.56,0,0
09/09/2021 18:53,09/28/2021 08:33,USDJPY,Buy,0.05,0,0,109.712,111.297,158.50,71.21,0,0
09/03/2021 14:30,09/28/2021 08:33,USDJPY,Buy,0.01,0,0,109.728,111.294,156.60,14.07,0,0
09/03/2021 14:30,09/28/2021 08:32,USDJPY,Buy,0.01,0,0,109.741,111.294,155.30,13.95,0,0
09/07/2021 02:50,09/28/2021 08:32,USDJPY,Buy,0.01,0,0,109.764,111.291,152.70,13.72,0,0
09/14/2021 16:01,09/28/2021 08:32,USDJPY,Buy,0.01,0,0,109.785,111.291,150.60,13.53,0,0
09/09/2021 17:26,09/28/2021 08:32,USDJPY,Buy,0.05,0,0,109.777,111.293,151.60,68.11,0,0
09/14/2021 15:31,09/28/2021 08:32,USDJPY,Buy,0.01,0,0,109.8,111.299,149.90,13.47,0,0
09/09/2021 16:50,09/28/2021 08:32,USDJPY,Buy,0.05,0,0,109.796,111.298,150.20,67.48,0,0
09/09/2021 16:22,09/28/2021 08:32,USDJPY,Buy,0.03,0,0,109.825,111.3,147.50,39.76,0,0
09/09/2021 15:10,09/28/2021 08:32,USDJPY,Buy,0.05,0,0,109.817,111.298,148.10,66.53,0,0
09/03/2021 04:51,09/28/2021 08:31,USDJPY,Buy,0.01,0,0,109.838,111.292,145.40,13.06,0,0
09/14/2021 15:00,09/28/2021 08:31,USDJPY,Buy,0.01,0,0,109.864,111.291,142.70,12.82,0,0
09/09/2021 15:09,09/28/2021 08:31,USDJPY,Buy,0.03,0,0,109.854,111.28,142.60,38.44,0,0
09/03/2021 03:02,09/28/2021 08:31,USDJPY,Buy,0.01,0,0,109.874,111.275,140.10,12.59,0,0
09/27/2021 05:34,09/28/2021 07:46,USDJPY,Buy,0.02,0,0,110.559,111.191,63.20,11.37,0,0
09/27/2021 03:44,09/28/2021 07:46,USDJPY,Buy,0.03,0,0,110.655,111.191,53.60,14.46,0,0
09/14/2021 14:58,09/24/2021 08:36,USDJPY,Buy,0.01,0,0,109.886,110.508,62.20,5.63,0,0
09/09/2021 10:14,09/24/2021 08:36,USDJPY,Buy,0.03,0,0,109.897,110.505,60.80,16.51,0,0
09/14/2021 14:55,09/24/2021 08:35,USDJPY,Buy,0.01,0,0,109.902,110.506,60.40,5.47,0,0
09/03/2021 02:03,09/24/2021 08:35,USDJPY,Buy,0.01,0,0,109.917,110.508,59.10,5.35,0,0
09/09/2021 09:36,09/24/2021 08:35,USDJPY,Buy,0.03,0,0,109.95,110.507,55.70,15.12,0,0
09/02/2021 11:19,09/24/2021 08:35,USDJPY,Buy,0.01,0,0,109.978,110.509,53.10,4.81,0,0
09/09/2021 09:02,09/24/2021 07:16,USDJPY,Buy,0.01,0,0,110.052,110.412,36.00,3.26,0,0
09/09/2021 09:08,09/24/2021 07:16,USDJPY,Buy,0.03,0,0,110.017,110.415,39.80,10.81,0,0
09/09/2021 08:08,09/24/2021 07:15,USDJPY,Buy,0.01,0,0,110.095,110.415,32.00,2.90,0,0
09/09/2021 04:26,09/24/2021 07:15,USDJPY,Buy,0.01,0,0,110.139,110.415,27.60,2.50,0,0
09/08/2021 10:21,09/24/2021 07:15,USDJPY,Buy,0.01,0,0,110.154,110.413,25.90,2.35,0,0
09/08/2021 11:11,09/24/2021 07:15,USDJPY,Buy,0.03,0,0,110.188,110.413,22.50,6.11,0,0
09/08/2021 10:14,09/24/2021 07:15,USDJPY,Buy,0.01,0,0,110.205,110.413,20.80,1.88,0,0
09/01/2021 16:25,09/23/2021 08:33,USDCHF,Buy,0.01,0,0,0.91542,0.9253,98.80,10.68,0,0
09/02/2021 23:30,09/23/2021 08:33,USDCHF,Buy,0.03,0,0,0.91473,0.92531,105.80,34.30,0,0
09/10/2021 10:26,09/23/2021 08:33,USDCHF,Buy,0.03,0,0,0.91559,0.92545,98.60,31.96,0,0
09/03/2021 14:30,09/23/2021 08:33,USDCHF,Buy,0.03,0,0,0.91288,0.9255,126.20,40.91,0,0
08/31/2021 14:23,09/23/2021 08:32,USDCHF,Buy,0.01,0,0,0.9117,0.92547,137.70,14.88,0,0
09/01/2021 13:05,09/23/2021 08:32,USDCHF,Buy,0.01,0,0,0.91672,0.92547,87.50,9.45,0,0
09/01/2021 13:03,09/23/2021 08:32,USDCHF,Buy,0.01,0,0,0.9167,0.92545,87.50,9.45,0,0
09/09/2021 18:25,09/23/2021 08:32,USDCHF,Buy,0.02,0,0,0.91682,0.92555,87.30,18.86,0,0
08/27/2021 18:43,09/23/2021 08:31,USDCHF,Buy,0.03,0,0,0.91115,0.92554,143.90,46.64,0,0
09/15/2021 12:41,09/23/2021 08:28,USDCHF,Buy,0.01,0,0,0.9169,0.92556,86.60,9.36,0,0
09/15/2021 11:45,09/23/2021 08:28,USDCHF,Buy,0.01,0,0,0.91703,0.92557,85.40,9.23,0,0
09/09/2021 14:21,09/23/2021 08:28,USDCHF,Buy,0.01,0,0,0.91698,0.92557,85.90,9.28,0,0
09/15/2021 11:28,09/23/2021 08:28,USDCHF,Buy,0.01,0,0,0.91722,0.92557,83.50,9.02,0,0
09/09/2021 14:20,09/23/2021 08:28,USDCHF,Buy,0.01,0,0,0.91708,0.92557,84.90,9.17,0,0
09/15/2021 11:23,09/23/2021 08:28,USDCHF,Buy,0.01,0,0,0.91731,0.92558,82.70,8.93,0,0
08/23/2021 03:09,09/23/2021 08:28,USDCHF,Buy,0.01,0,0,0.91727,0.92558,83.10,8.98,0,0
09/10/2021 16:03,09/23/2021 08:28,USDCHF,Buy,0.01,0,0,0.91714,0.92557,84.30,9.11,0,0
09/09/2021 17:34,09/23/2021 08:28,USDCHF,Buy,0.02,0,0,0.91738,0.92555,81.70,17.65,0,0
09/15/2021 11:18,09/23/2021 08:28,USDCHF,Buy,0.01,0,0,0.91743,0.92556,81.30,8.78,0,0
09/15/2021 11:18,09/23/2021 08:28,USDCHF,Buy,0.01,0,0,0.91758,0.92554,79.60,8.60,0,0
09/09/2021 18:10,09/23/2021 08:28,USDCHF,Buy,0.02,0,0,0.91749,0.92554,80.50,17.40,0,0
09/09/2021 13:52,09/23/2021 08:28,USDCHF,Buy,0.01,0,0,0.91751,0.92553,80.20,8.67,0,0
09/09/2021 17:31,09/23/2021 08:28,USDCHF,Buy,0.01,0,0,0.91765,0.92553,78.80,8.51,0,0
09/09/2021 13:51,09/23/2021 08:28,USDCHF,Buy,0.01,0,0,0.91776,0.9255,77.40,8.36,0,0
09/09/2021 15:24,09/23/2021 08:28,USDCHF,Buy,0.01,0,0,0.91786,0.9255,76.40,8.25,0,0
09/15/2021 10:53,09/23/2021 08:28,USDCHF,Buy,0.01,0,0,0.91801,0.9255,74.90,8.09,0,0
09/09/2021 17:27,09/23/2021 08:28,USDCHF,Buy,0.01,0,0,0.91791,0.92548,75.70,8.18,0,0
09/09/2021 13:50,09/23/2021 08:27,USDCHF,Buy,0.01,0,0,0.91808,0.92548,74.00,8.00,0,0
09/15/2021 10:51,09/23/2021 08:27,USDCHF,Buy,0.01,0,0,0.91815,0.92549,73.40,7.93,0,0
09/15/2021 10:49,09/23/2021 08:27,USDCHF,Buy,0.01,0,0,0.91831,0.92546,71.50,7.73,0,0
09/14/2021 19:24,09/23/2021 08:27,USDCHF,Buy,0.01,0,0,0.91826,0.92558,73.20,7.91,0,0
09/09/2021 15:47,09/23/2021 08:27,USDCHF,Buy,0.01,0,0,0.91822,0.92555,73.30,7.92,0,0
09/15/2021 10:45,09/23/2021 08:27,USDCHF,Buy,0.01,0,0,0.91844,0.92557,71.30,7.70,0,0
09/14/2021 19:24,09/23/2021 08:27,USDCHF,Buy,0.01,0,0,0.91852,0.92556,70.40,7.61,0,0
09/09/2021 13:50,09/23/2021 08:27,USDCHF,Buy,0.01,0,0,0.91839,0.92556,71.70,7.75,0,0
09/09/2021 13:50,09/23/2021 08:26,USDCHF,Buy,0.03,0,0,0.91851,0.92556,70.50,22.85,0,0
09/15/2021 10:45,09/23/2021 08:26,USDCHF,Buy,0.01,0,0,0.91856,0.92556,70.00,7.56,0,0
09/09/2021 13:50,09/23/2021 08:26,USDCHF,Buy,0.01,0,0,0.91866,0.92556,69.00,7.45,0,0
09/14/2021 18:27,09/23/2021 08:23,USDCHF,Buy,0.01,0,0,0.9188,0.92566,68.60,7.41,0,0
09/09/2021 13:50,09/23/2021 08:23,USDCHF,Buy,0.03,0,0,0.91872,0.92566,69.40,22.49,0,0
09/09/2021 10:36,09/23/2021 08:22,USDCHF,Buy,0.01,0,0,0.91893,0.92566,67.30,7.27,0,0
09/09/2021 10:49,09/23/2021 08:22,USDCHF,Buy,0.02,0,0,0.91895,0.92564,66.90,14.45,0,0
09/14/2021 18:18,09/23/2021 08:22,USDCHF,Buy,0.01,0,0,0.91906,0.92564,65.80,7.11,0,0
09/09/2021 10:57,09/23/2021 08:22,USDCHF,Buy,0.01,0,0,0.91915,0.92564,64.90,7.01,0,0
09/09/2021 10:58,09/23/2021 08:22,USDCHF,Buy,0.03,0,0,0.91923,0.92564,64.10,20.77,0,0
09/14/2021 17:15,09/23/2021 04:37,USDCHF,Buy,0.01,0,0,0.91936,0.92679,74.30,8.02,0,0
09/09/2021 10:14,09/23/2021 04:37,USDCHF,Buy,0.01,0,0,0.91923,0.92681,75.80,8.18,0,0
09/09/2021 10:13,09/23/2021 04:37,USDCHF,Buy,0.01,0,0,0.91946,0.92676,73.00,7.88,0,0
09/09/2021 08:24,09/23/2021 04:37,USDCHF,Buy,0.01,0,0,0.91974,0.92676,70.20,7.57,0,0
09/09/2021 08:27,09/23/2021 04:37,USDCHF,Buy,0.01,0,0,0.91962,0.92677,71.50,7.71,0,0
09/14/2021 14:33,09/23/2021 04:37,USDCHF,Buy,0.01,0,0,0.91986,0.92676,69.00,7.45,0,0
09/14/2021 14:30,09/23/2021 04:36,USDCHF,Buy,0.01,0,0,0.92003,0.92677,67.40,7.27,0,0
09/09/2021 08:08,09/23/2021 04:36,USDCHF,Buy,0.01,0,0,0.92,0.92677,67.70,7.30,0,0
09/14/2021 14:30,09/23/2021 04:36,USDCHF,Buy,0.01,0,0,0.92031,0.92678,64.70,6.98,0,0
09/14/2021 14:30,09/23/2021 04:36,USDCHF,Buy,0.01,0,0,0.92031,0.92678,64.70,6.98,0,0
09/09/2021 05:10,09/23/2021 04:36,USDCHF,Buy,0.01,0,0,0.92034,0.92678,64.40,6.95,0,0
09/09/2021 04:52,09/23/2021 04:36,USDCHF,Buy,0.02,0,0,0.9208,0.92678,59.80,12.90,0,0
09/09/2021 04:23,09/23/2021 04:36,USDCHF,Buy,0.01,0,0,0.92098,0.92678,58.00,6.26,0,0
09/21/2021 17:08,09/23/2021 03:29,USDCHF,Buy,0.01,0,0,0.923,0.92709,40.90,4.41,0,0
09/20/2021 03:59,09/22/2021 03:28,HK50,Buy,1.0,0,0,14651.0,14919.0,26.80,268.00,0,0
09/10/2021 15:32,09/10/2021 17:18,USDJPY,Sell,0.01,0,0,109.904,109.869,3.50,0.32,0,0
06/25/2021 03:09,09/09/2021 10:18,AUDUSD,Sell,0.02,0,0,0.75881,0.73827,205.40,41.08,0,0
06/24/2021 16:01,09/09/2021 10:18,AUDUSD,Sell,0.01,0,0,0.75888,0.73827,206.10,20.61,0,0
06/24/2021 07:26,09/09/2021 10:18,AUDUSD,Sell,0.01,0,0,0.75729,0.73827,190.20,19.02,0,0
06/23/2021 16:14,09/09/2021 10:18,AUDUSD,Sell,0.01,0,0,0.75935,0.73827,210.80,21.08,0,0
06/24/2021 10:15,09/09/2021 10:18,AUDUSD,Sell,0.03,0,0,0.75751,0.73831,192.00,57.60,0,0
06/23/2021 16:51,09/09/2021 10:18,AUDUSD,Sell,0.05,0,0,0.75846,0.7383,201.60,100.80,0,0
06/24/2021 14:58,09/09/2021 10:18,AUDUSD,Sell,0.05,0,0,0.75862,0.73831,203.10,101.55,0,0
06/24/2021 11:13,09/09/2021 10:17,AUDUSD,Sell,0.1,0,0,0.75719,0.73826,189.30,189.30,0,0
06/25/2021 08:33,09/09/2021 10:17,AUDUSD,Sell,0.05,0,0,0.75961,0.73832,212.90,106.45,0,0
06/25/2021 09:03,09/09/2021 10:17,AUDUSD,Sell,0.05,0,0,0.75953,0.73832,212.10,106.05,0,0
06/28/2021 09:17,09/09/2021 10:17,AUDUSD,Sell,0.01,0,0,0.75973,0.73834,213.90,21.39,0,0
07/06/2021 12:49,09/09/2021 10:17,AUDUSD,Sell,0.05,0,0,0.75768,0.73836,193.20,96.60,0,0
07/06/2021 13:31,09/09/2021 10:17,AUDUSD,Sell,0.01,0,0,0.75782,0.73838,194.40,19.44,0,0
06/28/2021 16:01,09/09/2021 10:16,AUDUSD,Sell,0.01,0,0,0.75652,0.73824,182.80,18.28,0,0
06/23/2021 10:42,09/09/2021 10:14,AUDUSD,Sell,0.05,0,0,0.75647,0.73839,180.80,90.40,0,0
06/25/2021 15:01,09/09/2021 10:14,AUDUSD,Sell,0.05,0,0,0.76119,0.73838,228.10,114.05,0,0
07/06/2021 01:09,09/09/2021 10:14,AUDUSD,Sell,0.02,0,0,0.75411,0.73844,156.70,31.34,0,0
06/23/2021 03:43,09/09/2021 10:14,AUDUSD,Sell,0.05,0,0,0.75417,0.73844,157.30,78.65,0,0
07/05/2021 11:01,09/09/2021 10:14,AUDUSD,Sell,0.01,0,0,0.75302,0.7384,146.20,14.62,0,0
07/05/2021 11:01,09/09/2021 10:14,AUDUSD,Sell,0.01,0,0,0.75295,0.73838,145.70,14.57,0,0
08/25/2021 17:09,09/09/2021 10:14,AUDUSD,Sell,0.06,0,0,0.72614,0.7384,-122.60,-73.56,0,0
08/04/2021 09:56,09/09/2021 10:13,AUDUSD,Sell,0.02,0,0,0.74206,0.73844,36.20,7.24,0,0
08/05/2021 17:12,09/09/2021 10:13,AUDUSD,Sell,0.02,0,0,0.74088,0.73833,25.50,5.10,0,0
09/02/2021 07:59,09/09/2021 10:13,AUDUSD,Sell,0.06,0,0,0.73789,0.73831,-4.20,-2.52,0,0
09/09/2021 05:46,09/09/2021 08:24,USDCHF,Sell,0.01,0,0,0.92064,0.91981,8.30,0.90,0,0
09/03/2021 03:25,09/09/2021 04:20,AUDUSD,Sell,0.01,0,0,0.7397,0.73651,31.90,3.19,0,0
08/19/2021 11:13,08/23/2021 17:45,XAGUSD,Buy,0.2,0,0,23.345,23.651,30.60,30.60,0,0
08/04/2021 09:20,08/20/2021 09:45,AUDUSD,Sell,0.4,0,0,0.74107,0.71133,297.40,"1,189.60",0,0
08/05/2021 10:58,08/20/2021 09:40,AUDUSD,Sell,0.01,0,0,0.74023,0.71175,284.80,28.48,0,0
08/05/2021 10:58,08/20/2021 09:40,AUDUSD,Sell,0.01,0,0,0.74027,0.71166,286.10,28.61,0,0
07/29/2021 18:26,08/20/2021 09:39,AUDUSD,Sell,0.01,0,0,0.73955,0.7117,278.50,27.85,0,0
07/29/2021 08:15,08/20/2021 09:39,AUDUSD,Sell,0.05,0,0,0.73888,0.71164,272.40,136.20,0,0
08/03/2021 06:30,08/20/2021 09:39,AUDUSD,Sell,0.01,0,0,0.73827,0.71158,266.90,26.69,0,0
07/29/2021 05:07,08/20/2021 09:39,AUDUSD,Sell,0.05,0,0,0.73779,0.71147,263.20,131.60,0,0
08/02/2021 16:59,08/20/2021 09:38,AUDUSD,Sell,0.01,0,0,0.73734,0.71143,259.10,25.91,0,0
08/04/2021 09:20,08/19/2021 08:19,AUDUSD,Sell,0.01,0,0,0.74107,0.719,220.70,22.07,0,0
08/04/2021 09:20,08/19/2021 08:18,AUDUSD,Sell,0.09,0,0,0.74107,0.71908,219.90,197.91,0,0
08/05/2021 17:12,08/19/2021 08:16,AUDUSD,Sell,0.01,0,0,0.74088,0.71892,219.60,21.96,0,0
08/05/2021 10:58,08/19/2021 08:16,AUDUSD,Sell,0.01,0,0,0.74023,0.71899,212.40,21.24,0,0
07/29/2021 04:23,08/19/2021 08:13,AUDUSD,Sell,0.01,0,0,0.73605,0.71858,174.70,17.47,0,0
07/29/2021 04:23,08/19/2021 08:13,AUDUSD,Sell,0.01,0,0,0.73603,0.71851,175.20,17.52,0,0
08/09/2021 05:16,08/10/2021 04:13,HK50,Sell,1.0,0,0,15828.0,15490.0,33.80,338.00,0,0
08/09/2021 04:11,08/10/2021 03:51,HK50,Sell,1.0,0,0,15606.0,15516.0,9.00,90.00,0,0
08/09/2021 04:57,08/09/2021 05:01,HK50,Sell,1.0,0,0,15757.0,15805.0,-4.80,-48.00,0,0
08/09/2021 03:48,08/09/2021 03:52,HK50,Sell,1.0,0,0,15612.0,15604.0,0.80,8.00,0,0
07/05/2021 09:01,08/06/2021 15:48,XAGUSD,Sell,0.1,0,0,26.542,24.276,226.60,113.30,0,0
07/29/2021 15:35,08/06/2021 15:11,XAGUSD,Sell,0.1,0,0,25.588,24.551,103.70,51.85,0,0
08/06/2021 14:30,08/06/2021 14:33,AUDUSD,Sell,0.09,0,0,0.73838,0.73872,-3.40,-3.06,0,0
08/04/2021 07:20,08/04/2021 07:46,HK50,Sell,1.0,0,0,15519.0,15517.0,0.20,2.00,0,0
07/26/2021 05:02,08/04/2021 04:41,HK50,Buy,1.0,0,0,15889.0,15543.0,-34.60,-346.00,0,0
08/03/2021 08:49,08/04/2021 03:17,HK50,Sell,1.0,0,0,15597.0,15528.0,6.90,69.00,0,0
08/03/2021 03:46,08/03/2021 04:00,HK50,Buy,1.0,0,0,15341.0,15390.0,4.90,49.00,0,0
07/28/2021 15:23,08/02/2021 07:01,HK50,Sell,1.0,0,0,15580.0,15519.0,6.10,61.00,0,0
07/28/2021 14:51,07/29/2021 08:51,HK50,Sell,1.0,0,0,15420.0,15322.0,9.80,98.00,0,0
07/28/2021 15:05,07/29/2021 03:42,HK50,Sell,1.0,0,0,15489.0,15447.0,4.20,42.00,0,0
07/27/2021 07:25,07/28/2021 14:24,HK50,Buy,1.0,0,0,15475.0,15422.0,-5.30,-53.00,0,0
07/28/2021 08:07,07/28/2021 11:15,HK50,Sell,1.0,0,0,15297.0,15292.0,0.50,5.00,0,0
07/28/2021 07:00,07/28/2021 07:01,HK50,Sell,1.0,0,0,15187.0,15183.0,0.40,4.00,0,0
07/05/2021 03:47,07/27/2021 09:26,AUDUSD,Sell,0.01,0,0,0.75146,0.73446,170.00,17.00,0,0
07/02/2021 19:40,07/27/2021 09:26,AUDUSD,Sell,0.02,0,0,0.75159,0.73431,172.80,34.56,0,0
07/07/2021 11:40,07/27/2021 09:26,AUDUSD,Sell,0.05,0,0,0.75118,0.73428,169.00,84.50,0,0
07/01/2021 15:08,07/27/2021 09:25,AUDUSD,Sell,0.01,0,0,0.75049,0.73449,160.00,16.00,0,0
07/01/2021 15:08,07/27/2021 09:25,AUDUSD,Sell,0.01,0,0,0.75047,0.73452,159.50,15.95,0,0
07/01/2021 15:08,07/27/2021 09:25,AUDUSD,Sell,0.01,0,0,0.75048,0.73459,158.90,15.89,0,0
07/01/2021 15:08,07/27/2021 09:25,AUDUSD,Sell,0.01,0,0,0.75032,0.73465,156.70,15.67,0,0
07/07/2021 08:00,07/27/2021 09:25,AUDUSD,Sell,0.01,0,0,0.75004,0.73469,153.50,15.35,0,0
07/07/2021 02:48,07/27/2021 09:25,AUDUSD,Sell,0.01,0,0,0.7493,0.73472,145.80,14.58,0,0
07/09/2021 20:59,07/27/2021 09:25,AUDUSD,Sell,0.01,0,0,0.74892,0.73471,142.10,14.21,0,0
07/12/2021 17:34,07/27/2021 09:25,AUDUSD,Sell,0.01,0,0,0.74884,0.73472,141.20,14.12,0,0
07/02/2021 15:28,07/27/2021 09:25,AUDUSD,Sell,0.02,0,0,0.74866,0.73468,139.80,27.96,0,0
07/09/2021 16:36,07/27/2021 09:25,AUDUSD,Sell,0.01,0,0,0.74827,0.7347,135.70,13.57,0,0
07/02/2021 14:38,07/27/2021 09:25,AUDUSD,Sell,0.03,0,0,0.74755,0.73472,128.30,38.49,0,0
07/09/2021 14:54,07/27/2021 09:25,AUDUSD,Sell,0.01,0,0,0.74726,0.73473,125.30,12.53,0,0
07/14/2021 14:31,07/27/2021 09:25,AUDUSD,Sell,0.01,0,0,0.74697,0.73472,122.50,12.25,0,0
07/14/2021 14:21,07/27/2021 09:25,AUDUSD,Sell,0.01,0,0,0.74631,0.73472,115.90,11.59,0,0
07/02/2021 10:47,07/27/2021 09:25,AUDUSD,Sell,0.02,0,0,0.74581,0.73472,110.90,22.18,0,0
07/09/2021 10:09,07/27/2021 09:25,AUDUSD,Sell,0.01,0,0,0.74401,0.73467,93.40,9.34,0,0
07/09/2021 10:00,07/27/2021 09:25,AUDUSD,Sell,0.01,0,0,0.74386,0.73468,91.80,9.18,0,0
07/22/2021 11:36,07/27/2021 09:24,AUDUSD,Sell,0.05,0,0,0.7384,0.7347,37.00,18.50,0,0
07/22/2021 08:23,07/27/2021 09:24,AUDUSD,Sell,0.01,0,0,0.73713,0.73473,24.00,2.40,0,0
07/21/2021 17:46,07/27/2021 09:24,AUDUSD,Sell,0.01,0,0,0.73553,0.73473,8.00,0.80,0,0
07/21/2021 16:47,07/27/2021 09:24,AUDUSD,Sell,0.01,0,0,0.73411,0.73471,-6.00,-0.60,0,0
07/27/2021 04:16,07/27/2021 04:37,HK50,Buy,1.0,0,0,15566.0,15555.0,-1.10,-11.00,0,0
07/26/2021 10:27,07/26/2021 16:37,HK50,Buy,1.0,0,0,15515.0,15621.0,10.60,106.00,0,0
07/22/2021 16:44,07/26/2021 11:26,GBPUSD,Sell,0.01,0,0,1.37564,1.37943,-37.90,-3.79,0,0
07/22/2021 16:44,07/26/2021 11:26,GBPUSD,Sell,0.01,0,0,1.37565,1.37957,-39.20,-3.92,0,0
07/26/2021 07:42,07/26/2021 10:03,HK50,Buy,1.0,0,0,15590.0,15593.0,0.30,3.00,0,0
07/26/2021 03:45,07/26/2021 05:00,WTI.F,Sell,1.0,0,0,71.95,71.76,1.90,19.00,0,0
07/23/2021 11:27,07/26/2021 03:19,WTI.F,Sell,1.0,0,0,71.89,71.87,0.20,2.00,0,0
07/21/2021 15:03,07/23/2021 07:58,USDCHF,Sell,0.01,0,0,0.92165,0.92046,11.90,1.29,0,0
07/21/2021 15:05,07/22/2021 08:14,USDCHF,Sell,0.01,0,0,0.9216,0.9178,38.00,4.14,0,0
07/21/2021 15:05,07/22/2021 08:14,USDCHF,Sell,0.01,0,0,0.92159,0.91782,37.70,4.11,0,0
07/21/2021 08:40,07/21/2021 08:40,AUDUSD,Sell,0.05,0,0,0.72942,0.72966,-2.40,-1.20,0,0
07/19/2021 11:31,07/20/2021 17:40,USDJPY,Buy,0.01,0,0,109.775,109.892,11.70,1.06,0,0
07/19/2021 11:31,07/20/2021 17:40,USDJPY,Buy,0.01,0,0,109.776,109.901,12.50,1.14,0,0
07/19/2021 15:34,07/20/2021 09:24,USDJPY,Buy,0.01,0,0,109.214,109.596,38.20,3.49,0,0
07/14/2021 15:11,07/19/2021 11:38,XAGUSD,Sell,0.1,0,0,26.414,25.401,101.30,50.65,0,0
07/09/2021 10:19,07/16/2021 16:36,XAGUSD,Sell,0.1,0,0,25.898,25.823,7.50,3.75,0,0
07/09/2021 03:21,07/09/2021 09:47,USDCHF,Buy,0.01,0,0,0.91507,0.9154,3.30,0.36,0,0
07/09/2021 03:21,07/09/2021 09:47,USDCHF,Buy,0.01,0,0,0.91506,0.91542,3.60,0.39,0,0
07/09/2021 03:21,07/09/2021 09:47,USDCHF,Buy,0.01,0,0,0.91505,0.91544,3.90,0.43,0,0
06/25/2021 15:13,07/09/2021 09:47,USDCHF,Buy,0.05,0,0,0.91536,0.91544,0.80,0.44,0,0
06/23/2021 14:21,07/09/2021 09:47,USDCHF,Buy,0.05,0,0,0.9169,0.9156,-13.00,-7.10,0,0
06/25/2021 11:48,07/09/2021 09:47,USDCHF,Buy,0.02,0,0,0.91679,0.9156,-11.90,-2.60,0,0
06/25/2021 03:29,07/09/2021 09:47,USDCHF,Buy,0.02,0,0,0.91735,0.91561,-17.40,-3.80,0,0
06/24/2021 14:51,07/09/2021 09:47,USDCHF,Buy,0.01,0,0,0.9179,0.91559,-23.10,-2.52,0,0
07/09/2021 03:20,07/09/2021 03:21,USDCHF,Sell,0.01,0,0,0.91485,0.91506,-2.10,-0.23,0,0
07/09/2021 03:20,07/09/2021 03:21,USDCHF,Sell,0.01,0,0,0.91485,0.91505,-2.00,-0.22,0,0
07/09/2021 03:20,07/09/2021 03:21,USDCHF,Sell,0.01,0,0,0.91485,0.91505,-2.00,-0.22,0,0
07/08/2021 10:49,07/08/2021 10:49,USDJPY,Buy,0.05,0,0,109.842,109.807,-3.50,-1.59,0,0
07/02/2021 18:20,07/07/2021 04:14,USDCHF,Buy,0.02,0,0,0.92296,0.92389,9.30,2.01,0,0
07/01/2021 15:09,07/02/2021 02:44,USDCHF,Buy,0.01,0,0,0.92433,0.92567,13.40,1.45,0,0
07/01/2021 15:09,07/02/2021 02:44,USDCHF,Buy,0.01,0,0,0.92434,0.92567,13.30,1.44,0,0
07/01/2021 03:48,07/01/2021 04:34,XAGUSD,Sell,0.2,0,0,26.13,26.241,-11.10,-11.10,0,0
07/01/2021 03:48,07/01/2021 04:34,XAGUSD,Sell,0.1,0,0,26.13,26.242,-11.20,-5.60,0,0
06/29/2021 16:55,06/30/2021 17:14,USDCHF,Buy,0.01,0,0,0.9207,0.92414,34.40,3.72,0,0
06/29/2021 16:33,06/30/2021 17:14,USDCHF,Buy,0.01,0,0,0.92161,0.92415,25.40,2.75,0,0
06/30/2021 10:33,06/30/2021 13:45,XAGUSD,Sell,0.1,0,0,25.73,25.931,-20.10,-10.05,0,0
06/25/2021 03:06,06/25/2021 16:08,USDJPY,Sell,0.05,0,0,110.901,110.617,28.40,12.84,0,0
06/25/2021 03:06,06/25/2021 11:48,USDJPY,Sell,0.05,0,0,110.901,110.738,16.30,7.36,0,0
06/24/2021 10:07,06/24/2021 11:00,USDJPY,Sell,0.1,0,0,110.881,110.888,0.70,-0.63,0,0
06/23/2021 08:34,06/23/2021 12:03,USDJPY,Sell,0.3,0,0,110.857,111.038,-18.10,-48.90,0,0
06/23/2021 08:11,06/23/2021 10:41,AUDUSD,Buy,0.1,0,0,0.75441,0.75654,21.30,21.30,0,0
06/23/2021 08:11,06/23/2021 10:26,AUDUSD,Buy,0.4,0,0,0.75441,0.75656,21.50,86.00,0,0
06/23/2021 08:54,06/23/2021 08:55,AUDUSD,Sell,0.05,0,0,0.75539,0.75572,-3.30,-1.65,0,0
06/22/2021 18:58,06/23/2021 00:44,USDCAD,Buy,0.03,0,0,1.2338,1.23074,-30.60,-7.46,0,0
05/18/2021 09:28,06/23/2021 00:44,USDCAD,Buy,0.02,0,0,1.20177,1.23074,289.70,47.08,0,0
05/18/2021 08:21,06/23/2021 00:44,USDCAD,Buy,0.02,0,0,1.20314,1.23077,276.30,44.90,0,0
05/18/2021 10:37,06/23/2021 00:43,USDCAD,Buy,0.02,0,0,1.20186,1.23074,288.80,46.93,0,0
06/01/2021 09:20,06/23/2021 00:43,USDCAD,Buy,0.1,0,0,1.20425,1.23073,264.80,215.16,0,0
06/01/2021 16:15,06/23/2021 00:43,USDCAD,Buy,0.1,0,0,1.20237,1.2307,283.30,230.19,0,0
06/22/2021 17:31,06/23/2021 00:42,USTEC,Sell,1.0,0,0,14216.9,14279.7,-62.80,-62.80,0,0
06/22/2021 13:04,06/23/2021 00:41,USTEC,Sell,1.0,0,0,14158.7,14279.5,-120.80,-120.80,0,0
06/22/2021 12:07,06/23/2021 00:41,USTEC,Sell,1.0,0,0,14135.3,14279.5,-144.20,-144.20,0,0
06/22/2021 11:02,06/23/2021 00:41,USTEC,Sell,1.0,0,0,14099.6,14279.4,-179.80,-179.80,0,0
06/21/2021 11:07,06/23/2021 00:41,USTEC,Sell,1.0,0,0,14107.9,14279.5,-171.60,-171.60,0,0
06/22/2021 10:08,06/22/2021 18:12,USTEC,Sell,1.0,0,0,14093.0,14227.1,-134.10,-134.10,0,0
06/21/2021 16:38,06/22/2021 18:11,USTEC,Sell,2.0,0,0,14089.4,14228.8,-139.40,-278.80,0,0
06/22/2021 11:22,06/22/2021 14:37,USDCAD,Sell,0.03,0,0,1.23793,1.24014,-22.10,-5.35,0,0
06/22/2021 08:13,06/22/2021 10:29,USDCAD,Sell,0.03,0,0,1.23841,1.23924,-8.30,-2.01,0,0
06/21/2021 16:38,06/22/2021 10:02,USTEC,Sell,7.0,0,0,14089.4,14098.6,-9.20,-64.40,0,0
06/22/2021 04:58,06/22/2021 08:13,USDCAD,Buy,0.02,0,0,1.23807,1.2383,2.30,0.37,0,0
06/21/2021 09:25,06/22/2021 04:59,USDCAD,Sell,0.01,0,0,1.24783,1.23804,97.90,7.91,0,0
06/21/2021 16:23,06/21/2021 16:24,USTEC,Sell,9.0,0,0,14038.9,14037.2,1.70,15.30,0,0
06/21/2021 16:18,06/21/2021 16:21,USTEC,Sell,9.0,0,0,14040.0,14035.0,5.00,45.00,0,0
06/21/2021 16:12,06/21/2021 16:16,USTEC,Sell,9.0,0,0,14062.7,14060.2,2.50,22.50,0,0
06/21/2021 15:56,06/21/2021 16:08,USTEC,Sell,9.0,0,0,14057.4,14083.7,-26.30,-236.70,0,0
06/21/2021 09:25,06/21/2021 11:00,USDCAD,Sell,0.01,0,0,1.24783,1.24588,19.50,1.57,0,0
06/21/2021 08:18,06/21/2021 09:08,USDCAD,Sell,0.01,0,0,1.24578,1.24788,-21.00,-1.68,0,0
05/18/2021 04:17,06/16/2021 22:34,USDCAD,Buy,0.01,0,0,1.20401,1.22724,232.30,18.93,0,0
05/18/2021 04:06,06/16/2021 22:33,USDCAD,Buy,0.01,0,0,1.20377,1.2272,234.30,19.09,0,0
05/18/2021 04:20,06/16/2021 22:32,USDCAD,Buy,0.01,0,0,1.20417,1.22745,232.80,18.97,0,0
06/01/2021 09:17,06/16/2021 22:32,USDCAD,Buy,0.03,0,0,1.20441,1.22753,231.20,56.50,0,0
05/21/2021 12:36,06/16/2021 22:32,USDCAD,Buy,0.03,0,0,1.20479,1.22757,227.80,55.67,0,0
05/18/2021 03:43,06/16/2021 22:32,USDCAD,Buy,0.01,0,0,1.20481,1.22757,227.60,18.54,0,0
05/18/2021 03:03,06/16/2021 22:32,USDCAD,Buy,0.01,0,0,1.20592,1.22755,216.30,17.62,0,0
05/21/2021 11:56,06/16/2021 22:32,USDCAD,Buy,0.02,0,0,1.20539,1.22758,221.90,36.15,0,0
05/18/2021 03:03,06/16/2021 22:32,USDCAD,Buy,0.01,0,0,1.20588,1.22755,216.70,17.65,0,0
05/21/2021 11:27,06/16/2021 22:32,USDCAD,Buy,0.02,0,0,1.20624,1.22755,213.10,34.72,0,0
05/18/2021 03:03,06/16/2021 22:32,USDCAD,Buy,0.01,0,0,1.20592,1.22759,216.70,17.65,0,0
05/20/2021 16:27,06/16/2021 22:32,USDCAD,Buy,0.01,0,0,1.20681,1.22756,207.50,16.90,0,0
05/21/2021 11:15,06/16/2021 22:32,USDCAD,Buy,0.02,0,0,1.2066,1.22758,209.80,34.18,0,0
05/20/2021 16:05,06/16/2021 22:32,USDCAD,Buy,0.01,0,0,1.20707,1.22757,205.00,16.70,0,0
05/21/2021 05:29,06/16/2021 22:31,USDCAD,Buy,0.01,0,0,1.20785,1.2276,197.50,16.09,0,0
05/19/2021 12:45,06/16/2021 22:31,USDCAD,Buy,0.01,0,0,1.20762,1.22766,200.40,16.32,0,0
05/17/2021 17:23,06/16/2021 22:31,USDCAD,Buy,0.01,0,0,1.20738,1.22768,203.00,16.54,0,0
05/20/2021 15:52,06/16/2021 22:31,USDCAD,Buy,0.04,0,0,1.20856,1.22766,191.00,62.23,0,0
05/17/2021 16:26,06/16/2021 22:31,USDCAD,Buy,0.01,0,0,1.20808,1.22765,195.70,15.94,0,0
05/12/2021 11:06,06/16/2021 22:31,USDCAD,Buy,0.02,0,0,1.20846,1.22756,191.00,31.12,0,0
05/11/2021 17:27,06/16/2021 22:31,USDCAD,Buy,0.01,0,0,1.20853,1.2276,190.70,15.53,0,0
06/15/2021 09:25,06/16/2021 22:30,USDCAD,Buy,0.01,0,0,1.21354,1.22757,140.30,11.43,0,0
05/12/2021 09:48,06/10/2021 11:02,USDCAD,Buy,0.01,0,0,1.20865,1.21111,24.60,2.03,0,0
05/14/2021 15:32,06/10/2021 11:02,USDCAD,Buy,0.01,0,0,1.20957,1.2112,16.30,1.35,0,0
05/14/2021 15:32,06/10/2021 11:01,USDCAD,Buy,0.01,0,0,1.20956,1.21118,16.20,1.34,0,0
05/17/2021 16:09,06/10/2021 11:01,USDCAD,Buy,0.01,0,0,1.20968,1.21118,15.00,1.24,0,0
05/17/2021 15:50,06/10/2021 11:01,USDCAD,Buy,0.01,0,0,1.20959,1.21115,15.60,1.29,0,0
05/14/2021 15:34,06/10/2021 11:01,USDCAD,Buy,0.01,0,0,1.20998,1.21114,11.60,0.96,0,0
05/14/2021 14:48,06/04/2021 11:35,USDCAD,Buy,0.01,0,0,1.21071,1.21281,21.00,1.73,0,0
05/14/2021 14:44,06/04/2021 11:35,USDCAD,Buy,0.01,0,0,1.21136,1.21281,14.50,1.20,0,0
05/13/2021 15:55,06/04/2021 11:35,USDCAD,Buy,0.02,0,0,1.21201,1.21281,8.00,1.32,0,0
05/13/2021 15:54,06/04/2021 11:35,USDCAD,Buy,0.02,0,0,1.21249,1.21284,3.50,0.58,0,0
05/14/2021 14:08,06/04/2021 11:35,USDCAD,Buy,0.02,0,0,1.2126,1.21279,1.90,0.31,0,0
05/13/2021 11:32,06/04/2021 11:35,USDCAD,Buy,0.02,0,0,1.2128,1.21281,0.10,0.02,0,0
05/13/2021 11:32,06/04/2021 11:35,USDCAD,Buy,0.02,0,0,1.21285,1.21279,0.60,-0.10,0,0
05/13/2021 11:25,06/04/2021 11:35,USDCAD,Buy,0.02,0,0,1.21333,1.21279,-5.40,-0.89,0,0
05/14/2021 11:27,06/04/2021 11:34,USDCAD,Buy,0.01,0,0,1.21376,1.21281,-9.50,-0.78,0,0
05/14/2021 11:27,06/04/2021 11:34,USDCAD,Buy,0.01,0,0,1.21382,1.21277,-10.50,-0.87,0,0
05/13/2021 11:15,06/04/2021 11:34,USDCAD,Buy,0.02,0,0,1.21389,1.21274,-11.50,-1.90,0,0
05/14/2021 09:13,06/04/2021 11:34,USDCAD,Buy,0.01,0,0,1.2144,1.21275,-16.50,-1.36,0,0
05/14/2021 09:12,06/04/2021 11:33,USDCAD,Buy,0.01,0,0,1.21446,1.21274,-17.20,-1.42,0,0
05/14/2021 09:08,06/04/2021 11:33,USDCAD,Buy,0.01,0,0,1.2146,1.21274,-18.60,-1.53,0,0
05/14/2021 09:05,06/04/2021 11:32,USDCAD,Buy,0.01,0,0,1.21509,1.21265,-24.40,-2.01,0,0
05/14/2021 08:54,06/04/2021 11:32,USDCAD,Buy,0.02,0,0,1.21526,1.21265,-26.10,-4.30,0,0
06/03/2021 07:13,06/04/2021 10:09,USDCAD,Sell,1.3,0,0,1.20431,1.21248,-81.70,-875.97,0,0
06/03/2021 11:20,06/04/2021 10:07,USDCAD,Sell,0.5,0,0,1.20648,1.21259,-61.10,-251.94,0,0
06/03/2021 15:30,06/04/2021 10:07,USDCAD,Sell,0.3,0,0,1.2092,1.21258,-33.80,-83.62,0,0
05/14/2021 15:30,06/03/2021 15:40,USDCAD,Buy,0.01,0,0,1.20981,1.20989,0.80,0.07,0,0
05/12/2021 09:29,06/03/2021 15:37,USDCAD,Buy,0.05,0,0,1.20919,1.20955,3.60,1.49,0,0
05/14/2021 15:19,06/03/2021 15:37,USDCAD,Buy,0.01,0,0,1.20932,1.20947,1.50,0.12,0,0
05/12/2021 09:25,06/03/2021 15:37,USDCAD,Buy,0.05,0,0,1.20931,1.20944,1.30,0.54,0,0
05/12/2021 11:06,06/03/2021 15:34,USDCAD,Buy,0.03,0,0,1.2084,1.20907,6.70,1.66,0,0
05/12/2021 09:34,06/03/2021 15:34,USDCAD,Buy,0.02,0,0,1.20893,1.20921,2.80,0.46,0,0
05/12/2021 09:37,06/03/2021 15:34,USDCAD,Buy,0.02,0,0,1.20889,1.20928,3.90,0.65,0,0
05/12/2021 09:39,06/03/2021 15:34,USDCAD,Buy,0.02,0,0,1.20913,1.20923,1.00,0.17,0,0
05/12/2021 09:36,06/03/2021 15:33,USDCAD,Buy,0.01,0,0,1.20883,1.2093,4.70,0.39,0,0
05/11/2021 15:52,06/03/2021 15:33,USDCAD,Buy,0.02,0,0,1.20834,1.20944,11.00,1.82,0,0
05/17/2021 16:22,06/03/2021 15:32,USDCAD,Buy,0.01,0,0,1.20851,1.20955,10.40,0.86,0,0
05/12/2021 11:06,06/03/2021 15:32,USDCAD,Buy,0.02,0,0,1.20858,1.20951,9.30,1.54,0,0
05/12/2021 09:48,06/03/2021 15:31,USDCAD,Buy,0.01,0,0,1.20851,1.20959,10.80,0.89,0,0
05/12/2021 09:38,06/03/2021 15:31,USDCAD,Buy,0.02,0,0,1.20871,1.20951,8.00,1.32,0,0
05/12/2021 09:38,06/03/2021 15:31,USDCAD,Buy,0.02,0,0,1.2087,1.20922,5.20,0.86,0,0
05/14/2021 15:18,06/03/2021 15:30,USDCAD,Buy,0.01,0,0,1.20953,1.20928,-2.50,-0.21,0,0
05/12/2021 09:33,06/03/2021 15:27,USDCAD,Buy,0.02,0,0,1.20904,1.20929,2.50,0.41,0,0
05/12/2021 09:26,06/03/2021 15:27,USDCAD,Buy,0.05,0,0,1.20905,1.20922,1.70,0.70,0,0
05/12/2021 09:32,06/03/2021 15:27,USDCAD,Buy,0.02,0,0,1.20874,1.20926,5.20,0.86,0,0
06/03/2021 10:16,06/03/2021 10:56,USDCAD,Sell,1.3,0,0,1.2062,1.20668,-4.80,-51.71,0,0
06/02/2021 10:04,06/02/2021 10:08,USDCAD,Sell,1.3,0,0,1.20755,1.20832,-7.70,-82.84,0,0
05/28/2021 15:35,05/28/2021 16:15,USDCAD,Sell,1.07,0,0,1.20931,1.20704,22.70,201.23,0,0
05/27/2021 01:39,05/27/2021 04:20,USDCAD,Sell,1.07,0,0,1.21308,1.21267,4.10,36.18,0,0
05/18/2021 09:15,05/18/2021 09:25,USDCAD,Buy,0.02,0,0,1.20181,1.20187,0.60,0.10,0,0
05/13/2021 10:43,05/13/2021 10:47,USDCAD,Sell,0.42,0,0,1.21448,1.2148,-3.20,-11.06,0,0
05/13/2021 09:45,05/13/2021 09:50,USDCAD,Sell,0.42,0,0,1.2136,1.21418,-5.80,-20.06,0,0
05/13/2021 09:37,05/13/2021 09:39,USDCAD,Sell,0.42,0,0,1.21308,1.21396,-8.80,-30.45,0,0
05/13/2021 08:32,05/13/2021 09:00,USDCAD,Sell,0.42,0,0,1.21306,1.21284,2.20,7.62,0,0
05/13/2021 07:39,05/13/2021 07:48,USDCAD,Sell,0.42,0,0,1.2124,1.213,-6.00,-20.77,0,0
05/13/2021 04:00,05/13/2021 07:39,USDCAD,Buy,0.01,0,0,1.21117,1.21247,13.00,1.07,0,0
05/12/2021 09:10,05/12/2021 21:52,USDCAD,Buy,0.03,0,0,1.20995,1.21277,28.20,6.98,0,0
05/12/2021 09:00,05/12/2021 21:52,USDCAD,Buy,0.02,0,0,1.21045,1.21278,23.30,3.84,0,0
05/12/2021 08:30,05/12/2021 21:52,USDCAD,Buy,0.02,0,0,1.21093,1.21277,18.40,3.03,0,0
05/12/2021 15:14,05/12/2021 15:46,USDCAD,Buy,0.01,0,0,1.20568,1.2062,5.20,0.43,0,0
05/12/2021 15:16,05/12/2021 15:46,USDCAD,Buy,0.1,0,0,1.20578,1.20627,4.90,4.06,0,0
05/12/2021 07:22,05/12/2021 07:55,USDCAD,Buy,0.01,0,0,1.21169,1.21183,1.40,0.12,0,0
05/11/2021 15:44,05/12/2021 04:46,USDCAD,Buy,0.02,0,0,1.20948,1.21145,19.70,3.25,0,0
05/11/2021 15:45,05/12/2021 04:46,USDCAD,Buy,0.01,0,0,1.20973,1.21142,16.90,1.40,0,0
05/11/2021 15:24,05/12/2021 04:45,USDCAD,Buy,0.2,0,0,1.21164,1.21145,-1.90,-3.14,0,0
05/11/2021 15:03,05/12/2021 04:10,USDCAD,Buy,0.1,0,0,1.21067,1.21091,2.40,1.98,0,0
