Open Date,Close Date,Symbol,Action,Lots,Open Price,Close Price,Commission,Swap,Pips
12/31/2019 12:07,12/31/2019 13:39,EURUSD,Sell,0.5,1.12156,1.12252,-3.5,0,-9.6
12/31/2019 11:00,12/31/2019 13:39,EURUSD,Sell,0.5,1.12114,1.12252,-3.5,0,-13.8
12/31/2019 10:34,12/31/2019 13:39,EURUSD,Sell,0.5,1.12074,1.12252,-3.5,0,-17.8
12/31/2019 10:35,12/31/2019 13:39,EURUSD,Sell,0.5,1.12069,1.12252,-3.5,0,-18.3
12/31/2019 11:41,12/31/2019 11:57,GBPUSD,Sell,0.5,1.31469,1.31591,-3.5,0,-12.2
12/31/2019 11:52,12/31/2019 11:57,GBPUSD,Sell,0.5,1.31443,1.31591,-3.5,0,-14.8
12/31/2019 11:00,12/31/2019 11:47,EURUSD,Sell,0.5,1.1212,1.1216,-3.5,0,-4
12/31/2019 02:22,12/31/2019 11:45,USDCAD,Buy,0.5,1.30595,1.3038,-3.5,0,-21.5
12/31/2019 01:33,12/31/2019 11:45,USDCAD,Buy,0.5,1.306,1.30399,-3.5,0,-20.1
12/31/2019 03:51,12/31/2019 11:45,USDCAD,Buy,0.5,1.30495,1.304,-3.5,0,-9.5
12/31/2019 02:54,12/31/2019 11:45,USDCAD,Buy,0.5,1.30579,1.304,-3.5,0,-17.9
12/31/2019 03:51,12/31/2019 09:59,USDCAD,Buy,0.5,1.30495,1.30452,-3.5,0,-4.3
12/31/2019 03:50,12/31/2019 09:59,USDCAD,Buy,0.5,1.30505,1.30452,-3.5,0,-5.3
12/31/2019 04:21,12/31/2019 05:10,EURUSD,Sell,0.5,1.12121,1.12054,-3.5,0,6.7
12/31/2019 04:21,12/31/2019 05:10,EURUSD,Sell,0.5,1.12121,1.12056,-3.5,0,6.5
12/31/2019 03:14,12/31/2019 03:46,XAUUSD,Sell,0.3,1519.47,1521.02,-2.1,0,-155
12/31/2019 03:01,12/31/2019 03:46,XAUUSD,Sell,0.3,1518.02,1521.02,-2.1,0,-300
12/31/2019 03:00,12/31/2019 03:46,XAUUSD,Sell,0.3,1517.18,1521.02,-2.1,0,-384
12/30/2019 23:03,12/31/2019 03:46,XAUUSD,Sell,0.3,1514.87,1521.02,-2.1,1.76,-615
12/30/2019 23:10,12/31/2019 03:00,XAUUSD,Sell,0.3,1515,1517.29,-2.1,1.76,-229
12/31/2019 01:43,12/31/2019 03:00,XAUUSD,Sell,0.3,1515.29,1516.37,-2.1,0,-108
12/31/2019 01:34,12/31/2019 01:35,USDCAD,Buy,1,1.30601,1.30611,-7,0,1
12/30/2019 15:33,12/30/2019 16:32,USDJPY,Sell,0.5,109.215,109.044,-3.5,0,17.1
12/30/2019 15:46,12/30/2019 16:22,USDJPY,Sell,0.5,109.213,109.08,-3.5,0,13.3
12/30/2019 09:08,12/30/2019 13:28,USDJPY,Sell,0.5,109.169,109.132,-3.5,0,3.7
12/30/2019 06:10,12/30/2019 13:27,USDJPY,Sell,0.5,109.174,109.126,-3.5,0,4.8
12/26/2019 00:08,12/30/2019 13:26,USDJPY,Sell,0.5,109.375,109.122,-3.5,-7.28,25.3
12/26/2019 00:07,12/30/2019 05:30,USDJPY,Sell,0.5,109.377,109.089,-3.5,-7.28,28.8
12/30/2019 01:05,12/30/2019 04:51,USDJPY,Sell,0.5,109.443,109.128,-3.5,0,31.5
12/30/2019 01:13,12/30/2019 04:50,USDJPY,Sell,0.5,109.439,109.118,-3.5,0,32.1
12/30/2019 01:05,12/30/2019 04:49,USDJPY,Sell,0.5,109.445,109.118,-3.5,0,32.7
12/30/2019 04:45,12/30/2019 04:47,USDJPY,Sell,0.01,109.183,109.164,-0.07,0,1.9
12/27/2019 08:46,12/27/2019 21:07,USDJPY,Sell,0.5,109.499,109.439,-3.5,0,6
12/27/2019 08:45,12/27/2019 21:06,USDJPY,Sell,0.5,109.498,109.44,-3.5,0,5.8
12/27/2019 10:21,12/27/2019 10:37,GBPUSD,Buy,0.3,1.30257,1.3041,-2.1,0,15.3
12/27/2019 01:04,12/27/2019 10:37,GBPUSD,Buy,0.3,1.29997,1.3042,-2.1,0,42.3
12/27/2019 07:42,12/27/2019 10:02,GBPUSD,Buy,0.3,1.29977,1.30446,-2.1,0,46.9
12/27/2019 07:49,12/27/2019 09:57,GBPUSD,Buy,0.3,1.29967,1.30306,-2.1,0,33.9
12/27/2019 08:05,12/27/2019 09:57,GBPUSD,Buy,0.3,1.2996,1.30296,-2.1,0,33.6
12/26/2019 00:08,12/27/2019 06:00,USDJPY,Sell,0.5,109.377,109.462,-3.5,-3.64,-8.5
12/26/2019 00:07,12/27/2019 06:00,USDJPY,Sell,0.5,109.377,109.46,-3.5,-3.64,-8.3
12/27/2019 03:49,12/27/2019 05:54,GBPUSD,Buy,0.3,1.29892,1.29975,-2.1,0,8.3
12/26/2019 11:07,12/27/2019 05:48,GBPUSD,Buy,0.3,1.2985,1.29971,-2.1,-2.12,12.1
12/27/2019 04:16,12/27/2019 05:46,GBPUSD,Buy,0.3,1.29799,1.29981,-2.1,0,18.2
12/27/2019 00:48,12/27/2019 04:49,EURUSD,Buy,0.5,1.10969,1.11172,-3.5,0,20.3
12/27/2019 03:55,12/27/2019 04:00,GBPUSD,Buy,0.5,1.29796,1.29794,-3.5,0,-0.2
12/27/2019 00:44,12/27/2019 03:56,EURUSD,Buy,0.5,1.10968,1.11084,-3.5,0,11.6
12/27/2019 00:44,12/27/2019 03:54,EURUSD,Buy,0.5,1.1097,1.11091,-3.5,0,12.1
12/26/2019 17:57,12/27/2019 02:41,USDJPY,Sell,0.5,109.636,109.455,-3.5,-3.64,18.1
12/26/2019 19:31,12/27/2019 02:37,USDJPY,Sell,0.5,109.635,109.459,-3.5,-3.64,17.6
12/26/2019 09:00,12/26/2019 20:51,EURUSD,Buy,0.5,1.1087,1.11058,-3.5,0,18.8
12/26/2019 09:00,12/26/2019 19:38,EURUSD,Buy,0.5,1.10863,1.11037,-3.5,0,17.4
12/26/2019 12:44,12/26/2019 19:30,GBPUSD,Buy,0.3,1.29706,1.30134,-2.1,0,42.8
12/26/2019 15:10,12/26/2019 19:14,GBPUSD,Buy,0.3,1.29691,1.30095,-2.1,0,40.4
12/26/2019 14:00,12/26/2019 19:13,GBPUSD,Buy,0.3,1.29649,1.30094,-2.1,0,44.5
12/26/2019 02:54,12/26/2019 15:09,USDJPY,Sell,0.5,109.501,109.6,-3.5,0,-9.9
12/26/2019 02:54,12/26/2019 15:09,USDJPY,Sell,0.5,109.501,109.6,-3.5,0,-9.9
12/26/2019 10:00,12/26/2019 10:10,GBPUSD,Buy,0.3,1.29869,1.29817,-2.1,0,-5.2
12/26/2019 01:05,12/26/2019 03:58,XAUUSD,Sell,0.3,1499.21,1501.37,-2.1,0,-216
12/26/2019 01:35,12/26/2019 03:57,XAUUSD,Sell,0.3,1499.63,1501.03,-2.1,0,-140
12/24/2019 17:56,12/26/2019 03:57,XAUUSD,Sell,0.3,1498.49,1501.03,-2.1,7.04,-254
12/24/2019 17:57,12/26/2019 01:14,XAUUSD,Sell,0.3,1498.55,1497.76,-2.1,7.04,79
12/24/2019 18:08,12/24/2019 20:42,XAUUSD,Sell,0.3,1498.87,1498.79,-2.1,0,8
12/24/2019 18:08,12/24/2019 18:50,XAUUSD,Sell,0.3,1499.29,1498.41,-2.1,0,88
12/19/2019 23:11,12/24/2019 13:36,USDJPY,Sell,0.5,109.312,109.4,-3.5,-10.92,-8.8
12/23/2019 15:04,12/24/2019 12:18,USDJPY,Sell,0.5,109.424,109.4,-3.5,-3.64,2.4
12/24/2019 08:33,12/24/2019 11:32,AUDUSD,Sell,0.5,0.6919,0.69195,-3.5,0,-0.5
12/23/2019 20:23,12/24/2019 11:31,XTIUSD,Sell,1,60.7,60.69,0,-0.27,1
12/24/2019 09:17,12/24/2019 11:15,EURUSD,Sell,0.5,1.10855,1.10821,-3.5,0,3.4
12/24/2019 08:35,12/24/2019 11:11,AUDUSD,Sell,0.5,0.6919,0.69215,-3.5,0,-2.5
12/24/2019 09:17,12/24/2019 11:11,EURUSD,Sell,0.5,1.10856,1.1083,-3.5,0,2.6
12/24/2019 03:29,12/24/2019 06:48,NZDUSD,Sell,0.5,0.66311,0.66252,-3.5,0,5.9
12/24/2019 04:52,12/24/2019 06:48,AUDUSD,Sell,0.5,0.69193,0.69139,-3.5,0,5.4
12/24/2019 03:29,12/24/2019 06:44,NZDUSD,Sell,0.5,0.66311,0.66259,-3.5,0,5.2
12/24/2019 03:29,12/24/2019 06:44,NZDUSD,Sell,0.5,0.66317,0.66259,-3.5,0,5.8
12/23/2019 18:34,12/24/2019 03:05,EURUSD,Sell,0.3,1.10941,1.10918,-2.1,1.47,2.3
12/23/2019 17:20,12/24/2019 02:47,NZDUSD,Sell,0.5,0.66222,0.66242,-3.5,-0.3,-2
12/23/2019 18:53,12/23/2019 19:13,GBPUSD,Buy,0.3,1.29099,1.29203,-2.1,0,10.4
12/23/2019 15:16,12/23/2019 16:09,AUDUSD,Sell,0.5,0.69202,0.69141,-3.5,0,6.1
12/23/2019 15:16,12/23/2019 16:09,NZDUSD,Sell,0.5,0.66208,0.66153,-3.5,0,5.5
12/23/2019 15:08,12/23/2019 16:08,GBPUSD,Buy,0.1,1.29221,1.29247,-0.7,0,2.6
12/23/2019 15:27,12/23/2019 16:08,NZDUSD,Sell,0.5,0.6622,0.66155,-3.5,0,6.5
12/23/2019 15:01,12/23/2019 15:57,GBPUSD,Buy,0.1,1.29334,1.29251,-0.7,0,-8.3
12/23/2019 15:20,12/23/2019 15:57,GBPUSD,Buy,0.1,1.29096,1.29254,-0.7,0,15.8
12/23/2019 13:45,12/23/2019 14:47,NZDUSD,Sell,0.5,0.66229,0.66146,-3.5,0,8.3
12/23/2019 13:46,12/23/2019 14:47,AUDUSD,Sell,0.5,0.69273,0.69165,-3.5,0,10.8
12/23/2019 12:01,12/23/2019 14:47,EURUSD,Sell,0.5,1.10838,1.10766,-3.5,0,7.2
12/23/2019 12:01,12/23/2019 14:44,EURUSD,Sell,0.3,1.10832,1.10768,-2.1,0,6.4
12/23/2019 13:03,12/23/2019 14:44,AUDUSD,Sell,0.5,0.69216,0.69184,-3.5,0,3.2
12/23/2019 13:04,12/23/2019 14:43,NZDUSD,Sell,0.5,0.66187,0.66155,-3.5,0,3.2
12/23/2019 14:24,12/23/2019 14:28,GBPUSD,Buy,0.3,1.29499,1.2946,-2.1,0,-3.9
12/23/2019 12:07,12/23/2019 13:56,XAUUSD,Sell,0.1,1484.73,1483.76,-0.7,0,97
12/23/2019 08:18,12/23/2019 10:00,USDJPY,Sell,0.5,109.412,109.396,-3.5,0,1.6
12/23/2019 08:18,12/23/2019 09:48,USDJPY,Sell,0.5,109.412,109.377,-3.5,0,3.5
12/23/2019 01:00,12/23/2019 08:29,GBPUSD,Buy,0.5,1.29985,1.30192,-3.5,0,20.7
12/23/2019 01:00,12/23/2019 06:17,GBPUSD,Buy,0.5,1.29988,1.30124,-3.5,0,13.6
12/23/2019 01:04,12/23/2019 06:17,GBPUSD,Buy,0.5,1.30001,1.30125,-3.5,0,12.4
12/19/2019 23:54,12/23/2019 06:07,USDJPY,Sell,0.5,109.368,109.404,-3.5,-7.28,-3.6
12/19/2019 23:54,12/23/2019 06:07,USDJPY,Sell,0.5,109.368,109.401,-3.5,-7.28,-3.3
12/20/2019 17:57,12/23/2019 05:58,USDJPY,Sell,0.5,109.405,109.386,-3.5,-3.64,1.9
12/23/2019 01:40,12/23/2019 05:55,USDJPY,Sell,0.5,109.521,109.397,-3.5,0,12.4
12/23/2019 01:30,12/23/2019 05:55,USDJPY,Sell,0.5,109.527,109.397,-3.5,0,13
12/20/2019 15:35,12/20/2019 17:58,USDJPY,Sell,0.5,109.332,109.451,-3.5,0,-11.9
12/20/2019 15:35,12/20/2019 17:58,USDJPY,Sell,0.5,109.33,109.451,-3.5,0,-12.1
12/19/2019 23:54,12/20/2019 17:00,USDJPY,Sell,0.5,109.368,109.433,-3.5,-3.64,-6.5
12/20/2019 08:04,12/20/2019 17:00,USDJPY,Sell,0.5,109.316,109.429,-3.5,0,-11.3
12/19/2019 23:18,12/20/2019 17:00,USDJPY,Sell,0.5,109.323,109.423,-3.5,-3.64,-10
12/20/2019 11:40,12/20/2019 15:30,XAUUSD,Buy,0.3,1478.3,1478.05,-2.1,0,-25
12/20/2019 11:07,12/20/2019 15:30,USDCAD,Sell,0.5,1.31369,1.31708,-3.5,0,-33.9
12/20/2019 11:12,12/20/2019 15:30,USDCAD,Sell,0.5,1.31366,1.31708,-3.5,0,-34.2
12/20/2019 13:10,12/20/2019 15:05,XAUUSD,Buy,0.3,1477.78,1479.13,-2.1,0,135
12/19/2019 22:45,12/20/2019 10:35,XAUUSD,Buy,0.2,1479.25,1477.25,-1.4,-1.66,-200
12/19/2019 23:29,12/20/2019 10:35,XAUUSD,Buy,0.2,1478.93,1477.3,-1.4,-1.66,-163
12/20/2019 09:42,12/20/2019 10:20,GBPUSD,Buy,0.3,1.30147,1.30223,-2.1,0,7.6
12/19/2019 22:55,12/20/2019 09:38,GBPUSD,Buy,0.3,1.30134,1.30121,-2.1,-2.12,-1.3
12/19/2019 23:51,12/20/2019 09:05,GBPUSD,Buy,0.3,1.29995,1.30352,-2.1,-2.12,35.7
12/19/2019 23:51,12/20/2019 09:02,GBPUSD,Buy,0.5,1.29995,1.30339,-3.5,-3.53,34.4
12/20/2019 02:46,12/20/2019 07:22,USDJPY,Sell,0.5,109.38,109.318,-3.5,0,6.2
12/20/2019 02:46,12/20/2019 07:22,USDJPY,Sell,0.5,109.38,109.318,-3.5,0,6.2
12/20/2019 03:27,12/20/2019 07:21,XAUUSD,Buy,0.3,1478.31,1479.16,-2.1,0,85
12/19/2019 23:51,12/20/2019 05:22,GBPUSD,Buy,0.5,1.29995,1.3021,-3.5,-3.53,21.5
12/19/2019 23:12,12/20/2019 02:30,USDJPY,Sell,0.5,109.312,109.328,-3.5,-3.64,-1.6
12/19/2019 23:54,12/20/2019 02:30,USDJPY,Sell,0.5,109.368,109.332,-3.5,-3.64,3.6
12/19/2019 23:11,12/20/2019 02:29,USDJPY,Sell,0.5,109.311,109.332,-3.5,-3.64,-2.1
12/20/2019 01:47,12/20/2019 02:29,USDJPY,Sell,0.5,109.383,109.333,-3.5,0,5
12/19/2019 21:46,12/19/2019 22:14,GBPUSD,Buy,0.3,1.30118,1.30227,-2.1,0,10.9
12/19/2019 18:11,12/19/2019 22:13,GBPUSD,Buy,0.3,1.30059,1.30228,-2.1,0,16.9
12/19/2019 21:52,12/19/2019 22:13,GBPUSD,Buy,0.3,1.30093,1.30231,-2.1,0,13.8
12/19/2019 15:45,12/19/2019 16:53,USDJPY,Sell,0.5,109.384,109.313,-3.5,0,7.1
12/19/2019 15:44,12/19/2019 16:53,USDJPY,Sell,0.5,109.39,109.312,-3.5,0,7.8
12/19/2019 15:52,12/19/2019 16:53,GBPUSD,Buy,0.3,1.30445,1.30454,-2.1,0,0.9
12/19/2019 15:48,12/19/2019 16:52,AUDUSD,Buy,0.5,0.68653,0.6872,-3.5,0,6.7
12/19/2019 15:44,12/19/2019 16:52,USDJPY,Sell,0.5,109.391,109.315,-3.5,0,7.6
12/19/2019 15:49,12/19/2019 16:48,EURUSD,Buy,0.5,1.11178,1.11202,-3.5,0,2.4
12/19/2019 15:48,12/19/2019 16:48,AUDUSD,Buy,0.5,0.68652,0.68712,-3.5,0,6
12/19/2019 14:09,12/19/2019 15:14,XAUUSD,Buy,0.3,1474.8,1474.64,-2.1,0,-16
12/19/2019 13:28,12/19/2019 15:13,XAUUSD,Buy,0.1,1474.35,1474.63,-0.7,0,28
12/19/2019 14:10,12/19/2019 15:08,USDJPY,Sell,0.5,109.462,109.491,-3.5,0,-2.9
12/19/2019 14:04,12/19/2019 15:08,XAUUSD,Buy,0.3,1474.61,1474.96,-2.1,0,35
12/19/2019 14:02,12/19/2019 15:08,XAUUSD,Buy,0.3,1474.6,1474.97,-2.1,0,37
12/19/2019 14:10,12/19/2019 15:08,USDJPY,Sell,0.5,109.462,109.484,-3.5,0,-2.2
12/19/2019 09:16,12/19/2019 15:08,USDJPY,Sell,0.5,109.565,109.484,-3.5,0,8.1
12/19/2019 11:33,12/19/2019 14:07,USDJPY,Sell,0.5,109.562,109.483,-3.5,0,7.9
12/19/2019 11:34,12/19/2019 14:07,USDJPY,Sell,0.5,109.567,109.484,-3.5,0,8.3
12/19/2019 12:23,12/19/2019 13:59,GBPUSD,Buy,0.3,1.30968,1.30754,-2.1,0,-21.4
12/19/2019 12:23,12/19/2019 13:59,GBPUSD,Buy,0.3,1.30955,1.3074,-2.1,0,-21.5
12/19/2019 09:16,12/19/2019 13:57,USDJPY,Sell,0.5,109.566,109.499,-3.5,0,6.7
12/19/2019 09:31,12/19/2019 13:56,USDJPY,Sell,0.5,109.565,109.492,-3.5,0,7.3
12/19/2019 09:31,12/19/2019 13:56,USDJPY,Sell,0.5,109.566,109.492,-3.5,0,7.4
12/19/2019 11:31,12/19/2019 12:04,GBPUSD,Buy,0.3,1.30957,1.31109,-2.1,0,15.2
12/19/2019 11:31,12/19/2019 11:47,GBPUSD,Buy,0.3,1.30947,1.31033,-2.1,0,8.6
12/19/2019 11:42,12/19/2019 11:47,GBPUSD,Buy,0.3,1.30931,1.31033,-2.1,0,10.2
12/19/2019 09:16,12/19/2019 11:33,GBPUSD,Buy,0.3,1.30977,1.30881,-2.1,0,-9.6
12/19/2019 10:42,12/19/2019 11:33,GBPUSD,Buy,0.3,1.31073,1.30881,-2.1,0,-19.2
12/19/2019 09:13,12/19/2019 11:30,GBPUSD,Buy,0.3,1.30969,1.30914,-2.1,0,-5.5
12/19/2019 09:01,12/19/2019 11:30,GBPUSD,Buy,0.3,1.3097,1.30914,-2.1,0,-5.6
12/19/2019 10:47,12/19/2019 11:30,GBPUSD,Buy,0.3,1.30996,1.30914,-2.1,0,-8.2
12/19/2019 05:53,12/19/2019 09:40,EURUSD,Sell,0.5,1.11304,1.11302,-3.5,0,0.2
12/19/2019 05:53,12/19/2019 09:40,EURUSD,Sell,0.5,1.11304,1.11301,-3.5,0,0.3
12/19/2019 05:38,12/19/2019 09:16,EURUSD,Sell,0.5,1.11308,1.11314,-3.5,0,-0.6
12/19/2019 05:37,12/19/2019 09:16,EURUSD,Sell,0.5,1.11315,1.1131,-3.5,0,0.5
12/19/2019 09:01,12/19/2019 09:15,XAUUSD,Sell,0.3,1476.16,1476.77,-2.1,0,-61
12/19/2019 09:01,12/19/2019 09:11,GBPUSD,Buy,0.3,1.30951,1.30938,-2.1,0,-1.3
12/19/2019 05:38,12/19/2019 07:59,XAUUSD,Sell,0.2,1477.66,1476.48,-1.4,0,118
12/19/2019 01:19,12/19/2019 05:43,GBPUSD,Buy,0.3,1.30831,1.30874,-2.1,0,4.3
12/18/2019 16:36,12/19/2019 05:42,USDJPY,Sell,0.5,109.538,109.576,-3.5,-10.91,-3.8
12/19/2019 00:47,12/19/2019 05:40,GBPUSD,Buy,0.3,1.30811,1.30876,-2.1,0,6.5
12/18/2019 16:40,12/19/2019 05:33,USDJPY,Sell,0.5,109.54,109.571,-3.5,-10.91,-3.1
12/18/2019 16:39,12/19/2019 05:33,USDJPY,Sell,0.5,109.544,109.57,-3.5,-10.91,-2.6
12/18/2019 15:46,12/19/2019 05:31,GBPUSD,Buy,0.1,1.30682,1.30876,-0.7,-2.12,19.4
12/18/2019 15:47,12/19/2019 05:31,GBPUSD,Buy,0.1,1.30687,1.30876,-0.7,-2.12,18.9
12/18/2019 17:07,12/19/2019 05:31,GBPUSD,Buy,0.1,1.30757,1.30875,-0.7,-2.12,11.8
12/18/2019 19:39,12/19/2019 05:29,GBPUSD,Buy,0.3,1.30779,1.30875,-2.1,-6.35,9.6
12/18/2019 15:41,12/19/2019 05:23,USDJPY,Sell,0.3,109.603,109.576,-2.1,-6.55,2.7
12/18/2019 15:32,12/19/2019 05:23,USDJPY,Sell,0.3,109.591,109.576,-2.1,-6.55,1.5
12/18/2019 15:48,12/19/2019 05:23,USDJPY,Sell,0.3,109.604,109.576,-2.1,-6.55,2.8
12/18/2019 20:18,12/19/2019 05:23,USDJPY,Sell,0.3,109.622,109.576,-2.1,-6.55,4.6
12/19/2019 00:31,12/19/2019 05:12,AUDUSD,Buy,0.5,0.68536,0.68739,-3.5,0,20.3
12/19/2019 01:01,12/19/2019 02:31,AUDUSD,Buy,0.5,0.68498,0.68753,-3.5,0,25.5
12/19/2019 01:01,12/19/2019 02:30,AUDUSD,Buy,0.5,0.68504,0.68755,-3.5,0,25.1
12/19/2019 00:31,12/19/2019 02:30,AUDUSD,Buy,0.5,0.68536,0.68776,-3.5,0,24
12/18/2019 19:35,12/18/2019 23:25,XAUUSD,Sell,0.3,1475.12,1474.88,-2.1,0,24
12/18/2019 19:36,12/18/2019 23:24,XAUUSD,Sell,0.3,1475.2,1474.9,-2.1,0,30
12/18/2019 17:09,12/18/2019 17:30,XAUUSD,Sell,0.3,1474.52,1477.01,-2.1,0,-249
12/18/2019 17:11,12/18/2019 17:30,XAUUSD,Sell,0.3,1475.29,1476.68,-2.1,0,-139
12/18/2019 16:37,12/18/2019 17:04,XAUUSD,Sell,0.5,1475.44,1474.32,-3.5,0,112
12/18/2019 16:50,12/18/2019 17:03,XAUUSD,Sell,0.5,1475.33,1474.14,-3.5,0,119
12/18/2019 15:53,12/18/2019 16:36,XAUUSD,Sell,0.3,1472.4,1476.15,-2.1,0,-375
12/18/2019 16:18,12/18/2019 16:36,XAUUSD,Sell,0.3,1473.71,1475.96,-2.1,0,-225
12/18/2019 16:01,12/18/2019 16:33,XAUUSD,Sell,0.3,1473.08,1475.28,-2.1,0,-220
12/18/2019 12:31,12/18/2019 15:11,EURUSD,Sell,0.5,1.1136,1.11156,-3.5,0,20.4
12/18/2019 09:53,12/18/2019 15:06,XAUUSD,Sell,0.3,1477.58,1473.94,-2.1,0,364
12/18/2019 13:54,12/18/2019 15:03,XAUUSD,Sell,0.3,1477.18,1475.55,-2.1,0,163
12/18/2019 09:53,12/18/2019 15:03,XAUUSD,Sell,0.3,1477.64,1475.52,-2.1,0,212
12/18/2019 13:09,12/18/2019 14:47,EURUSD,Sell,0.5,1.11354,1.11238,-3.5,0,11.6
12/18/2019 12:32,12/18/2019 14:09,EURUSD,Sell,0.5,1.11358,1.11219,-3.5,0,13.9
12/18/2019 11:52,12/18/2019 13:37,XAUUSD,Sell,0.3,1478.63,1475.19,-2.1,0,344
12/18/2019 09:58,12/18/2019 13:37,XAUUSD,Sell,0.3,1477.84,1475.67,-2.1,0,217
12/16/2019 12:10,12/18/2019 09:31,USDJPY,Sell,0.5,109.426,109.443,-3.5,-7.28,-1.7
12/18/2019 09:07,12/18/2019 09:31,GBPUSD,Buy,0.3,1.31137,1.31194,-2.1,0,5.7
12/18/2019 09:07,12/18/2019 09:24,EURUSD,Buy,0.5,1.11372,1.11371,-3.5,0,-0.1
12/18/2019 09:07,12/18/2019 09:22,EURUSD,Buy,0.5,1.1137,1.11368,-3.5,0,-0.2
12/18/2019 07:38,12/18/2019 09:00,EURUSD,Buy,0.5,1.11328,1.11374,-3.5,0,4.6
12/17/2019 15:00,12/18/2019 09:00,GBPUSD,Buy,0.3,1.31673,1.31216,-2.1,-2.12,-45.7
12/18/2019 07:38,12/18/2019 09:00,EURUSD,Buy,0.5,1.11328,1.11378,-3.5,0,5
12/17/2019 15:46,12/18/2019 08:00,GBPUSD,Buy,0.2,1.31529,1.31071,-1.4,-1.41,-45.8
12/16/2019 12:10,12/18/2019 07:00,USDJPY,Sell,0.5,109.427,109.434,-3.5,-7.28,-0.7
12/18/2019 04:29,12/18/2019 06:00,GBPUSD,Buy,0.3,1.30814,1.31011,-2.1,0,19.7
12/17/2019 20:39,12/18/2019 05:10,USDJPY,Sell,0.5,109.477,109.451,-3.5,-3.64,2.6
12/17/2019 20:39,12/18/2019 05:10,USDJPY,Sell,0.5,109.48,109.452,-3.5,-3.64,2.8
12/17/2019 19:32,12/18/2019 04:21,GBPUSD,Buy,0.3,1.31144,1.30799,-2.1,-2.12,-34.5
12/18/2019 03:51,12/18/2019 04:18,GBPUSD,Buy,0.3,1.3096,1.30856,-2.1,0,-10.4
12/17/2019 20:26,12/18/2019 04:18,GBPUSD,Buy,0.3,1.31226,1.3089,-2.1,-2.12,-33.6
12/17/2019 21:42,12/18/2019 04:00,USDJPY,Sell,0.5,109.5,109.466,-3.5,-3.64,3.4
12/17/2019 21:46,12/18/2019 04:00,USDJPY,Sell,0.5,109.52,109.466,-3.5,-3.64,5.4
12/17/2019 20:28,12/18/2019 03:43,GBPUSD,Buy,0.3,1.31176,1.30944,-2.1,-2.12,-23.2
12/17/2019 19:24,12/18/2019 03:43,GBPUSD,Buy,0.3,1.31147,1.30977,-2.1,-2.12,-17
12/17/2019 16:29,12/18/2019 03:43,AUDUSD,Buy,0.3,0.68431,0.68495,-2.1,-1.14,6.4
12/17/2019 16:36,12/18/2019 03:43,AUDUSD,Buy,0.5,0.68443,0.68498,-3.5,-1.9,5.5
12/17/2019 14:09,12/17/2019 20:19,USDJPY,Sell,0.5,109.584,109.464,-3.5,0,12
12/17/2019 10:31,12/17/2019 20:18,USDJPY,Sell,0.5,109.576,109.459,-3.5,0,11.7
12/17/2019 14:40,12/17/2019 20:18,USDJPY,Sell,0.5,109.617,109.461,-3.5,0,15.6
12/17/2019 19:37,12/17/2019 20:02,GBPUSD,Buy,0.3,1.31141,1.31286,-2.1,0,14.5
12/17/2019 18:17,12/17/2019 19:14,GBPUSD,Buy,0.5,1.31416,1.31289,-3.5,0,-12.7
12/17/2019 18:43,12/17/2019 19:10,GBPUSD,Buy,0.3,1.31096,1.31236,-2.1,0,14
12/17/2019 18:56,12/17/2019 19:05,GBPUSD,Buy,0.3,1.31097,1.31229,-2.1,0,13.2
12/17/2019 18:48,12/17/2019 18:48,GBPUSD,Buy,0.5,1.31081,1.31,-3.5,0,-8.1
12/17/2019 14:19,12/17/2019 18:45,USDCAD,Sell,0.5,1.31719,1.31516,-3.5,0,20.3
12/17/2019 15:49,12/17/2019 18:00,GBPUSD,Buy,0.1,1.31427,1.31264,-0.7,0,-16.3
12/17/2019 15:49,12/17/2019 18:00,GBPUSD,Buy,0.1,1.31427,1.31296,-0.7,0,-13.1
12/17/2019 10:50,12/17/2019 15:11,XTIUSD,Sell,1,60.22,60.54,0,0,-32
12/17/2019 13:59,12/17/2019 15:11,XTIUSD,Sell,1,60.37,60.49,0,0,-12
12/16/2019 17:47,12/17/2019 15:11,XTIUSD,Sell,1,60.29,60.5,0,-0.27,-21
12/17/2019 14:18,12/17/2019 15:02,GBPUSD,Buy,0.2,1.31896,1.31494,-1.4,0,-40.2
12/17/2019 14:34,12/17/2019 15:02,GBPUSD,Buy,0.3,1.31901,1.315,-2.1,0,-40.1
12/17/2019 15:00,12/17/2019 15:02,GBPUSD,Buy,0.2,1.31682,1.31523,-1.4,0,-15.9
12/17/2019 13:31,12/17/2019 13:56,USDCAD,Sell,0.5,1.31722,1.31709,-3.5,0,1.3
12/17/2019 11:33,12/17/2019 13:56,USDCAD,Sell,0.5,1.31781,1.31709,-3.5,0,7.2
12/17/2019 11:27,12/17/2019 13:55,GBPUSD,Buy,0.1,1.31704,1.3203,-0.7,0,32.6
12/17/2019 13:22,12/17/2019 13:55,GBPUSD,Buy,0.2,1.32041,1.32031,-1.4,0,-1
12/17/2019 09:56,12/17/2019 13:00,USDJPY,Sell,0.5,109.606,109.552,-3.5,0,5.4
12/17/2019 11:28,12/17/2019 13:00,GBPUSD,Buy,0.2,1.31722,1.32009,-1.4,0,28.7
12/17/2019 11:32,12/17/2019 12:59,USDCAD,Sell,0.5,1.31796,1.31703,-3.5,0,9.3
12/17/2019 11:22,12/17/2019 12:59,GBPUSD,Buy,0.2,1.31872,1.32056,-1.4,0,18.4
12/17/2019 09:30,12/17/2019 11:31,XAUUSD,Sell,0.3,1477.13,1477.53,-2.1,0,-40
12/17/2019 08:28,12/17/2019 11:31,XAUUSD,Sell,0.2,1477.5,1477.46,-1.4,0,4
12/17/2019 08:28,12/17/2019 11:30,XAUUSD,Sell,0.1,1477.54,1477.64,-0.7,0,-10
12/17/2019 06:51,12/17/2019 11:25,EURUSD,Sell,0.5,1.11484,1.11378,-3.5,0,10.6
12/17/2019 04:32,12/17/2019 10:29,EURUSD,Sell,0.5,1.11423,1.11314,-3.5,0,10.9
12/17/2019 05:15,12/17/2019 10:25,EURUSD,Sell,0.5,1.11464,1.11344,-3.5,0,12
12/17/2019 04:32,12/17/2019 10:21,EURUSD,Sell,0.5,1.11422,1.11358,-3.5,0,6.4
12/17/2019 05:54,12/17/2019 08:57,GBPUSD,Sell,0.3,1.32936,1.32597,-2.1,0,33.9
12/17/2019 06:11,12/17/2019 08:48,GBPUSD,Sell,0.3,1.32939,1.32639,-2.1,0,30
12/17/2019 06:13,12/17/2019 08:33,GBPUSD,Sell,0.3,1.32938,1.32742,-2.1,0,19.6
12/16/2019 12:14,12/17/2019 04:25,USDJPY,Sell,0.5,109.423,109.52,-3.5,-3.64,-9.7
12/17/2019 03:38,12/17/2019 04:24,USDJPY,Sell,0.5,109.558,109.523,-3.5,0,3.5
12/17/2019 03:40,12/17/2019 04:24,USDJPY,Sell,0.5,109.557,109.524,-3.5,0,3.3
12/17/2019 01:01,12/17/2019 02:56,USDJPY,Sell,0.5,109.594,109.528,-3.5,0,6.6
12/17/2019 01:31,12/17/2019 02:51,GBPUSD,Buy,0.1,1.32587,1.32771,-0.7,0,18.4
12/16/2019 17:50,12/17/2019 02:51,USDJPY,Sell,0.5,109.602,109.503,-3.5,-3.64,9.9
12/17/2019 01:20,12/17/2019 02:50,USDJPY,Sell,0.5,109.611,109.498,-3.5,0,11.3
12/17/2019 01:31,12/17/2019 02:49,GBPUSD,Buy,0.1,1.32498,1.32798,-0.7,0,30
12/16/2019 17:30,12/17/2019 02:02,XTIUSD,Sell,1,60.32,60.15,0,-0.27,17
12/16/2019 17:26,12/17/2019 01:00,NZDUSD,Sell,0.5,0.66071,0.65946,-3.5,-0.3,12.5
12/16/2019 17:41,12/16/2019 21:16,USDJPY,Sell,0.5,109.562,109.606,-3.5,0,-4.4
12/16/2019 18:02,12/16/2019 21:16,USDJPY,Sell,0.5,109.659,109.603,-3.5,0,5.6
12/16/2019 17:26,12/16/2019 19:12,NZDUSD,Sell,0.5,0.66065,0.65974,-3.5,0,9.1
12/16/2019 12:40,12/16/2019 17:57,EURUSD,Sell,0.5,1.11392,1.11368,-3.5,0,2.4
12/16/2019 12:30,12/16/2019 17:49,EURUSD,Sell,0.5,1.11398,1.11404,-3.5,0,-0.6
12/16/2019 14:20,12/16/2019 17:28,USDJPY,Sell,0.5,109.447,109.55,-3.5,0,-10.3
12/16/2019 14:58,12/16/2019 17:05,NZDUSD,Sell,0.5,0.66098,0.66052,-3.5,0,4.6
12/16/2019 15:24,12/16/2019 17:05,NZDUSD,Sell,0.5,0.66099,0.66052,-3.5,0,4.7
12/16/2019 14:05,12/16/2019 15:58,EURUSD,Sell,0.5,1.11439,1.1153,-3.5,0,-9.1
12/16/2019 12:04,12/16/2019 12:15,XTIUSD,Sell,1,60.02,60.02,0,0,0
12/16/2019 10:09,12/16/2019 12:10,XAUUSD,Sell,0.1,1476.58,1477.63,-0.7,0,-105
12/16/2019 10:02,12/16/2019 12:10,XAUUSD,Sell,0.1,1476.92,1477.56,-0.7,0,-64
12/16/2019 10:09,12/16/2019 12:09,EURUSD,Sell,0.5,1.11418,1.11342,-3.5,0,7.6
12/16/2019 10:22,12/16/2019 11:30,EURUSD,Sell,0.5,1.11408,1.11292,-3.5,0,11.6
12/16/2019 02:46,12/16/2019 09:06,AUDUSD,Buy,0.3,0.68776,0.68736,-2.1,0,-4
12/16/2019 02:53,12/16/2019 08:52,USDJPY,Sell,0.5,109.4,109.374,-3.5,0,2.6
12/16/2019 02:52,12/16/2019 08:45,USDJPY,Sell,0.5,109.406,109.386,-3.5,0,2
12/16/2019 01:41,12/16/2019 08:45,USDJPY,Sell,0.5,109.435,109.386,-3.5,0,4.9
12/16/2019 02:44,12/16/2019 08:41,XAUUSD,Buy,0.2,1474.33,1477.74,-1.4,0,341
12/13/2019 17:02,12/13/2019 18:06,USDJPY,Sell,0.5,109.601,109.284,-3.5,0,31.7
12/13/2019 17:07,12/13/2019 18:06,XAUUSD,Buy,0.1,1466.22,1472.28,-0.7,0,606
12/13/2019 17:02,12/13/2019 18:03,USDJPY,Sell,0.5,109.601,109.257,-3.5,0,34.4
12/13/2019 17:02,12/13/2019 18:03,USDJPY,Sell,0.5,109.601,109.264,-3.5,0,33.7
12/13/2019 01:13,12/13/2019 16:31,USDJPY,Sell,0.3,109.5,109.311,-2.1,0,18.9
12/13/2019 16:01,12/13/2019 16:30,USDJPY,Sell,0.3,109.564,109.314,-2.1,0,25
12/13/2019 01:09,12/13/2019 16:29,USDJPY,Sell,0.3,109.516,109.317,-2.1,0,19.9
12/13/2019 16:01,12/13/2019 16:28,USDJPY,Sell,0.3,109.564,109.316,-2.1,0,24.8
12/13/2019 06:03,12/13/2019 16:28,USDJPY,Sell,0.3,109.57,109.312,-2.1,0,25.8
12/13/2019 05:34,12/13/2019 16:28,USDJPY,Sell,0.3,109.58,109.315,-2.1,0,26.5
12/13/2019 05:34,12/13/2019 16:08,USDJPY,Sell,0.3,109.58,109.286,-2.1,0,29.4
12/13/2019 02:25,12/13/2019 16:08,USDJPY,Sell,0.3,109.495,109.29,-2.1,0,20.5
12/13/2019 02:28,12/13/2019 16:08,USDJPY,Sell,0.3,109.468,109.272,-2.1,0,19.6
12/13/2019 15:57,12/13/2019 16:02,XTIUSD,Sell,1,59.78,59.99,0,0,-21
12/13/2019 15:57,12/13/2019 16:01,XTIUSD,Sell,1,59.78,59.95,0,0,-17
12/13/2019 15:57,12/13/2019 16:01,XTIUSD,Sell,1,59.78,59.95,0,0,-17
12/13/2019 09:01,12/13/2019 14:59,USDJPY,Sell,0.3,109.652,109.516,-2.1,0,13.6
12/13/2019 09:02,12/13/2019 14:59,USDJPY,Sell,0.3,109.648,109.5,-2.1,0,14.8
12/13/2019 12:54,12/13/2019 14:57,USDJPY,Sell,0.3,109.686,109.58,-2.1,0,10.6
12/13/2019 12:57,12/13/2019 14:57,USDJPY,Sell,0.3,109.686,109.58,-2.1,0,10.6
12/13/2019 01:12,12/13/2019 14:04,XAUUSD,Buy,0.1,1464.8,1470.8,-0.7,0,600
12/13/2019 01:49,12/13/2019 12:40,XTIUSD,Sell,1,59.41,59.94,0,0,-53
12/13/2019 01:49,12/13/2019 12:40,XTIUSD,Sell,1,59.41,59.94,0,0,-53
12/13/2019 03:00,12/13/2019 12:34,XTIUSD,Sell,1,59.5,59.9,0,0,-40
12/13/2019 03:01,12/13/2019 12:34,XTIUSD,Sell,1,59.51,59.88,0,0,-37
12/13/2019 03:00,12/13/2019 12:34,XTIUSD,Sell,1,59.49,59.88,0,0,-39
12/13/2019 09:45,12/13/2019 11:27,XAUUSD,Sell,0.03,1469.75,1470.29,-0.21,0,-54
12/13/2019 10:15,12/13/2019 11:27,XAUUSD,Sell,0.03,1470.26,1470.24,-0.21,0,2
12/13/2019 10:45,12/13/2019 11:25,XAUUSD,Sell,0.03,1471.89,1468.71,-0.21,0,318
12/13/2019 01:09,12/13/2019 11:25,XAUUSD,Buy,0.1,1465.51,1468.62,-0.7,0,311
12/13/2019 09:09,12/13/2019 11:12,XAUUSD,Buy,0.1,1466.58,1472.34,-0.7,0,576
12/13/2019 09:17,12/13/2019 10:59,XAUUSD,Buy,0.3,1467.74,1472.7,-2.1,0,496
12/12/2019 21:51,12/12/2019 22:57,EURUSD,Buy,0.5,1.11121,1.11325,-3.5,0,20.4
12/12/2019 22:53,12/12/2019 22:54,AUDUSD,Sell,0.5,0.691,0.69126,-3.5,0,-2.6
12/12/2019 21:50,12/12/2019 22:46,EURUSD,Buy,0.5,1.11121,1.11334,-3.5,0,21.3
12/12/2019 17:07,12/12/2019 19:07,AUDUSD,Sell,0.5,0.68975,0.68953,-3.5,0,2.2
12/12/2019 17:07,12/12/2019 19:06,AUDUSD,Sell,0.5,0.68985,0.68936,-3.5,0,4.9
12/12/2019 17:25,12/12/2019 19:04,AUDUSD,Sell,0.5,0.69064,0.68952,-3.5,0,11.2
12/12/2019 17:28,12/12/2019 19:03,AUDUSD,Sell,0.5,0.6907,0.68954,-3.5,0,11.6
12/12/2019 17:00,12/12/2019 17:04,XAUUSD,Buy,0.1,1468.1,1466.33,-0.7,0,-177
12/12/2019 13:40,12/12/2019 16:36,XTIUSD,Sell,1,59.03,59.26,0,0,-23
12/11/2019 18:46,12/12/2019 16:36,XTIUSD,Sell,1,58.59,59.26,0,-0.81,-67
12/11/2019 18:24,12/12/2019 16:36,XTIUSD,Sell,1,58.55,59.26,0,-0.81,-71
12/11/2019 18:10,12/12/2019 16:36,XTIUSD,Sell,1,58.54,59.26,0,-0.81,-72
12/12/2019 13:39,12/12/2019 16:36,XTIUSD,Sell,1,59.01,59.2,0,0,-19
12/12/2019 08:55,12/12/2019 16:01,USDJPY,Sell,0.3,108.62,108.587,-2.1,0,3.3
12/12/2019 08:57,12/12/2019 16:01,USDJPY,Sell,0.3,108.618,108.588,-2.1,0,3
12/12/2019 13:32,12/12/2019 15:48,USDJPY,Sell,0.3,108.678,108.624,-2.1,0,5.4
12/12/2019 11:50,12/12/2019 15:48,USDJPY,Sell,0.3,108.699,108.622,-2.1,0,7.7
12/12/2019 10:37,12/12/2019 15:02,XAUUSD,Buy,0.3,1472.43,1476.1,-2.1,0,367
12/12/2019 08:38,12/12/2019 13:38,XAUUSD,Buy,0.3,1473.69,1475.25,-2.1,0,156
12/12/2019 09:03,12/12/2019 13:00,XAUUSD,Buy,0.3,1473.61,1474.99,-2.1,0,138
12/12/2019 04:40,12/12/2019 11:28,XTIUSD,Sell,1,58.85,59.03,0,0,-18
12/12/2019 04:41,12/12/2019 11:28,XTIUSD,Sell,1,58.84,59.03,0,0,-19
12/11/2019 21:19,12/12/2019 11:28,XTIUSD,Sell,1,58.65,59.03,0,-0.81,-38
12/11/2019 21:16,12/12/2019 11:28,XTIUSD,Sell,1,58.64,59.02,0,-0.81,-38
12/11/2019 21:16,12/12/2019 11:28,XTIUSD,Sell,1,58.64,59.03,0,-0.81,-39
12/12/2019 05:11,12/12/2019 08:30,EURUSD,Sell,0.5,1.11426,1.11389,-3.5,0,3.7
12/12/2019 05:04,12/12/2019 07:01,AUDUSD,Sell,0.5,0.68873,0.68815,-3.5,0,5.8
12/12/2019 03:00,12/12/2019 03:59,GBPUSD,Sell,0.3,1.32068,1.32219,-2.1,0,-15.1
12/12/2019 03:31,12/12/2019 03:59,GBPUSD,Sell,0.3,1.32064,1.32219,-2.1,0,-15.5
12/11/2019 21:38,12/11/2019 22:26,XTIUSD,Sell,1,58.77,58.85,0,0,-8
12/11/2019 21:38,12/11/2019 22:24,XTIUSD,Sell,1,58.77,58.85,0,0,-8
12/11/2019 21:53,12/11/2019 22:23,XTIUSD,Sell,1,58.88,58.85,0,0,3
12/11/2019 22:06,12/11/2019 22:23,XTIUSD,Sell,1,58.9,58.85,0,0,5
12/11/2019 19:27,12/11/2019 21:00,XTIUSD,Sell,1,58.74,58.66,0,0,8
12/11/2019 19:27,12/11/2019 21:00,XTIUSD,Sell,1,58.74,58.66,0,0,8
12/11/2019 19:30,12/11/2019 19:55,XTIUSD,Sell,1,58.79,58.7,0,0,9
12/11/2019 18:55,12/11/2019 19:53,XTIUSD,Sell,1,58.6,58.7,0,0,-10
12/11/2019 19:35,12/11/2019 19:53,XTIUSD,Sell,1,58.86,58.71,0,0,15
12/10/2019 12:02,12/11/2019 18:06,USDCAD,Sell,0.3,1.32399,1.3209,-2.1,-0.78,30.9
12/11/2019 14:40,12/11/2019 18:03,XTIUSD,Sell,1,58.93,58.38,0,0,55
12/10/2019 11:16,12/11/2019 18:02,USDCAD,Sell,0.3,1.32396,1.32162,-2.1,-0.78,23.4
12/10/2019 13:10,12/11/2019 18:00,USDCAD,Sell,0.3,1.32356,1.32156,-2.1,-0.78,20
12/11/2019 14:52,12/11/2019 16:52,XTIUSD,Sell,1,59,59.19,0,0,-19
12/10/2019 12:02,12/11/2019 15:56,USDCAD,Sell,0.3,1.32392,1.32288,-2.1,-0.78,10.4
12/10/2019 12:02,12/11/2019 15:56,USDCAD,Sell,0.3,1.32399,1.32288,-2.1,-0.78,11.1
12/10/2019 11:21,12/11/2019 15:56,USDCAD,Sell,0.3,1.32436,1.32288,-2.1,-0.78,14.8
12/11/2019 15:23,12/11/2019 15:43,XAUUSD,Buy,0.1,1466.05,1467.99,-0.7,0,194
12/11/2019 04:59,12/11/2019 12:17,XAUUSD,Buy,0.3,1464.2,1467,-2.1,0,280
12/11/2019 05:37,12/11/2019 10:58,XAUUSD,Buy,0.3,1463.99,1465.95,-2.1,0,196
12/11/2019 10:25,12/11/2019 10:54,XAUUSD,Buy,0.3,1463.96,1465.78,-2.1,0,182
12/11/2019 01:02,12/11/2019 10:19,XAUUSD,Buy,0.3,1464.44,1462.82,-2.1,0,-162
12/11/2019 02:12,12/11/2019 09:32,XAUUSD,Buy,0.3,1463.89,1464.87,-2.1,0,98
12/11/2019 01:59,12/11/2019 09:32,XAUUSD,Buy,0.3,1464.02,1464.86,-2.1,0,84
12/11/2019 01:08,12/11/2019 01:22,XAUUSD,Buy,0.3,1464.44,1463.39,-2.1,0,-105
12/10/2019 07:53,12/10/2019 21:53,EURUSD,Sell,0.3,1.10672,1.10978,-2.1,0,-30.6
12/10/2019 07:56,12/10/2019 21:23,EURUSD,Sell,0.3,1.10667,1.10972,-2.1,0,-30.5
12/10/2019 07:55,12/10/2019 21:23,EURUSD,Sell,0.3,1.10667,1.10972,-2.1,0,-30.5
12/10/2019 07:53,12/10/2019 18:17,EURUSD,Sell,0.3,1.10672,1.10968,-2.1,0,-29.6
12/10/2019 13:24,12/10/2019 17:56,GBPUSD,Sell,0.3,1.31845,1.31702,-2.1,0,14.3
12/10/2019 13:24,12/10/2019 17:56,GBPUSD,Sell,0.3,1.31847,1.31702,-2.1,0,14.5
12/10/2019 10:53,12/10/2019 15:00,EURUSD,Sell,0.3,1.10738,1.10764,-2.1,0,-2.6
12/10/2019 10:54,12/10/2019 15:00,EURUSD,Sell,0.3,1.10745,1.10764,-2.1,0,-1.9
12/10/2019 11:58,12/10/2019 13:28,XAUUSD,Sell,0.2,1464.35,1466.45,-1.4,0,-210
12/10/2019 07:53,12/10/2019 13:15,EURUSD,Sell,0.3,1.10672,1.10834,-2.1,0,-16.2
12/10/2019 10:55,12/10/2019 13:14,EURUSD,Sell,0.3,1.10738,1.10822,-2.1,0,-8.4
12/10/2019 12:36,12/10/2019 13:09,GBPUSD,Sell,0.3,1.31713,1.31852,-2.1,0,-13.9
12/10/2019 12:11,12/10/2019 13:09,GBPUSD,Sell,0.3,1.31624,1.31852,-2.1,0,-22.8
12/10/2019 08:12,12/10/2019 13:09,GBPUSD,Sell,0.3,1.31526,1.31852,-2.1,0,-32.6
12/10/2019 07:58,12/10/2019 13:09,GBPUSD,Sell,0.3,1.31494,1.31852,-2.1,0,-35.8
12/10/2019 08:59,12/10/2019 10:52,NZDUSD,Sell,0.3,0.65633,0.65534,-2.1,0,9.9
12/10/2019 09:02,12/10/2019 10:50,NZDUSD,Sell,0.3,0.65633,0.65543,-2.1,0,9
12/10/2019 08:59,12/10/2019 10:50,NZDUSD,Sell,0.3,0.65633,0.65543,-2.1,0,9
12/10/2019 08:00,12/10/2019 10:00,GBPUSD,Sell,0.3,1.31498,1.31422,-2.1,0,7.6
12/10/2019 09:10,12/10/2019 09:22,GBPUSD,Sell,0.3,1.31578,1.31621,-2.1,0,-4.3
12/09/2019 20:21,12/10/2019 09:06,USDCAD,Sell,0.3,1.32371,1.32308,-2.1,-0.78,6.3
12/09/2019 20:23,12/10/2019 09:06,USDCAD,Sell,0.3,1.32362,1.32308,-2.1,-0.78,5.4
12/09/2019 20:21,12/10/2019 07:54,USDCAD,Sell,0.3,1.32369,1.323,-2.1,-0.78,6.9
12/09/2019 20:23,12/10/2019 07:54,USDCAD,Sell,0.3,1.32362,1.323,-2.1,-0.78,6.2
12/09/2019 18:12,12/10/2019 07:54,XAUUSD,Buy,0.3,1461.84,1462.27,-2.1,-2.49,43
12/10/2019 03:14,12/10/2019 07:54,XAUUSD,Buy,0.3,1461.22,1462.35,-2.1,0,113
12/10/2019 01:00,12/10/2019 07:47,USDCAD,Sell,0.3,1.32399,1.32303,-2.1,0,9.6
12/10/2019 01:02,12/10/2019 07:47,USDCAD,Sell,0.3,1.3241,1.32303,-2.1,0,10.7
12/10/2019 01:02,12/10/2019 07:41,USDCAD,Sell,0.3,1.3241,1.32298,-2.1,0,11.2
12/10/2019 01:05,12/10/2019 07:40,USDCAD,Sell,0.3,1.32416,1.32296,-2.1,0,12
12/10/2019 02:07,12/10/2019 07:40,XAUUSD,Buy,0.3,1461.14,1462.62,-2.1,0,148
12/09/2019 20:01,12/09/2019 23:50,XAUUSD,Buy,0.3,1460.32,1461.68,-2.1,0,136
12/09/2019 08:38,12/09/2019 19:59,EURUSD,Sell,0.3,1.10618,1.10564,-2.1,0,5.4
12/09/2019 09:01,12/09/2019 19:59,EURUSD,Sell,0.3,1.10618,1.1056,-2.1,0,5.8
12/09/2019 08:33,12/09/2019 19:57,EURUSD,Sell,0.3,1.10627,1.10574,-2.1,0,5.3
12/09/2019 08:38,12/09/2019 19:57,EURUSD,Sell,0.3,1.1062,1.10574,-2.1,0,4.6
12/09/2019 16:16,12/09/2019 17:59,EURUSD,Sell,0.3,1.10754,1.10658,-2.1,0,9.6
12/06/2019 15:30,12/09/2019 17:59,USDCAD,Sell,0.3,1.32409,1.32256,-2.1,-0.78,15.3
12/09/2019 16:03,12/09/2019 17:10,EURUSD,Sell,0.3,1.10758,1.107,-2.1,0,5.8
12/09/2019 15:50,12/09/2019 17:10,USDCAD,Sell,0.3,1.32493,1.32322,-2.1,0,17.1
12/09/2019 16:17,12/09/2019 17:10,EURUSD,Sell,0.3,1.10752,1.10704,-2.1,0,4.8
12/09/2019 16:03,12/09/2019 17:10,EURUSD,Sell,0.3,1.10757,1.10704,-2.1,0,5.3
12/09/2019 07:15,12/09/2019 16:45,XAUUSD,Sell,0.03,1460.55,1461.97,-0.21,0,-142
12/09/2019 08:45,12/09/2019 16:45,XAUUSD,Sell,0.03,1461.72,1461.98,-0.21,0,-26
12/09/2019 08:30,12/09/2019 16:45,XAUUSD,Sell,0.03,1461.12,1461.98,-0.21,0,-86
12/09/2019 10:00,12/09/2019 16:45,XAUUSD,Sell,0.03,1462.6,1461.94,-0.21,0,66
12/09/2019 09:30,12/09/2019 16:45,XAUUSD,Sell,0.03,1462.09,1461.98,-0.21,0,11
12/09/2019 15:50,12/09/2019 16:03,USDCAD,Sell,0.3,1.32494,1.32533,-2.1,0,-3.9
12/06/2019 17:04,12/09/2019 16:03,USDCAD,Sell,0.3,1.32515,1.32533,-2.1,-0.78,-1.8
12/09/2019 15:45,12/09/2019 16:01,XAUUSD,Buy,0.1,1465.24,1464.73,-0.7,0,-51
12/09/2019 08:34,12/09/2019 15:38,EURUSD,Sell,0.3,1.10624,1.1072,-2.1,0,-9.6
12/09/2019 09:52,12/09/2019 15:38,GBPUSD,Sell,0.3,1.31677,1.31559,-2.1,0,11.8
12/09/2019 12:57,12/09/2019 15:38,EURUSD,Sell,0.3,1.10712,1.10722,-2.1,0,-1
12/09/2019 12:58,12/09/2019 14:50,GBPUSD,Sell,0.3,1.31676,1.31585,-2.1,0,9.1
12/09/2019 09:57,12/09/2019 14:50,GBPUSD,Sell,0.3,1.31697,1.3158,-2.1,0,11.7
12/09/2019 09:15,12/09/2019 13:13,NZDUSD,Sell,0.3,0.65575,0.65563,-2.1,0,1.2
12/09/2019 10:03,12/09/2019 12:52,EURUSD,Sell,0.3,1.10652,1.1074,-2.1,0,-8.8
12/06/2019 21:14,12/09/2019 12:52,EURUSD,Sell,0.3,1.10536,1.1074,-2.1,1.47,-20.4
12/06/2019 17:02,12/09/2019 08:41,USDCAD,Sell,0.3,1.32556,1.32564,-2.1,-0.78,-0.8
12/09/2019 08:38,12/09/2019 08:38,XAUUSD,Sell,0.3,1461.47,1461.57,-2.1,0,-10
12/09/2019 00:56,12/09/2019 08:35,USDCAD,Sell,0.3,1.32564,1.32556,-2.1,0,0.8
12/09/2019 01:01,12/09/2019 08:35,USDCAD,Sell,0.3,1.32559,1.32556,-2.1,0,0.3
12/09/2019 00:56,12/09/2019 08:30,USDCAD,Sell,0.3,1.32564,1.32547,-2.1,0,1.7
12/09/2019 01:01,12/09/2019 08:30,USDCAD,Sell,0.3,1.32557,1.32548,-2.1,0,0.9
12/09/2019 05:11,12/09/2019 08:30,XAUUSD,Buy,0.1,1459.92,1461.14,-0.7,0,122
12/09/2019 05:09,12/09/2019 08:30,XAUUSD,Buy,0.1,1459.81,1461.05,-0.7,0,124
12/09/2019 06:11,12/09/2019 08:28,USDCAD,Sell,0.3,1.32634,1.32552,-2.1,0,8.2
12/09/2019 06:11,12/09/2019 08:28,USDCAD,Sell,0.3,1.32634,1.32552,-2.1,0,8.2
12/09/2019 01:51,12/09/2019 02:56,XAUUSD,Buy,0.1,1459.75,1461.45,-0.7,0,170
12/09/2019 01:50,12/09/2019 02:55,XAUUSD,Buy,0.1,1459.62,1461.33,-0.7,0,171
12/06/2019 21:15,12/09/2019 02:14,NZDUSD,Sell,0.3,0.65683,0.65564,-2.1,-0.18,11.9
12/06/2019 20:04,12/09/2019 02:13,GBPUSD,Sell,0.3,1.31366,1.31452,-2.1,0.27,-8.6
12/06/2019 21:15,12/06/2019 23:06,NZDUSD,Sell,0.3,0.65683,0.65698,-2.1,0,-1.5
12/06/2019 22:51,12/06/2019 23:05,EURUSD,Sell,0.3,1.106,1.10589,-2.1,0,1.1
12/06/2019 22:51,12/06/2019 23:04,EURUSD,Sell,0.3,1.106,1.10584,-2.1,0,1.6
12/06/2019 21:14,12/06/2019 23:04,GBPUSD,Sell,0.3,1.31388,1.31371,-2.1,0,1.7
12/06/2019 18:13,12/06/2019 23:01,USDCAD,Sell,0.3,1.32645,1.32594,-2.1,0,5.1
12/06/2019 18:02,12/06/2019 23:01,USDCAD,Sell,0.3,1.32646,1.32595,-2.1,0,5.1
12/06/2019 20:07,12/06/2019 23:01,AUDUSD,Sell,0.3,0.6841,0.68394,-2.1,0,1.6
12/06/2019 18:39,12/06/2019 18:48,XAUUSD,Buy,0.1,1459.51,1460.63,-0.7,0,112
12/06/2019 17:19,12/06/2019 17:56,USDJPY,Buy,0.3,108.755,108.67,-2.1,0,-8.5
12/06/2019 17:20,12/06/2019 17:56,NZDUSD,Sell,0.3,0.65573,0.65551,-2.1,0,2.2
12/06/2019 17:18,12/06/2019 17:48,EURUSD,Sell,0.3,1.10632,1.10448,-2.1,0,18.4
12/06/2019 17:18,12/06/2019 17:48,GBPUSD,Sell,0.3,1.31266,1.31077,-2.1,0,18.9
12/06/2019 17:47,12/06/2019 17:48,EURUSD,Buy,0.3,1.10424,1.10432,-2.1,0,0.8
12/06/2019 15:39,12/06/2019 17:03,NZDUSD,Sell,0.3,0.65563,0.65505,-2.1,0,5.8
12/06/2019 15:39,12/06/2019 17:02,NZDUSD,Sell,0.3,0.65562,0.65504,-2.1,0,5.8
12/06/2019 15:49,12/06/2019 17:02,AUDUSD,Sell,0.3,0.68433,0.68305,-2.1,0,12.8
12/06/2019 15:39,12/06/2019 17:02,GBPUSD,Sell,0.3,1.31232,1.31234,-2.1,0,-0.2
12/06/2019 15:38,12/06/2019 17:00,GBPUSD,Sell,0.3,1.31262,1.31235,-2.1,0,2.7
12/06/2019 15:47,12/06/2019 17:00,EURUSD,Sell,0.3,1.10804,1.10581,-2.1,0,22.3
12/06/2019 15:42,12/06/2019 16:59,NZDUSD,Sell,0.3,0.65626,0.6555,-2.1,0,7.6
12/06/2019 15:44,12/06/2019 16:58,AUDUSD,Sell,0.3,0.68445,0.68352,-2.1,0,9.3
12/06/2019 15:40,12/06/2019 16:58,NZDUSD,Sell,0.3,0.65575,0.65551,-2.1,0,2.4
12/06/2019 15:46,12/06/2019 16:58,EURUSD,Sell,0.3,1.10806,1.10623,-2.1,0,18.3
12/06/2019 16:01,12/06/2019 16:34,XTIUSD,Sell,1,57.95,58.3,0,0,-35
12/06/2019 15:37,12/06/2019 16:34,XTIUSD,Sell,1,57.81,58.3,0,0,-49
12/06/2019 16:31,12/06/2019 16:31,XAUUSD,Buy,0.1,1461.25,1461.2,-0.7,0,-5
12/06/2019 15:30,12/06/2019 15:38,USDCAD,Sell,0.3,1.32417,1.32427,-2.1,0,-1
12/06/2019 15:30,12/06/2019 15:34,USDCAD,Sell,0.3,1.32432,1.32435,-2.1,0,-0.3
12/06/2019 09:04,12/06/2019 15:26,XTIUSD,Sell,1,58.33,57.83,0,0,50
12/06/2019 10:43,12/06/2019 15:20,AUDUSD,Sell,0.3,0.68411,0.68574,-2.1,0,-16.3
12/06/2019 10:43,12/06/2019 13:19,AUDUSD,Sell,0.3,0.68411,0.68499,-2.1,0,-8.8
12/06/2019 10:33,12/06/2019 12:19,XAUUSD,Sell,0.1,1473.81,1475.06,-0.7,0,-125
12/06/2019 10:33,12/06/2019 11:55,XTIUSD,Sell,1,58.36,58.47,0,0,-11
12/05/2019 16:53,12/06/2019 11:39,EURUSD,Sell,0.3,1.11024,1.11023,-2.1,1.47,0.1
12/06/2019 10:59,12/06/2019 11:21,XAUUSD,Sell,0.1,1474.62,1474,-0.7,0,62
12/06/2019 10:52,12/06/2019 11:20,XAUUSD,Sell,0.1,1474.76,1474.15,-0.7,0,61
12/06/2019 03:07,12/06/2019 10:10,USDJPY,Buy,0.3,108.75,108.65,-2.1,0,-10
12/06/2019 07:30,12/06/2019 10:04,NZDUSD,Sell,0.3,0.6558,0.65656,-2.1,0,-7.6
12/06/2019 02:53,12/06/2019 10:04,NZDUSD,Sell,0.3,0.65443,0.65656,-2.1,0,-21.3
12/06/2019 02:53,12/06/2019 10:01,AUDUSD,Sell,0.3,0.68372,0.6841,-2.1,0,-3.8
12/05/2019 17:47,12/06/2019 10:01,GBPUSD,Sell,0.3,1.3148,1.31573,-2.1,0.27,-9.3
12/05/2019 18:43,12/06/2019 09:37,GBPUSD,Sell,0.3,1.31529,1.31496,-2.1,0.27,3.3
12/06/2019 02:50,12/06/2019 08:26,EURUSD,Sell,0.3,1.1104,1.11035,-2.1,0,0.5
12/06/2019 02:50,12/06/2019 08:26,EURUSD,Sell,0.3,1.1104,1.11036,-2.1,0,0.4
12/06/2019 03:30,12/06/2019 08:07,USDJPY,Buy,0.3,108.748,108.746,-2.1,0,-0.2
12/06/2019 03:47,12/06/2019 08:05,USDJPY,Buy,0.3,108.712,108.747,-2.1,0,3.5
12/06/2019 06:55,12/06/2019 08:01,XAUUSD,Buy,0.3,1475.76,1474.79,-2.1,0,-97
12/06/2019 06:54,12/06/2019 07:26,XAUUSD,Buy,0.3,1475.57,1475.52,-2.1,0,-5
12/05/2019 16:52,12/05/2019 22:41,EURUSD,Sell,0.3,1.11028,1.10993,-2.1,0,3.5
12/05/2019 14:26,12/05/2019 22:41,XAUUSD,Sell,0.3,1475.43,1475.84,-2.1,0,-41
12/05/2019 19:01,12/05/2019 22:35,GBPUSD,Sell,0.3,1.31652,1.31568,-2.1,0,8.4
12/05/2019 17:10,12/05/2019 19:27,XAUUSD,Sell,0.3,1477.6,1480.08,-2.1,0,-248
12/05/2019 16:44,12/05/2019 19:27,XAUUSD,Sell,0.3,1476.81,1480.08,-2.1,0,-327
12/05/2019 15:05,12/05/2019 15:30,XAUUSD,Sell,0.3,1477.78,1473.97,-2.1,0,381
12/05/2019 14:18,12/05/2019 15:26,XAUUSD,Sell,0.1,1475.55,1475.55,-0.7,0,0
12/05/2019 07:34,12/05/2019 15:24,XAUUSD,Sell,0.2,1478,1476.07,-1.4,0,193
12/05/2019 10:29,12/05/2019 15:06,XAUUSD,Sell,0.2,1476.15,1478.81,-1.4,0,-266
12/05/2019 14:55,12/05/2019 15:01,XAUUSD,Sell,0.3,1476.28,1477.31,-2.1,0,-103
12/05/2019 10:05,12/05/2019 14:05,XTIUSD,Sell,1,58.44,58.82,0,0,-38
12/05/2019 07:54,12/05/2019 09:49,XAUUSD,Sell,0.3,1477.74,1474.18,-2.1,0,356
12/05/2019 04:56,12/05/2019 07:21,USDJPY,Sell,0.3,108.877,108.82,-2.1,0,5.7
12/04/2019 18:54,12/05/2019 05:02,XTIUSD,Sell,1,58.26,58.18,0,-0.81,8
12/04/2019 19:08,12/05/2019 04:43,XTIUSD,Sell,1,58.4,58.19,0,-0.81,21
12/04/2019 17:29,12/04/2019 18:31,USDCAD,Sell,0.3,1.32362,1.32177,-2.1,0,18.5
12/04/2019 17:30,12/04/2019 18:30,USDCAD,Sell,0.3,1.32334,1.3219,-2.1,0,14.4
12/04/2019 17:57,12/04/2019 18:26,XTIUSD,Sell,1,58.4,58,0,0,40
12/04/2019 17:42,12/04/2019 18:22,USDCAD,Sell,0.3,1.32403,1.32182,-2.1,0,22.1
12/04/2019 17:44,12/04/2019 18:21,USDCAD,Sell,0.3,1.32385,1.32183,-2.1,0,20.2
12/04/2019 17:47,12/04/2019 18:21,USDCAD,Sell,0.3,1.32447,1.32185,-2.1,0,26.2
12/02/2019 00:31,12/04/2019 17:15,USDCAD,Sell,0.3,1.32751,1.32229,-2.1,-1.56,52.2
12/02/2019 00:51,12/04/2019 17:15,USDCAD,Sell,0.3,1.3277,1.32239,-2.1,-1.56,53.1
12/03/2019 13:50,12/04/2019 17:00,USDCAD,Sell,0.3,1.3302,1.32441,-2.1,-0.78,57.9
12/04/2019 09:59,12/04/2019 17:00,USDCAD,Sell,0.3,1.32958,1.32448,-2.1,0,51
12/04/2019 12:49,12/04/2019 16:24,XAUUSD,Sell,0.1,1477.3,1477.76,-0.7,0,-46
12/04/2019 12:58,12/04/2019 16:24,USDJPY,Buy,0.1,108.678,108.666,-0.7,0,-1.2
12/04/2019 09:02,12/04/2019 11:18,AUDUSD,Buy,0.3,0.68249,0.6826,-2.1,0,1.1
12/04/2019 10:19,12/04/2019 11:18,AUDUSD,Buy,0.3,0.6819,0.68253,-2.1,0,6.3
12/04/2019 10:09,12/04/2019 11:00,GBPUSD,Buy,0.3,1.30221,1.30567,-2.1,0,34.6
12/04/2019 09:20,12/04/2019 09:29,USDJPY,Buy,0.3,108.552,108.454,-2.1,0,-9.8
12/04/2019 07:48,12/04/2019 09:29,AUDUSD,Buy,0.3,0.68231,0.6817,-2.1,0,-6.1
12/03/2019 15:34,12/04/2019 09:29,USDJPY,Buy,0.3,108.758,108.477,-2.1,1.01,-28.1
12/03/2019 15:20,12/04/2019 09:01,USDJPY,Buy,0.3,108.776,108.564,-2.1,1.01,-21.2
12/03/2019 15:20,12/04/2019 09:00,USDJPY,Buy,0.3,108.776,108.564,-2.1,1.01,-21.2
12/04/2019 02:13,12/04/2019 07:34,USDJPY,Buy,0.3,108.53,108.596,-2.1,0,6.6
12/04/2019 02:13,12/04/2019 07:34,USDJPY,Buy,0.3,108.548,108.596,-2.1,0,4.8
12/04/2019 02:14,12/04/2019 07:31,USDJPY,Buy,0.3,108.548,108.602,-2.1,0,5.4
12/03/2019 22:30,12/04/2019 05:15,XAUUSD,Buy,0.03,1476.9,1479.81,-0.21,-0.25,291
12/04/2019 02:00,12/04/2019 05:15,XAUUSD,Buy,0.03,1476.48,1479.82,-0.21,0,334
12/03/2019 18:27,12/04/2019 01:03,XAUUSD,Sell,0.3,1480,1476.65,-2.1,1.76,335
12/03/2019 18:19,12/03/2019 23:26,USDJPY,Buy,0.3,108.571,108.63,-2.1,0,5.9
12/03/2019 19:14,12/03/2019 23:25,USDJPY,Buy,0.3,108.537,108.64,-2.1,0,10.3
12/03/2019 18:33,12/03/2019 20:42,XAUUSD,Sell,0.3,1481.06,1477.65,-2.1,0,341
12/03/2019 17:21,12/03/2019 19:44,XTIUSD,Buy,1,55.7,56.07,0,0,37
12/03/2019 17:20,12/03/2019 19:44,XTIUSD,Buy,1,55.68,56.08,0,0,40
12/03/2019 12:58,12/03/2019 17:18,GBPUSD,Sell,0.3,1.29858,1.29834,-2.1,0,2.4
12/03/2019 12:59,12/03/2019 17:18,GBPUSD,Sell,0.3,1.29847,1.29833,-2.1,0,1.4
12/03/2019 12:59,12/03/2019 17:18,GBPUSD,Sell,0.3,1.29847,1.29834,-2.1,0,1.3
12/03/2019 16:30,12/03/2019 16:48,XAUUSD,Sell,0.1,1477.57,1480.08,-0.7,0,-251
12/03/2019 16:23,12/03/2019 16:48,XAUUSD,Sell,0.1,1477.04,1480.08,-0.7,0,-304
12/03/2019 15:35,12/03/2019 16:48,XAUUSD,Sell,0.1,1474.79,1480.08,-0.7,0,-529
12/03/2019 15:35,12/03/2019 16:48,XAUUSD,Sell,0.1,1474.49,1479.84,-0.7,0,-535
12/03/2019 15:22,12/03/2019 16:48,XAUUSD,Sell,0.1,1471.92,1479.54,-0.7,0,-762
12/03/2019 15:21,12/03/2019 16:48,XAUUSD,Sell,0.1,1472.1,1479.43,-0.7,0,-733
12/03/2019 14:50,12/03/2019 15:16,GBPUSD,Sell,0.3,1.29945,1.29938,-2.1,0,0.7
12/03/2019 13:43,12/03/2019 14:04,GBPUSD,Sell,0.3,1.29934,1.3,-2.1,0,-6.6
12/03/2019 12:14,12/03/2019 12:52,GBPUSD,Sell,0.3,1.29874,1.29732,-2.1,0,14.2
12/03/2019 12:24,12/03/2019 12:30,USDCAD,Sell,0.3,1.33038,1.33092,-2.1,0,-5.4
12/02/2019 00:40,12/03/2019 12:03,USDCAD,Sell,0.3,1.32776,1.3286,-2.1,-0.78,-8.4
12/02/2019 14:02,12/03/2019 10:48,USDCAD,Sell,0.3,1.32996,1.32909,-2.1,-0.78,8.7
12/02/2019 14:14,12/03/2019 10:48,USDCAD,Sell,0.3,1.33,1.32908,-2.1,-0.78,9.2
12/03/2019 08:08,12/03/2019 09:41,USDJPY,Sell,0.3,109.17,109.092,-2.1,0,7.8
12/03/2019 08:06,12/03/2019 09:41,USDJPY,Sell,0.3,109.175,109.091,-2.1,0,8.4
12/03/2019 09:04,12/03/2019 09:23,GBPUSD,Sell,0.3,1.29461,1.29577,-2.1,0,-11.6
12/03/2019 09:03,12/03/2019 09:23,GBPUSD,Sell,0.3,1.2946,1.29577,-2.1,0,-11.7
12/03/2019 05:43,12/03/2019 09:23,GBPUSD,Sell,0.3,1.2936,1.29552,-2.1,0,-19.2
12/03/2019 05:57,12/03/2019 08:41,GBPUSD,Sell,0.3,1.29382,1.29439,-2.1,0,-5.7
12/03/2019 06:11,12/03/2019 08:41,GBPUSD,Sell,0.3,1.29416,1.29437,-2.1,0,-2.1
12/03/2019 03:11,12/03/2019 07:19,XAUUSD,Sell,0.1,1462.33,1461.18,-0.7,0,115
12/03/2019 03:29,12/03/2019 05:28,XAUUSD,Sell,0.1,1463.16,1462.04,-0.7,0,112
12/03/2019 03:33,12/03/2019 05:27,XAUUSD,Sell,0.1,1463.45,1461.88,-0.7,0,157
12/02/2019 14:25,12/02/2019 16:10,EURUSD,Buy,0.3,1.10062,1.104,-2.1,0,33.8
11/27/2019 03:22,12/02/2019 15:56,EURUSD,Buy,0.3,1.10187,1.10346,-2.1,-13.54,15.9
12/02/2019 14:11,12/02/2019 15:24,EURUSD,Buy,0.3,1.1005,1.10257,-2.1,0,20.7
12/02/2019 09:00,12/02/2019 14:00,USDCAD,Sell,0.3,1.32908,1.33014,-2.1,0,-10.6
12/02/2019 11:55,12/02/2019 14:00,USDCAD,Sell,0.3,1.32891,1.33014,-2.1,0,-12.3
12/02/2019 00:28,12/02/2019 13:38,USDJPY,Sell,0.3,109.519,109.534,-2.1,0,-1.5
12/02/2019 10:10,12/02/2019 13:36,XAUUSD,Buy,0.1,1456.76,1458.85,-0.7,0,209
12/02/2019 11:03,12/02/2019 13:26,USDJPY,Sell,0.3,109.682,109.592,-2.1,0,9
12/02/2019 10:11,12/02/2019 13:25,XAUUSD,Buy,0.1,1456.72,1457.85,-0.7,0,113
12/02/2019 01:02,12/02/2019 10:01,XAUUSD,Buy,0.1,1462.69,1456.89,-0.7,0,-580
12/02/2019 01:05,12/02/2019 10:01,XAUUSD,Buy,0.1,1462.73,1456.89,-0.7,0,-584
12/02/2019 02:11,12/02/2019 10:01,XAUUSD,Buy,0.1,1460.57,1457.78,-0.7,0,-279
12/02/2019 02:13,12/02/2019 09:36,USDJPY,Sell,0.3,109.624,109.57,-2.1,0,5.4
12/02/2019 03:03,12/02/2019 09:15,XAUUSD,Buy,0.1,1460.9,1458.56,-0.7,0,-234
12/02/2019 01:19,12/02/2019 02:05,XAUUSD,Buy,0.1,1462.24,1460.69,-0.7,0,-155
12/02/2019 01:54,12/02/2019 02:00,XAUUSD,Buy,0.1,1461.97,1461.5,-0.7,0,-47
11/29/2019 10:02,11/29/2019 22:00,USDJPY,Sell,0.1,109.509,109.474,-0.7,0,3.5
11/27/2019 17:40,11/29/2019 22:00,USDCAD,Sell,0.3,1.32748,1.32739,-2.1,-3.12,0.9
11/29/2019 09:48,11/29/2019 18:04,AUDUSD,Buy,0.1,0.67777,0.67573,-0.7,0,-20.4
11/27/2019 02:08,11/29/2019 17:45,EURUSD,Buy,0.3,1.10192,1.10207,-2.1,-10.83,1.5
11/28/2019 02:15,11/29/2019 17:45,USDCAD,Sell,0.3,1.3285,1.32795,-2.1,-0.78,5.5
11/29/2019 10:32,11/29/2019 16:04,XTIUSD,Sell,1,58,57.68,0,0,32
11/29/2019 09:10,11/29/2019 15:15,USDCAD,Sell,0.3,1.32885,1.33084,-2.1,0,-19.9
11/28/2019 03:07,11/29/2019 15:15,USDCAD,Sell,0.3,1.3285,1.33084,-2.1,-0.78,-23.4
11/29/2019 09:50,11/29/2019 15:07,USDJPY,Sell,0.1,109.505,109.656,-0.7,0,-15.1
11/29/2019 15:03,11/29/2019 15:07,XAUUSD,Buy,0.1,1454.77,1453.97,-0.7,0,-80
11/29/2019 13:01,11/29/2019 15:06,XAUUSD,Buy,0.1,1456.65,1454.09,-0.7,0,-256
11/27/2019 02:11,11/29/2019 15:02,USDCHF,Sell,0.3,0.99783,1.00101,-2.1,-10.36,-31.8
11/29/2019 09:10,11/29/2019 15:02,EURUSD,Buy,0.3,1.10086,1.09872,-2.1,0,-21.4
11/29/2019 02:39,11/29/2019 14:02,XTIUSD,Sell,1,58.04,58.04,0,0,0
11/29/2019 11:08,11/29/2019 14:02,XAUUSD,Buy,0.1,1456.52,1456.39,-0.7,0,-13
11/29/2019 10:07,11/29/2019 11:37,GBPUSD,Buy,0.1,1.29123,1.28888,-0.7,0,-23.5
11/29/2019 09:46,11/29/2019 11:36,GBPUSD,Buy,0.1,1.29074,1.2898,-0.7,0,-9.4
11/29/2019 10:03,11/29/2019 10:59,XAUUSD,Buy,0.1,1458.28,1456.2,-0.7,0,-208
11/28/2019 19:12,11/29/2019 09:05,GBPUSD,Buy,0.3,1.2909,1.29106,-2.1,-2.12,1.6
11/29/2019 05:34,11/29/2019 09:04,XAUUSD,Buy,0.1,1458.05,1457.58,-0.7,0,-47
11/29/2019 02:46,11/29/2019 09:01,USDJPY,Sell,0.3,109.59,109.51,-2.1,0,8
11/29/2019 05:53,11/29/2019 09:01,XAUUSD,Buy,0.3,1457.76,1457.57,-2.1,0,-19
11/28/2019 14:08,11/29/2019 06:10,XAUUSD,Buy,0.1,1456.28,1457.74,-0.7,-0.83,146
11/28/2019 14:29,11/29/2019 06:10,XAUUSD,Buy,0.1,1456.02,1457.72,-0.7,-0.83,170
11/28/2019 18:15,11/29/2019 04:42,XAUUSD,Buy,0.3,1455.87,1456.99,-2.1,-2.49,112
11/28/2019 19:10,11/29/2019 04:41,GBPUSD,Buy,0.3,1.29061,1.29083,-2.1,-2.12,2.2
11/28/2019 13:44,11/29/2019 04:41,EURUSD,Buy,0.3,1.10044,1.1011,-2.1,-2.71,6.6
11/28/2019 14:09,11/28/2019 22:27,EURUSD,Buy,0.3,1.10034,1.10091,-2.1,0,5.7
11/28/2019 07:32,11/28/2019 22:27,USDCAD,Sell,0.3,1.32893,1.32821,-2.1,0,7.2
11/28/2019 15:27,11/28/2019 17:01,XAUUSD,Buy,0.1,1455.45,1454.63,-0.7,0,-82
11/28/2019 13:52,11/28/2019 14:04,XAUUSD,Buy,0.1,1456.43,1455.28,-0.7,0,-115
11/28/2019 04:58,11/28/2019 12:08,XAUUSD,Buy,0.1,1456.47,1456.95,-0.7,0,48
11/28/2019 04:55,11/28/2019 12:08,XAUUSD,Buy,0.1,1456.21,1456.95,-0.7,0,74
11/27/2019 16:17,11/28/2019 03:00,XAUUSD,Buy,0.1,1454.94,1457.21,-0.7,-2.49,227
11/27/2019 17:00,11/28/2019 03:00,XAUUSD,Buy,0.1,1454.79,1457.4,-0.7,-2.49,261
11/27/2019 17:00,11/28/2019 03:00,EURUSD,Buy,0.3,1.09988,1.10067,-2.1,-8.12,7.9
11/27/2019 20:44,11/28/2019 01:21,XAUUSD,Buy,0.1,1453.73,1457.42,-0.7,-2.49,369
11/27/2019 14:00,11/28/2019 01:03,AUDUSD,Buy,0.3,0.67858,0.6769,-2.1,-3.41,-16.8
11/28/2019 00:01,11/28/2019 00:13,GBPUSD,Sell,0.3,1.29201,1.29322,-2.1,0,-12.1
11/27/2019 02:08,11/27/2019 18:40,USDCHF,Sell,0.3,0.99784,0.9999,-2.1,0,-20.6
11/27/2019 16:00,11/27/2019 18:26,XAUUSD,Buy,0.1,1455.26,1452.91,-0.7,0,-235
11/27/2019 15:58,11/27/2019 18:24,XTIUSD,Sell,1,58.37,57.73,0,0,64
11/27/2019 11:47,11/27/2019 15:33,EURUSD,Buy,0.3,1.10082,1.10001,-2.1,0,-8.1
11/27/2019 02:31,11/27/2019 15:30,XAUUSD,Buy,0.1,1460.55,1454.94,-0.7,0,-561
11/27/2019 02:13,11/27/2019 13:07,GBPUSD,Buy,0.3,1.28556,1.28898,-2.1,0,34.2
11/27/2019 11:19,11/27/2019 13:07,GBPUSD,Buy,0.3,1.2848,1.28898,-2.1,0,41.8
11/27/2019 10:30,11/27/2019 12:12,XTIUSD,Sell,1,58.28,58.56,0,0,-28
11/27/2019 02:07,11/27/2019 11:04,GBPUSD,Buy,0.3,1.28536,1.28497,-2.1,0,-3.9
11/27/2019 03:12,11/27/2019 09:53,USDCAD,Sell,0.3,1.32768,1.32717,-2.1,0,5.1
11/27/2019 09:26,11/27/2019 09:39,GBPUSD,Buy,0.3,1.28402,1.2834,-2.1,0,-6.2
11/27/2019 06:04,11/27/2019 09:05,AUDUSD,Buy,0.3,0.678,0.67788,-2.1,0,-1.2
11/27/2019 05:31,11/27/2019 09:01,XAUUSD,Buy,0.3,1459.57,1460.08,-2.1,0,51
11/26/2019 16:51,11/26/2019 20:03,EURUSD,Buy,0.1,1.1013,1.10206,-0.7,0,7.6
11/26/2019 16:57,11/26/2019 20:03,GBPUSD,Buy,0.1,1.285,1.28614,-0.7,0,11.4
11/26/2019 17:14,11/26/2019 20:02,EURUSD,Buy,0.1,1.10134,1.10206,-0.7,0,7.2
11/26/2019 16:51,11/26/2019 20:02,AUDUSD,Buy,0.1,0.67741,0.6787,-0.7,0,12.9
11/26/2019 16:51,11/26/2019 20:01,GBPUSD,Buy,0.1,1.28473,1.28618,-0.7,0,14.5
11/26/2019 16:57,11/26/2019 20:01,GBPUSD,Buy,0.1,1.28499,1.28618,-0.7,0,11.9
11/26/2019 17:04,11/26/2019 19:56,GBPUSD,Buy,0.3,1.28531,1.28591,-2.1,0,6
11/25/2019 17:21,11/26/2019 19:39,USDCAD,Sell,0.3,1.32976,1.32771,-2.1,-0.78,20.5
11/26/2019 09:34,11/26/2019 19:14,USDCAD,Sell,0.3,1.33082,1.32859,-2.1,0,22.3
11/26/2019 09:34,11/26/2019 19:14,USDCAD,Sell,0.3,1.33082,1.3285,-2.1,0,23.2
11/26/2019 17:05,11/26/2019 17:58,XTIUSD,Sell,1,58.38,58,0,0,38
11/26/2019 16:40,11/26/2019 16:40,XAUUSD,Buy,0.3,1452.47,1450.68,-2.1,0,-179
11/26/2019 12:30,11/26/2019 15:01,XAUUSD,Sell,0.1,1457.84,1456.12,-0.7,0,172
11/26/2019 12:20,11/26/2019 14:52,XAUUSD,Sell,0.1,1457.93,1456.58,-0.7,0,135
11/26/2019 09:26,11/26/2019 11:44,XTIUSD,Sell,1,57.85,58.13,0,0,-28
11/26/2019 10:59,11/26/2019 11:06,AUDUSD,Buy,0.3,0.67785,0.67913,-2.1,0,12.8
11/26/2019 10:58,11/26/2019 11:05,AUDUSD,Buy,0.3,0.67775,0.67864,-2.1,0,8.9
11/26/2019 10:05,11/26/2019 10:50,XAUUSD,Sell,0.1,1456.01,1457.94,-0.7,0,-193
11/26/2019 08:08,11/26/2019 10:06,XTIUSD,Sell,1,57.88,57.95,0,0,-7
11/26/2019 09:10,11/26/2019 09:55,XAUUSD,Sell,0.1,1456.77,1455.18,-0.7,0,159
11/26/2019 02:46,11/26/2019 09:10,XTIUSD,Sell,1,57.9,57.89,0,0,1
11/26/2019 01:51,11/26/2019 08:03,USDCAD,Sell,0.3,1.3304,1.33079,-2.1,0,-3.9
11/26/2019 04:45,11/26/2019 08:03,USDCAD,Sell,0.3,1.33107,1.33079,-2.1,0,2.8
11/25/2019 23:36,11/26/2019 07:45,XAUUSD,Buy,0.1,1454.92,1455.48,-0.7,-0.83,56
11/26/2019 02:06,11/26/2019 07:10,EURUSD,Buy,0.3,1.10112,1.10137,-2.1,0,2.5
11/26/2019 01:51,11/26/2019 06:57,AUDUSD,Buy,0.3,0.67736,0.67814,-2.1,0,7.8
11/26/2019 03:47,11/26/2019 06:00,XAUUSD,Buy,0.3,1451.77,1454.44,-2.1,0,267
11/26/2019 03:08,11/26/2019 03:46,XAUUSD,Buy,0.1,1453.47,1452.03,-0.7,0,-144
11/26/2019 02:01,11/26/2019 02:37,XAUUSD,Buy,0.1,1454.26,1453,-0.7,0,-126
11/26/2019 01:28,11/26/2019 01:32,XAUUSD,Buy,0.1,1454.39,1453.95,-0.7,0,-44
11/25/2019 21:14,11/25/2019 23:57,AUDUSD,Buy,0.3,0.67752,0.67771,-2.1,0,1.9
11/25/2019 20:02,11/25/2019 23:50,EURUSD,Buy,0.3,1.10076,1.1011,-2.1,0,3.4
11/25/2019 19:58,11/25/2019 23:46,EURUSD,Buy,0.3,1.10058,1.10098,-2.1,0,4
11/25/2019 17:57,11/25/2019 23:45,USDCAD,Sell,0.3,1.33098,1.33027,-2.1,0,7.1
11/25/2019 20:02,11/25/2019 23:45,AUDUSD,Buy,0.3,0.67717,0.67768,-2.1,0,5.1
11/25/2019 17:53,11/25/2019 21:12,XTIUSD,Sell,1,57.73,58.09,0,0,-36
11/25/2019 17:20,11/25/2019 21:12,XTIUSD,Sell,1,57.56,58.09,0,0,-53
11/25/2019 15:30,11/25/2019 17:00,XTIUSD,Sell,1,57.64,57.31,0,0,33
11/25/2019 16:39,11/25/2019 17:00,XTIUSD,Sell,1,57.82,57.31,0,0,51
11/25/2019 16:07,11/25/2019 16:57,USDCAD,Sell,0.3,1.33062,1.32929,-2.1,0,13.3
11/25/2019 16:22,11/25/2019 16:57,EURUSD,Buy,0.3,1.1009,1.10198,-2.1,0,10.8
11/25/2019 16:31,11/25/2019 16:54,USDCAD,Sell,0.3,1.33138,1.32972,-2.1,0,16.6
11/25/2019 08:00,11/25/2019 16:50,GBPUSD,Sell,0.3,1.28514,1.28911,-2.1,0,-39.7
11/25/2019 09:52,11/25/2019 16:22,GBPUSD,Sell,0.3,1.28623,1.28733,-2.1,0,-11
11/25/2019 15:39,11/25/2019 16:20,GBPUSD,Sell,0.3,1.28797,1.28729,-2.1,0,6.8
11/25/2019 15:37,11/25/2019 16:04,XTIUSD,Sell,1,57.75,57.24,0,0,51
11/25/2019 11:00,11/25/2019 14:23,GBPUSD,Sell,0.3,1.288,1.28708,-2.1,0,9.2
11/25/2019 11:46,11/25/2019 13:52,XAUUSD,Sell,0.1,1458.4,1457.52,-0.7,0,88
11/25/2019 03:35,11/25/2019 13:17,NZDUSD,Sell,0.3,0.64201,0.64101,-2.1,0,10
11/25/2019 10:19,11/25/2019 13:11,NZDUSD,Sell,0.3,0.64225,0.64131,-2.1,0,9.4
11/25/2019 08:08,11/25/2019 09:28,XAUUSD,Buy,0.1,1458.05,1459.24,-0.7,0,119
11/22/2019 18:59,11/25/2019 07:42,EURUSD,Buy,0.3,1.1028,1.1025,-2.1,-2.71,-3
11/22/2019 18:58,11/25/2019 07:42,EURUSD,Buy,0.3,1.10282,1.1025,-2.1,-2.71,-3.2
11/22/2019 21:46,11/25/2019 04:54,EURUSD,Buy,0.3,1.10197,1.10252,-2.1,-2.71,5.5
11/22/2019 21:48,11/25/2019 04:53,EURUSD,Buy,0.3,1.10166,1.10256,-2.1,-2.71,9
11/22/2019 17:58,11/22/2019 21:13,GBPUSD,Buy,0.3,1.28319,1.28387,-2.1,0,6.8
11/22/2019 17:59,11/22/2019 21:13,GBPUSD,Buy,0.3,1.28315,1.2839,-2.1,0,7.5
11/22/2019 18:28,11/22/2019 21:12,GBPUSD,Buy,0.3,1.28259,1.28398,-2.1,0,13.9
11/22/2019 18:06,11/22/2019 18:54,XAUUSD,Sell,0.1,1466.87,1463.53,-0.7,0,334
11/22/2019 16:22,11/22/2019 17:52,XTIUSD,Sell,1,58.51,57.87,0,0,64
11/22/2019 08:04,11/22/2019 17:44,XAUUSD,Sell,0.1,1465.92,1462.2,-0.7,0,372
11/22/2019 08:04,11/22/2019 16:47,NZDUSD,Sell,0.3,0.64075,0.64062,-2.1,0,1.3
11/22/2019 14:02,11/22/2019 16:47,EURUSD,Sell,0.3,1.10656,1.10457,-2.1,0,19.9
11/22/2019 08:12,11/22/2019 16:46,XAUUSD,Sell,0.1,1466.06,1466,-0.7,0,6
11/22/2019 11:13,11/22/2019 16:46,NZDUSD,Sell,0.3,0.64185,0.64073,-2.1,0,11.2
11/22/2019 11:18,11/22/2019 16:45,XAUUSD,Sell,0.1,1469.96,1467.41,-0.7,0,255
11/22/2019 11:20,11/22/2019 16:04,XTIUSD,Sell,1,58.28,58.67,0,0,-39
11/22/2019 11:20,11/22/2019 16:04,XTIUSD,Sell,1,58.27,58.67,0,0,-40
11/18/2019 22:00,11/22/2019 15:49,EURUSD,Sell,0.01,1.10755,1.10609,-0.07,0.32,14.6
11/18/2019 13:39,11/22/2019 15:49,EURUSD,Sell,0.01,1.10628,1.10608,-0.07,0.32,2
11/22/2019 11:18,11/22/2019 15:45,XAUUSD,Sell,0.1,1470.46,1469.1,-0.7,0,136
11/22/2019 12:12,11/22/2019 15:33,XAUUSD,Sell,0.1,1472.63,1468.95,-0.7,0,368
11/22/2019 07:35,11/22/2019 15:03,EURUSD,Sell,0.3,1.10652,1.10568,-2.1,0,8.4
11/22/2019 11:03,11/22/2019 14:48,NZDUSD,Sell,0.3,0.64202,0.64114,-2.1,0,8.8
11/22/2019 08:11,11/22/2019 14:48,EURUSD,Sell,0.3,1.10674,1.10552,-2.1,0,12.2
11/22/2019 12:57,11/22/2019 14:46,GBPUSD,Sell,0.3,1.28826,1.28525,-2.1,0,30.1
11/22/2019 07:36,11/22/2019 11:30,GBPUSD,Sell,0.3,1.29184,1.28846,-2.1,0,33.8
11/22/2019 01:44,11/22/2019 11:15,GBPUSD,Sell,0.3,1.29185,1.28956,-2.1,0,22.9
11/22/2019 01:30,11/22/2019 11:08,GBPUSD,Sell,0.3,1.2915,1.2899,-2.1,0,16
11/22/2019 02:03,11/22/2019 10:30,EURUSD,Sell,0.3,1.10652,1.10846,-2.1,0,-19.4
11/22/2019 09:03,11/22/2019 10:16,XAUUSD,Sell,0.1,1467.78,1465.95,-0.7,0,183
11/22/2019 09:09,11/22/2019 10:12,EURUSD,Sell,0.3,1.10694,1.10589,-2.1,0,10.5
11/21/2019 09:07,11/22/2019 04:27,USDJPY,Buy,0.02,108.657,108.651,-0.14,0.07,-0.6
11/14/2019 23:00,11/22/2019 04:27,USDJPY,Buy,0.01,108.437,108.651,-0.07,0.29,21.4
11/21/2019 02:30,11/22/2019 03:00,USDJPY,Sell,0.02,108.449,108.648,-0.14,-0.15,-19.9
11/18/2019 18:04,11/22/2019 02:59,EURUSD,Buy,0.03,1.10824,1.10627,-0.21,-1.74,-19.7
11/21/2019 20:36,11/22/2019 00:59,EURUSD,Buy,0.3,1.10576,1.10624,-2.1,-2.71,4.8
11/21/2019 20:36,11/22/2019 00:58,EURUSD,Buy,0.3,1.10576,1.10624,-2.1,-2.71,4.8
11/21/2019 20:31,11/21/2019 23:14,GBPUSD,Buy,0.3,1.28956,1.29066,-2.1,0,11
11/21/2019 20:31,11/21/2019 23:14,GBPUSD,Buy,0.3,1.28956,1.29067,-2.1,0,11.1
11/21/2019 20:32,11/21/2019 23:14,GBPUSD,Buy,0.3,1.28956,1.29067,-2.1,0,11.1
11/21/2019 18:07,11/21/2019 20:22,XTIUSD,Sell,1,58.07,58.37,0,0,-30
11/21/2019 18:32,11/21/2019 19:48,XTIUSD,Sell,1,57.9,58.25,0,0,-35
11/21/2019 18:05,11/21/2019 18:24,XTIUSD,Sell,1,58.07,57.8,0,0,27
11/21/2019 16:56,11/21/2019 18:04,XTIUSD,Sell,1,57.85,58.21,0,0,-36
11/21/2019 16:56,11/21/2019 18:03,XTIUSD,Sell,1,57.85,58.2,0,0,-35
11/21/2019 17:43,11/21/2019 18:03,XTIUSD,Sell,1,57.96,58.16,0,0,-20
11/21/2019 12:49,11/21/2019 17:23,GBPUSD,Sell,0.3,1.29439,1.2927,-2.1,0,16.9
11/21/2019 15:36,11/21/2019 16:41,GBPUSD,Sell,0.3,1.29637,1.29502,-2.1,0,13.5
11/21/2019 12:51,11/21/2019 16:39,NZDUSD,Sell,0.3,0.6431,0.64164,-2.1,0,14.6
11/21/2019 15:03,11/21/2019 16:32,GBPUSD,Sell,0.3,1.29655,1.29496,-2.1,0,15.9
11/21/2019 13:32,11/21/2019 15:03,EURUSD,Sell,0.3,1.1084,1.10951,-2.1,0,-11.1
11/21/2019 12:59,11/21/2019 13:36,XAUUSD,Buy,0.1,1468.42,1468.83,-0.7,0,41
11/21/2019 10:03,11/21/2019 10:43,USDJPY,Sell,0.3,108.551,108.478,-2.1,0,7.3
11/21/2019 09:58,11/21/2019 10:35,XAUUSD,Buy,0.3,1471.19,1473.85,-2.1,0,266
11/20/2019 21:12,11/21/2019 09:58,EURUSD,Sell,0.3,1.10706,1.10728,-2.1,4.4,-2.2
11/20/2019 21:13,11/21/2019 09:58,GBPUSD,Sell,0.3,1.29211,1.29296,-2.1,0.81,-8.5
11/20/2019 21:12,11/21/2019 09:58,EURUSD,Sell,0.3,1.1071,1.10733,-2.1,4.4,-2.3
11/21/2019 00:49,11/21/2019 09:55,EURUSD,Sell,0.3,1.10747,1.10733,-2.1,0,1.4
11/21/2019 02:22,11/21/2019 09:55,EURUSD,Sell,0.3,1.10774,1.10733,-2.1,0,4.1
11/21/2019 00:49,11/21/2019 09:55,GBPUSD,Sell,0.3,1.29244,1.29267,-2.1,0,-2.3
11/21/2019 01:00,11/21/2019 09:55,GBPUSD,Sell,0.3,1.29245,1.29267,-2.1,0,-2.2
11/20/2019 17:35,11/20/2019 18:31,XTIUSD,Sell,1,56.14,57.05,0,0,-91
11/20/2019 04:00,11/20/2019 17:35,USDJPY,Sell,0.02,108.442,108.696,-0.14,0,-25.4
11/20/2019 11:25,11/20/2019 14:07,GBPUSD,Sell,0.3,1.2905,1.28967,-2.1,0,8.3
11/20/2019 11:27,11/20/2019 14:07,EURUSD,Sell,0.3,1.10634,1.10579,-2.1,0,5.5
11/20/2019 11:25,11/20/2019 14:00,EURUSD,Sell,0.3,1.10634,1.10573,-2.1,0,6.1
11/20/2019 11:27,11/20/2019 14:00,GBPUSD,Sell,0.3,1.29059,1.2894,-2.1,0,11.9
11/20/2019 11:33,11/20/2019 14:00,GBPUSD,Sell,0.3,1.29067,1.28941,-2.1,0,12.6
11/20/2019 11:33,11/20/2019 13:57,EURUSD,Sell,0.3,1.10651,1.10574,-2.1,0,7.7
11/20/2019 12:08,11/20/2019 13:09,GBPUSD,Sell,0.3,1.2914,1.2899,-2.1,0,15
11/20/2019 12:34,11/20/2019 13:08,EURUSD,Sell,0.3,1.10684,1.10584,-2.1,0,10
11/18/2019 17:28,11/20/2019 11:04,USDJPY,Sell,0.03,108.62,108.37,-0.21,-0.5,25
11/20/2019 09:05,11/20/2019 10:59,GBPUSD,Sell,0.3,1.29132,1.28943,-2.1,0,18.9
11/19/2019 17:06,11/20/2019 10:49,EURUSD,Sell,0.3,1.10738,1.10582,-2.1,1.79,15.6
11/20/2019 04:59,11/20/2019 10:40,GBPUSD,Sell,0.3,1.29141,1.2889,-2.1,0,25.1
11/20/2019 09:44,11/20/2019 10:27,GBPUSD,Sell,0.3,1.29175,1.29036,-2.1,0,13.9
11/19/2019 16:57,11/20/2019 10:26,EURUSD,Sell,0.3,1.10738,1.10605,-2.1,1.79,13.3
11/20/2019 03:18,11/20/2019 10:12,EURUSD,Sell,0.3,1.10782,1.10624,-2.1,0,15.8
11/08/2019 22:00,11/20/2019 10:03,EURUSD,Buy,0.01,1.10235,1.10668,-0.07,-1.1,43.3
11/20/2019 03:26,11/20/2019 07:30,XAUUSD,Sell,0.3,1474.57,1476.02,-2.1,0,-145
11/19/2019 16:55,11/20/2019 07:30,XAUUSD,Sell,0.3,1468.79,1476.02,-2.1,2.93,-723
11/19/2019 19:24,11/20/2019 03:32,EURUSD,Sell,0.3,1.10802,1.1074,-2.1,1.79,6.2
11/20/2019 01:37,11/20/2019 03:30,GBPUSD,Sell,0.3,1.29278,1.29041,-2.1,0,23.7
11/19/2019 17:32,11/20/2019 02:14,XAUUSD,Sell,0.3,1470.32,1472.31,-2.1,2.93,-199
11/20/2019 01:10,11/20/2019 02:13,XAUUSD,Sell,0.3,1474.34,1472.74,-2.1,0,160
11/19/2019 20:02,11/20/2019 02:11,USDCAD,Sell,0.3,1.32638,1.3275,-2.1,-1.02,-11.2
11/19/2019 20:02,11/20/2019 02:11,USDCAD,Sell,0.3,1.32638,1.3275,-2.1,-1.02,-11.2
11/19/2019 20:02,11/20/2019 01:01,USDCAD,Sell,0.3,1.32644,1.3264,-2.1,-1.02,0.4
11/19/2019 20:22,11/20/2019 01:00,USDCAD,Sell,0.3,1.32655,1.32641,-2.1,-1.02,1.4
11/19/2019 17:53,11/19/2019 21:52,XAUUSD,Sell,0.3,1472.37,1473.17,-2.1,0,-80
11/19/2019 19:56,11/19/2019 21:52,XAUUSD,Sell,0.3,1474.55,1473.27,-2.1,0,128
11/19/2019 19:38,11/19/2019 19:44,XAUUSD,Sell,0.3,1473.89,1475.01,-2.1,0,-112
11/19/2019 14:00,11/19/2019 18:03,GBPUSD,Sell,0.3,1.29383,1.2932,-2.1,0,6.3
11/19/2019 13:59,11/19/2019 18:02,GBPUSD,Sell,0.3,1.29398,1.2933,-2.1,0,6.8
11/19/2019 11:22,11/19/2019 17:51,USDJPY,Buy,0.03,108.782,108.49,-0.21,0,-29.2
11/19/2019 16:13,11/19/2019 17:06,USDCAD,Sell,0.3,1.32062,1.32238,-2.1,0,-17.6
11/19/2019 13:52,11/19/2019 16:51,XAUUSD,Sell,0.3,1467.37,1470.46,-2.1,0,-309
11/19/2019 14:08,11/19/2019 16:04,XAUUSD,Sell,0.3,1468.33,1466.71,-2.1,0,162
11/19/2019 10:02,11/19/2019 12:35,GBPUSD,Sell,0.3,1.29588,1.29345,-2.1,0,24.3
11/19/2019 10:31,11/19/2019 12:35,GBPUSD,Sell,0.3,1.2961,1.29349,-2.1,0,26.1
11/19/2019 10:47,11/19/2019 12:35,XAUUSD,Sell,0.3,1468.47,1465.58,-2.1,0,289
11/19/2019 10:49,11/19/2019 11:57,XAUUSD,Sell,0.3,1468.92,1466.13,-2.1,0,279
11/19/2019 10:04,11/19/2019 11:56,XAUUSD,Sell,0.3,1469.86,1466.21,-2.1,0,365
11/18/2019 16:53,11/19/2019 11:29,XTIUSD,Buy,1,57.12,56.4,0,-0.39,-72
11/18/2019 16:53,11/19/2019 11:29,XTIUSD,Buy,1,57.13,56.4,0,-0.39,-73
11/18/2019 19:34,11/19/2019 11:28,XTIUSD,Buy,1,56.74,56.69,0,-0.39,-5
11/19/2019 02:39,11/19/2019 08:16,USDCAD,Sell,0.3,1.32124,1.32043,-2.1,0,8.1
11/19/2019 02:28,11/19/2019 08:15,USDCAD,Sell,0.3,1.32108,1.32047,-2.1,0,6.1
11/19/2019 03:13,11/19/2019 08:14,AUDUSD,Buy,0.3,0.67889,0.67987,-2.1,0,9.8
11/19/2019 03:12,11/19/2019 08:14,EURUSD,Buy,0.3,1.10653,1.10796,-2.1,0,14.3
11/19/2019 02:28,11/19/2019 08:14,USDCAD,Sell,0.3,1.32108,1.3204,-2.1,0,6.8
11/19/2019 02:31,11/19/2019 08:14,USDCAD,Sell,0.3,1.32134,1.3204,-2.1,0,9.4
11/19/2019 03:13,11/19/2019 08:11,AUDUSD,Buy,0.3,0.67889,0.67988,-2.1,0,9.9
11/19/2019 03:13,11/19/2019 08:11,GBPUSD,Buy,0.3,1.29472,1.29635,-2.1,0,16.3
11/19/2019 03:12,11/19/2019 08:11,EURUSD,Buy,0.3,1.10654,1.108,-2.1,0,14.6
11/19/2019 03:02,11/19/2019 08:10,AUDUSD,Buy,0.3,0.6789,0.67988,-2.1,0,9.8
11/19/2019 03:12,11/19/2019 08:09,EURUSD,Buy,0.3,1.10654,1.10804,-2.1,0,15
11/18/2019 13:39,11/19/2019 02:58,USDJPY,Buy,0.03,109.041,108.49,-0.21,0.13,-55.1
11/18/2019 15:41,11/19/2019 02:31,AUDUSD,Buy,0.3,0.68009,0.67947,-2.1,-1.3,-6.2
11/18/2019 19:34,11/19/2019 01:22,XTIUSD,Buy,1,56.74,56.92,0,-0.39,18
11/18/2019 19:34,11/19/2019 01:22,XTIUSD,Buy,1,56.72,56.92,0,-0.39,20
11/18/2019 18:28,11/19/2019 01:22,XTIUSD,Buy,1,56.7,56.92,0,-0.39,22
11/18/2019 15:41,11/18/2019 19:40,AUDUSD,Buy,0.3,0.68013,0.68192,-2.1,0,17.9
11/18/2019 15:34,11/18/2019 19:40,USDCAD,Sell,0.3,1.32321,1.32012,-2.1,0,30.9
11/18/2019 15:38,11/18/2019 19:35,USDCAD,Sell,0.3,1.32328,1.3202,-2.1,0,30.8
11/18/2019 15:41,11/18/2019 19:35,AUDUSD,Buy,0.3,0.68006,0.68195,-2.1,0,18.9
11/18/2019 15:34,11/18/2019 19:35,USDCAD,Sell,0.3,1.32322,1.3202,-2.1,0,30.2
11/18/2019 17:11,11/18/2019 18:04,XTIUSD,Buy,1,57.2,56.99,0,0,-21
11/18/2019 14:35,11/18/2019 15:24,XAUUSD,Buy,0.3,1458.16,1461.43,-2.1,0,327
11/18/2019 14:44,11/18/2019 15:22,XAUUSD,Buy,0.3,1457.58,1461.54,-2.1,0,396
11/18/2019 14:44,11/18/2019 15:22,XAUUSD,Buy,0.3,1457.57,1461.48,-2.1,0,391
11/18/2019 03:23,11/18/2019 15:21,USDJPY,Sell,0.3,108.824,108.869,-2.1,0,-4.5
11/18/2019 03:26,11/18/2019 15:21,USDJPY,Sell,0.3,108.82,108.866,-2.1,0,-4.6
11/18/2019 03:28,11/18/2019 15:21,USDJPY,Sell,0.3,108.803,108.866,-2.1,0,-6.3
11/18/2019 15:00,11/18/2019 15:21,XAUUSD,Buy,0.3,1457.44,1460.42,-2.1,0,298
11/18/2019 09:36,11/18/2019 15:00,USDCAD,Sell,0.3,1.32118,1.32189,-2.1,0,-7.1
11/18/2019 10:34,11/18/2019 14:41,XAUUSD,Buy,0.3,1460.58,1457.16,-2.1,0,-342
11/18/2019 14:21,11/18/2019 14:34,GBPUSD,Buy,0.3,1.29488,1.29554,-2.1,0,6.6
11/18/2019 14:21,11/18/2019 14:34,GBPUSD,Buy,0.3,1.2949,1.2956,-2.1,0,7
11/15/2019 05:01,11/18/2019 13:39,EURUSD,Buy,0.01,1.10293,1.10628,-0.07,-0.11,33.5
11/18/2019 10:35,11/18/2019 13:28,XAUUSD,Buy,0.3,1460.52,1459.2,-2.1,0,-132
11/18/2019 11:24,11/18/2019 13:28,XAUUSD,Buy,0.3,1460.22,1459.2,-2.1,0,-102
11/18/2019 12:32,11/18/2019 13:26,XAUUSD,Buy,0.3,1458.26,1459.38,-2.1,0,112
11/18/2019 12:30,11/18/2019 13:26,XAUUSD,Buy,0.3,1458.31,1459.38,-2.1,0,107
11/18/2019 13:04,11/18/2019 13:26,XAUUSD,Buy,0.3,1458.18,1459.38,-2.1,0,120
11/18/2019 10:46,11/18/2019 12:24,GBPUSD,Sell,0.3,1.29535,1.29591,-2.1,0,-5.6
11/18/2019 10:46,11/18/2019 12:24,GBPUSD,Sell,0.3,1.29535,1.29599,-2.1,0,-6.4
11/18/2019 10:57,11/18/2019 12:20,GBPUSD,Sell,0.3,1.29578,1.29626,-2.1,0,-4.8
11/18/2019 10:57,11/18/2019 12:20,GBPUSD,Sell,0.3,1.29569,1.2962,-2.1,0,-5.1
11/18/2019 12:00,11/18/2019 12:19,GBPUSD,Sell,0.3,1.29635,1.29674,-2.1,0,-3.9
11/18/2019 12:00,11/18/2019 12:19,GBPUSD,Sell,0.3,1.29635,1.29669,-2.1,0,-3.4
11/18/2019 12:03,11/18/2019 12:19,GBPUSD,Sell,0.3,1.29712,1.29669,-2.1,0,4.3
11/18/2019 12:04,11/18/2019 12:18,GBPUSD,Sell,0.3,1.2973,1.29668,-2.1,0,6.2
11/18/2019 11:43,11/18/2019 11:46,XAUUSD,Buy,0.3,1459.77,1458.99,-2.1,0,-78
11/18/2019 10:02,11/18/2019 10:45,USDJPY,Sell,0.3,108.912,108.993,-2.1,0,-8.1
11/18/2019 10:01,11/18/2019 10:25,XAUUSD,Buy,0.3,1463.74,1460,-2.1,0,-374
11/18/2019 09:24,11/18/2019 10:25,XAUUSD,Buy,0.3,1463.53,1460.04,-2.1,0,-349
11/18/2019 09:32,11/18/2019 10:17,USDCAD,Sell,0.3,1.32126,1.32136,-2.1,0,-1
11/18/2019 09:32,11/18/2019 10:17,USDCAD,Sell,0.3,1.32126,1.32136,-2.1,0,-1
11/18/2019 09:24,11/18/2019 10:00,XAUUSD,Buy,0.3,1463.51,1462.84,-2.1,0,-67
11/18/2019 09:17,11/18/2019 09:19,USDJPY,Sell,0.3,108.92,108.92,-2.1,0,0
11/18/2019 04:01,11/18/2019 09:17,XAUUSD,Buy,0.1,1465.6,1461.96,-0.7,0,-364
11/18/2019 05:23,11/18/2019 09:17,XAUUSD,Buy,0.1,1465.41,1462.01,-0.7,0,-340
11/18/2019 03:29,11/18/2019 09:17,XAUUSD,Buy,0.1,1466.85,1462.08,-0.7,0,-477
11/18/2019 06:04,11/18/2019 09:17,XAUUSD,Buy,0.3,1466.3,1462.01,-2.1,0,-429
11/18/2019 05:12,11/18/2019 09:16,USDJPY,Sell,0.3,108.812,108.871,-2.1,0,-5.9
11/18/2019 05:22,11/18/2019 09:16,USDJPY,Sell,0.3,108.806,108.871,-2.1,0,-6.5
11/18/2019 02:17,11/18/2019 09:09,XTIUSD,Sell,1,57.72,57.74,0,0,-2
11/15/2019 09:34,11/18/2019 05:13,USDCAD,Sell,0.3,1.32327,1.32187,-2.1,-1.03,14
11/15/2019 18:29,11/15/2019 18:59,XTIUSD,Sell,1,57.58,57.69,0,0,-11
11/15/2019 02:01,11/15/2019 18:15,USDJPY,Sell,0.3,108.487,108.801,-2.1,0,-31.4
11/15/2019 01:52,11/15/2019 18:15,USDJPY,Sell,0.3,108.48,108.811,-2.1,0,-33.1
11/15/2019 10:11,11/15/2019 17:35,USDCAD,Sell,0.3,1.32354,1.32285,-2.1,0,6.9
11/15/2019 16:37,11/15/2019 17:34,XAUUSD,Buy,0.3,1465.88,1468.42,-2.1,0,254
11/12/2019 14:11,11/15/2019 17:05,EURUSD,Sell,0.01,1.10124,1.10503,-0.07,0.3,-37.9
11/15/2019 11:32,11/15/2019 16:39,USDCAD,Sell,0.3,1.32482,1.3228,-2.1,0,20.2
11/15/2019 09:33,11/15/2019 15:26,EURUSD,Buy,0.3,1.10206,1.10338,-2.1,0,13.2
11/15/2019 02:38,11/15/2019 15:26,USDJPY,Sell,0.3,108.554,108.705,-2.1,0,-15.1
11/15/2019 02:38,11/15/2019 15:22,XAUUSD,Buy,0.3,1468.21,1466.29,-2.1,0,-192
11/15/2019 11:07,11/15/2019 15:22,XAUUSD,Buy,0.3,1464.23,1466.33,-2.1,0,210
11/15/2019 11:35,11/15/2019 15:02,USDCAD,Sell,0.3,1.32492,1.32415,-2.1,0,7.7
11/15/2019 09:33,11/15/2019 15:02,EURUSD,Buy,0.3,1.10206,1.10333,-2.1,0,12.7
11/15/2019 10:40,11/15/2019 15:02,EURUSD,Buy,0.3,1.10196,1.10333,-2.1,0,13.7
11/15/2019 11:33,11/15/2019 14:50,XAUUSD,Buy,0.3,1463.76,1464.74,-2.1,0,98
11/15/2019 07:42,11/15/2019 12:11,XTIUSD,Sell,1,56.99,56.47,0,0,52
11/15/2019 07:42,11/15/2019 12:11,XTIUSD,Sell,1,56.99,56.46,0,0,53
11/15/2019 07:42,11/15/2019 12:11,XTIUSD,Sell,1,56.99,56.47,0,0,52
11/06/2019 11:17,11/15/2019 12:00,USDJPY,Sell,0.01,108.985,108.685,-0.07,-0.9,30
11/06/2019 11:17,11/15/2019 12:00,USDJPY,Sell,0.01,108.984,108.685,-0.07,-0.9,29.9
11/06/2019 11:17,11/15/2019 12:00,USDJPY,Sell,0.01,108.984,108.684,-0.07,-0.9,30
11/07/2019 22:00,11/15/2019 12:00,USDJPY,Sell,0.01,109.303,108.686,-0.07,-0.65,61.7
11/06/2019 11:17,11/15/2019 12:00,USDJPY,Sell,0.01,108.984,108.686,-0.07,-0.9,29.8
11/15/2019 02:00,11/15/2019 11:06,XAUUSD,Buy,0.3,1469.49,1463.82,-2.1,0,-567
11/15/2019 02:55,11/15/2019 10:28,XAUUSD,Buy,0.3,1467.88,1466.26,-2.1,0,-162
11/15/2019 07:50,11/15/2019 10:16,USDJPY,Sell,0.3,108.584,108.504,-2.1,0,8
11/15/2019 07:50,11/15/2019 10:16,USDJPY,Sell,0.3,108.584,108.503,-2.1,0,8.1
11/15/2019 03:01,11/15/2019 10:16,USDJPY,Sell,0.3,108.573,108.503,-2.1,0,7
11/15/2019 09:03,11/15/2019 10:12,XAUUSD,Buy,0.3,1464.58,1466.11,-2.1,0,153
11/15/2019 07:51,11/15/2019 10:12,XAUUSD,Buy,0.3,1463.78,1466.12,-2.1,0,234
11/15/2019 05:24,11/15/2019 07:48,XAUUSD,Buy,0.3,1465.69,1463.54,-2.1,0,-215
11/15/2019 05:15,11/15/2019 07:34,XAUUSD,Buy,0.3,1466.15,1464.34,-2.1,0,-181
11/15/2019 01:51,11/15/2019 03:18,EURUSD,Buy,0.3,1.10201,1.10242,-2.1,0,4.1
11/15/2019 02:02,11/15/2019 03:18,EURUSD,Buy,0.3,1.10223,1.10242,-2.1,0,1.9
11/15/2019 01:51,11/15/2019 03:18,USDCAD,Sell,0.3,1.32497,1.32386,-2.1,0,11.1
11/15/2019 02:01,11/15/2019 03:18,USDCAD,Sell,0.3,1.32504,1.32386,-2.1,0,11.8
11/12/2019 21:30,11/15/2019 01:38,USDJPY,Sell,0.02,108.992,108.452,-0.14,-0.84,54
11/14/2019 05:10,11/15/2019 01:00,USDCAD,Sell,0.3,1.32577,1.32488,-2.1,-1.03,8.9
11/14/2019 04:38,11/15/2019 01:00,USDCAD,Sell,0.3,1.326,1.32484,-2.1,-1.03,11.6
11/13/2019 15:01,11/14/2019 21:59,EURUSD,Buy,0.3,1.10078,1.10221,-2.1,-10.04,14.3
11/13/2019 15:43,11/14/2019 21:59,EURUSD,Buy,0.3,1.10078,1.10226,-2.1,-10.04,14.8
11/14/2019 13:11,11/14/2019 19:39,EURUSD,Buy,0.3,1.09938,1.10158,-2.1,0,22
11/14/2019 03:54,11/14/2019 19:39,XTIUSD,Sell,1,57.59,57.01,0,0,58
11/14/2019 03:54,11/14/2019 19:39,XTIUSD,Sell,1,57.59,57.02,0,0,57
11/14/2019 13:11,11/14/2019 19:16,EURUSD,Buy,0.3,1.09938,1.10202,-2.1,0,26.4
11/14/2019 11:19,11/14/2019 19:16,EURUSD,Buy,0.3,1.1003,1.10204,-2.1,0,17.4
11/14/2019 11:12,11/14/2019 19:08,USDJPY,Sell,0.03,108.6,108.354,-0.21,0,24.6
11/14/2019 13:13,11/14/2019 14:57,EURUSD,Buy,0.3,1.09948,1.09982,-2.1,0,3.4
11/14/2019 14:01,11/14/2019 14:57,EURUSD,Buy,0.3,1.09908,1.09982,-2.1,0,7.4
11/14/2019 11:19,11/14/2019 13:10,EURUSD,Buy,0.3,1.10048,1.0991,-2.1,0,-13.8
11/14/2019 11:33,11/14/2019 13:10,EURUSD,Buy,0.3,1.10009,1.09916,-2.1,0,-9.3
11/14/2019 11:33,11/14/2019 13:10,EURUSD,Buy,0.3,1.10013,1.09916,-2.1,0,-9.7
11/13/2019 15:34,11/14/2019 10:11,EURUSD,Buy,0.3,1.10066,1.101,-2.1,-10.04,3.4
11/13/2019 15:09,11/14/2019 10:11,EURUSD,Buy,0.3,1.1008,1.101,-2.1,-10.04,2
11/14/2019 04:03,11/14/2019 09:41,EURUSD,Buy,0.3,1.10021,1.10071,-2.1,0,5
11/14/2019 04:03,11/14/2019 09:41,EURUSD,Buy,0.3,1.10022,1.1007,-2.1,0,4.8
11/14/2019 04:58,11/14/2019 09:18,EURUSD,Buy,0.3,1.10018,1.09982,-2.1,0,-3.6
11/14/2019 07:19,11/14/2019 09:18,EURUSD,Buy,0.3,1.09958,1.09983,-2.1,0,2.5
11/14/2019 07:19,11/14/2019 09:18,EURUSD,Buy,0.3,1.09958,1.09986,-2.1,0,2.8
11/14/2019 05:31,11/14/2019 07:40,XTIUSD,Sell,1,57.39,57.62,0,0,-23
11/14/2019 03:18,11/14/2019 05:05,XAUUSD,Buy,0.3,1462.42,1463.2,-2.1,0,78
11/14/2019 03:24,11/14/2019 03:58,XAUUSD,Buy,0.3,1461.65,1461.95,-2.1,0,30
11/14/2019 01:01,11/14/2019 03:42,XTIUSD,Sell,1,57.31,57.6,0,0,-29
11/13/2019 17:10,11/14/2019 03:42,XTIUSD,Sell,1,57.28,57.59,0,-3.18,-31
11/13/2019 17:02,11/14/2019 03:40,XTIUSD,Sell,1,57.21,57.57,0,-3.18,-36
11/13/2019 19:11,11/13/2019 23:07,EURUSD,Buy,0.3,1.09954,1.10061,-2.1,0,10.7
11/13/2019 16:40,11/13/2019 16:55,XAUUSD,Buy,0.3,1461.71,1463.57,-2.1,0,186
11/13/2019 14:41,11/13/2019 16:34,XTIUSD,Sell,1,56.38,56.75,0,0,-37
11/13/2019 16:05,11/13/2019 16:20,XAUUSD,Buy,0.3,1461.26,1462.54,-2.1,0,128
11/13/2019 13:30,11/13/2019 16:16,XTIUSD,Sell,1,56.39,56.44,0,0,-5
11/13/2019 10:37,11/13/2019 16:16,XTIUSD,Sell,1,56.63,56.45,0,0,18
11/13/2019 15:01,11/13/2019 16:16,XTIUSD,Sell,1,56.57,56.45,0,0,12
11/13/2019 13:30,11/13/2019 16:03,USDCAD,Sell,0.3,1.32644,1.32544,-2.1,0,10
11/13/2019 13:30,11/13/2019 16:03,USDCAD,Sell,0.3,1.32644,1.32538,-2.1,0,10.6
11/13/2019 13:29,11/13/2019 16:03,USDCAD,Sell,0.3,1.32643,1.32538,-2.1,0,10.5
11/13/2019 10:34,11/13/2019 11:47,XTIUSD,Sell,1,56.61,56.3,0,0,31
11/13/2019 10:39,11/13/2019 11:47,XTIUSD,Sell,1,56.59,56.3,0,0,29
11/13/2019 10:36,11/13/2019 11:41,XAUUSD,Buy,0.3,1458.2,1465.57,-2.1,0,737
11/13/2019 10:33,11/13/2019 11:20,XAUUSD,Buy,0.3,1458.16,1463.67,-2.1,0,551
11/13/2019 05:46,11/13/2019 07:35,XAUUSD,Buy,0.3,1458.51,1460.49,-2.1,0,198
11/13/2019 02:49,11/13/2019 06:29,EURUSD,Buy,1,1.10102,1.10136,-7,0,3.4
11/12/2019 17:46,11/13/2019 02:13,XTIUSD,Sell,1,57.33,56.66,0,-1.06,67
11/13/2019 01:02,11/13/2019 02:11,XAUUSD,Buy,0.3,1456.84,1458.15,-2.1,0,131
11/13/2019 01:02,11/13/2019 02:10,XAUUSD,Buy,0.3,1457.02,1458.19,-2.1,0,117
11/12/2019 17:46,11/13/2019 02:10,XTIUSD,Sell,1,57.33,56.65,0,-1.06,68
11/12/2019 17:46,11/13/2019 02:10,XTIUSD,Sell,1,57.33,56.65,0,-1.06,68
11/12/2019 07:45,11/12/2019 21:54,USDJPY,Buy,0.02,109.182,108.932,-0.14,0,-25
11/12/2019 08:40,11/12/2019 21:19,USDJPY,Buy,0.03,109.282,108.982,-0.21,0,-30
11/12/2019 17:45,11/12/2019 19:51,XAUUSD,Buy,0.3,1446.96,1454.37,-2.1,0,741
11/12/2019 17:46,11/12/2019 19:51,XAUUSD,Buy,0.3,1447.04,1454.45,-2.1,0,741
11/12/2019 13:17,11/12/2019 17:40,XAUUSD,Buy,0.3,1452.79,1448,-2.1,0,-479
11/12/2019 16:05,11/12/2019 17:37,XAUUSD,Buy,0.3,1455,1449.96,-2.1,0,-504
11/11/2019 17:59,11/12/2019 16:03,XTIUSD,Sell,1,57.14,57.37,0,-1.06,-23
11/12/2019 08:10,11/12/2019 12:00,XAUUSD,Buy,0.3,1451.98,1455.9,-2.1,0,392
11/12/2019 08:12,11/12/2019 11:05,XAUUSD,Buy,0.3,1451,1453.96,-2.1,0,296
11/12/2019 08:29,11/12/2019 09:09,XAUUSD,Buy,0.3,1449.42,1452.65,-2.1,0,323
11/12/2019 08:24,,,Withdrawal,0.01,0,0,0,0,0
11/11/2019 17:59,11/12/2019 04:05,XTIUSD,Sell,1,57.15,56.63,0,-1.06,52
11/11/2019 17:59,11/12/2019 04:05,XTIUSD,Sell,1,57.15,56.62,0,-1.06,53
11/11/2019 17:59,11/12/2019 01:12,XTIUSD,Sell,1,57.15,56.83,0,-1.06,32
11/11/2019 17:59,11/12/2019 01:12,XTIUSD,Sell,1,57.16,56.83,0,-1.06,33
11/11/2019 18:00,11/11/2019 18:46,XAUUSD,Buy,0.3,1449.14,1455.82,-2.1,0,668
11/11/2019 18:00,11/11/2019 18:46,XAUUSD,Buy,0.3,1449.45,1455.29,-2.1,0,584
11/11/2019 18:00,11/11/2019 18:45,XAUUSD,Buy,0.3,1449.11,1455.28,-2.1,0,617
11/07/2019 17:54,11/11/2019 08:11,USDJPY,Buy,0.03,109.3,108.99,-0.21,0.26,-31
11/06/2019 11:17,11/08/2019 18:00,USDJPY,Buy,0.01,108.984,109.147,-0.07,0.17,16.3
11/06/2019 11:17,11/08/2019 18:00,USDJPY,Buy,0.01,108.986,109.146,-0.07,0.17,16
11/08/2019 02:44,,,Withdrawal,0.01,0,0,0,0,0
11/07/2019 22:19,11/08/2019 01:03,XAUUSD,Sell,0.3,1470,1468.53,-2.1,2.93,147
11/07/2019 19:09,11/07/2019 22:32,XTIUSD,Sell,1,57.52,56.91,0,0,61
11/07/2019 19:09,11/07/2019 22:30,XTIUSD,Sell,1,57.53,56.91,0,0,62
11/07/2019 19:24,11/07/2019 22:30,XTIUSD,Sell,1,57.59,56.91,0,0,68
11/07/2019 20:00,11/07/2019 21:50,XTIUSD,Sell,1,57.68,56.97,0,0,71
11/07/2019 19:24,11/07/2019 21:50,XTIUSD,Sell,1,57.59,56.96,0,0,63
11/07/2019 20:03,11/07/2019 21:45,XTIUSD,Sell,1,57.68,57,0,0,68
11/07/2019 20:00,11/07/2019 21:45,XTIUSD,Sell,1,57.68,57,0,0,68
11/07/2019 20:00,11/07/2019 21:45,XTIUSD,Sell,1,57.67,57,0,0,67
11/07/2019 19:26,11/07/2019 21:45,XTIUSD,Sell,1,57.63,57,0,0,63
11/07/2019 19:10,11/07/2019 21:45,XTIUSD,Sell,1,57.56,57,0,0,56
11/07/2019 19:09,11/07/2019 21:45,XTIUSD,Sell,1,57.54,57,0,0,54
11/07/2019 19:08,11/07/2019 21:45,XTIUSD,Sell,1,57.52,57,0,0,52
11/07/2019 19:08,11/07/2019 21:45,XTIUSD,Sell,1,57.52,57,0,0,52
11/07/2019 19:08,11/07/2019 21:45,XTIUSD,Sell,1,57.52,57,0,0,52
11/07/2019 04:41,11/07/2019 19:46,EURUSD,Sell,0.03,1.1062,1.10384,-0.21,0,23.6
11/06/2019 11:17,11/07/2019 11:01,EURUSD,Sell,0.01,1.10886,1.10812,-0.07,0.18,7.4
11/06/2019 11:17,11/07/2019 11:01,EURUSD,Sell,0.01,1.1089,1.10812,-0.07,0.18,7.8
11/06/2019 11:17,11/07/2019 11:01,EURUSD,Sell,0.01,1.10886,1.10812,-0.07,0.18,7.4
11/06/2019 11:17,11/07/2019 11:01,EURUSD,Sell,0.01,1.10886,1.10812,-0.07,0.18,7.4
11/06/2019 11:17,11/07/2019 11:01,EURUSD,Sell,0.01,1.10886,1.10817,-0.07,0.18,6.9
11/06/2019 11:17,11/07/2019 11:01,EURUSD,Sell,0.01,1.10886,1.10817,-0.07,0.18,6.9
11/06/2019 11:17,11/07/2019 11:01,EURUSD,Sell,0.01,1.10886,1.10818,-0.07,0.18,6.8
11/06/2019 11:17,11/07/2019 11:01,EURUSD,Sell,0.01,1.10886,1.10818,-0.07,0.18,6.8
11/07/2019 02:18,11/07/2019 09:22,USDJPY,Sell,0.02,108.893,108.893,-0.14,0,0
11/06/2019 06:08,,,Deposit,0,0,0,0,0,0
