Open Date,Close Date,Symbol,Action,Lots,Open Price,Close Price
12/06/2019 20:01,12/06/2019 23:18,GBPUSD,Sell,0.1,1.31355,1.31358
12/06/2019 20:06,12/06/2019 23:18,GBPUSD,Sell,0.1,1.31383,1.31359
12/06/2019 20:56,12/06/2019 23:18,GBPUSD,Sell,0.2,1.31363,1.31359
12/06/2019 20:56,12/06/2019 23:18,GBPUSD,Sell,0.2,1.31363,1.31359
12/06/2019 20:56,12/06/2019 23:18,GBPUSD,Sell,0.2,1.31363,1.31359
12/06/2019 20:56,12/06/2019 23:18,GBPUSD,Sell,0.2,1.31362,1.31358
12/06/2019 20:56,12/06/2019 23:18,GBPUSD,Sell,0.2,1.31362,1.31358
12/06/2019 21:02,12/06/2019 23:18,GBPUSD,Sell,0.2,1.31374,1.31358
12/06/2019 21:07,12/06/2019 23:18,GBPUSD,Sell,0.2,1.31384,1.31358
12/06/2019 15:51,12/06/2019 16:08,GBPUSD,Sell,0.1,1.31294,1.31201
12/06/2019 12:37,12/06/2019 14:34,GBPUSD,Buy,0.1,1.31389,1.31392
12/06/2019 13:44,12/06/2019 14:29,GBPUSD,Buy,0.1,1.31319,1.31356
12/06/2019 13:06,12/06/2019 13:10,GBPUSD,Buy,0.1,1.31317,1.31336
12/06/2019 13:00,12/06/2019 13:04,GBPUSD,Buy,0.1,1.3131,1.31342
12/05/2019 16:54,12/05/2019 17:45,GBPUSD,Buy,0.1,1.31566,1.31468
12/05/2019 17:09,12/05/2019 17:45,GBPUSD,Buy,0.1,1.31444,1.31468
12/05/2019 17:11,12/05/2019 17:45,GBPUSD,Buy,0.1,1.31403,1.31445
12/05/2019 17:32,12/05/2019 17:45,GBPUSD,Buy,0.1,1.31323,1.31441
12/05/2019 17:03,12/05/2019 17:44,GBPUSD,Buy,0.1,1.31512,1.3144
12/05/2019 17:32,12/05/2019 17:44,GBPUSD,Buy,0.1,1.31323,1.31441
12/05/2019 09:10,12/05/2019 10:19,GBPUSD,Buy,0.1,1.31268,1.31401
12/04/2019 11:18,12/04/2019 11:58,GBPUSD,Buy,0.1,1.30431,1.30493
12/04/2019 11:32,12/04/2019 11:58,GBPUSD,Buy,0.1,1.30435,1.30497
12/04/2019 10:59,12/04/2019 11:01,GBPUSD,Buy,0.1,1.30475,1.30564
12/04/2019 10:08,12/04/2019 10:21,GBPUSD,Buy,0.1,1.3015,1.30401
12/04/2019 09:27,12/04/2019 10:08,GBPUSD,Buy,0.1,1.29907,1.30005
12/04/2019 09:32,12/04/2019 09:57,GBPUSD,Buy,0.1,1.29884,1.29935
12/03/2019 10:57,12/03/2019 13:27,GBPUSD,Buy,0.1,1.29872,1.29928
12/03/2019 12:28,12/03/2019 13:27,GBPUSD,Buy,0.1,1.29829,1.29929
12/03/2019 12:43,12/03/2019 13:03,GBPUSD,Buy,0.1,1.29771,1.29846
12/03/2019 11:14,12/03/2019 11:50,GBPUSD,Buy,0.1,1.29786,1.2982
12/03/2019 11:31,12/03/2019 11:50,GBPUSD,Buy,0.1,1.29754,1.29809
12/03/2019 10:00,12/03/2019 10:21,GBPUSD,Buy,0.1,1.29715,1.29744
12/02/2019 19:29,12/02/2019 20:23,GBPUSD,Sell,0.1,1.29381,1.29346
12/02/2019 20:10,12/02/2019 20:23,GBPUSD,Sell,0.1,1.29381,1.29346
12/02/2019 19:31,12/02/2019 19:55,GBPUSD,Sell,0.1,1.29394,1.29317
12/02/2019 16:53,12/02/2019 17:00,GBPUSD,Buy,0.1,1.29277,1.29377
12/02/2019 13:58,12/02/2019 14:51,GBPUSD,Buy,0.1,1.29189,1.29289
11/29/2019 09:11,11/29/2019 11:36,GBPUSD,Sell,0.1,1.29069,1.28969
11/28/2019 15:03,11/29/2019 00:38,GBPUSD,Buy,0.1,1.29163,1.29107
11/28/2019 16:58,11/28/2019 21:57,GBPUSD,Buy,0.1,1.29086,1.29098
11/28/2019 18:32,11/28/2019 20:34,GBPUSD,Buy,0.1,1.2903,1.29077
11/27/2019 13:41,11/27/2019 15:33,GBPUSD,Sell,0.1,1.28793,1.28761
11/27/2019 14:59,11/27/2019 15:19,GBPUSD,Sell,0.1,1.28861,1.28825
11/27/2019 13:57,11/27/2019 14:12,GBPUSD,Sell,0.1,1.28884,1.28808
11/27/2019 13:51,11/27/2019 14:12,GBPUSD,Sell,0.1,1.28834,1.28808
11/27/2019 11:53,11/27/2019 12:36,GBPUSD,Buy,0.05,1.28639,1.28712
11/27/2019 07:57,11/27/2019 09:26,GBPUSD,Sell,0.05,1.28468,1.28405
11/26/2019 15:13,11/26/2019 16:41,GBPUSD,Sell,0.05,1.28548,1.28448
11/25/2019 11:28,11/25/2019 13:53,GBPUSD,Sell,0.05,1.28784,1.28753
11/25/2019 12:45,11/25/2019 13:53,GBPUSD,Sell,0.05,1.28806,1.28752
11/22/2019 14:54,11/22/2019 15:27,GBPUSD,Sell,0.1,1.28588,1.28561
11/22/2019 11:21,11/22/2019 11:34,GBPUSD,Sell,0.1,1.28896,1.28761
11/22/2019 11:06,11/22/2019 11:13,GBPUSD,Sell,0.1,1.29016,1.28974
11/22/2019 08:30,11/22/2019 10:58,GBPUSD,Sell,0.05,1.29211,1.29177
11/21/2019 10:01,11/21/2019 11:20,GBPUSD,Buy,0.05,1.29398,1.29418
11/21/2019 10:01,11/21/2019 11:04,GBPUSD,Buy,0.05,1.29362,1.29413
11/20/2019 10:57,11/20/2019 14:01,GBPUSD,Sell,0.05,1.28906,1.28963
11/20/2019 11:04,11/20/2019 14:00,GBPUSD,Sell,0.05,1.28952,1.28962
11/20/2019 11:21,11/20/2019 14:00,GBPUSD,Sell,0.05,1.29002,1.28954
11/20/2019 11:30,11/20/2019 14:00,GBPUSD,Sell,0.05,1.29041,1.28954
11/20/2019 12:15,11/20/2019 14:00,GBPUSD,Sell,0.05,1.29122,1.28951
11/20/2019 13:16,11/20/2019 14:00,GBPUSD,Sell,0.1,1.29013,1.28952
11/20/2019 08:02,11/20/2019 10:44,GBPUSD,Sell,0.1,1.29051,1.2892
11/20/2019 10:02,11/20/2019 10:14,GBPUSD,Sell,0.1,1.2916,1.29095
11/19/2019 10:21,11/19/2019 11:40,GBPUSD,Sell,0.1,1.29519,1.29469
11/19/2019 10:25,11/19/2019 11:40,GBPUSD,Sell,0.1,1.29548,1.29471
11/19/2019 02:55,11/19/2019 05:32,GBPUSD,Buy,0.05,1.29518,1.29532
11/19/2019 03:26,11/19/2019 05:32,GBPUSD,Buy,0.05,1.29471,1.29532
11/18/2019 08:09,11/18/2019 09:13,GBPUSD,Buy,0.05,1.29283,1.29479
11/18/2019 01:05,11/18/2019 04:02,GBPUSD,Buy,0.05,1.29154,1.29207
11/15/2019 21:56,,,Withdrawal,0.01,0,0
11/15/2019 09:06,11/15/2019 16:02,GBPUSD,Buy,0.05,1.28812,1.28878
11/15/2019 08:56,11/15/2019 16:02,GBPUSD,Buy,0.05,1.28851,1.28872
11/15/2019 15:32,11/15/2019 15:59,GBPUSD,Buy,0.1,1.28752,1.28852
11/15/2019 15:26,11/15/2019 15:59,GBPUSD,Buy,0.05,1.28789,1.28852
11/15/2019 14:39,11/15/2019 15:04,GBPUSD,Buy,0.1,1.28779,1.28806
11/15/2019 10:35,11/15/2019 15:03,GBPUSD,Buy,0.05,1.28712,1.28805
11/15/2019 09:36,11/15/2019 14:06,GBPUSD,Buy,0.05,1.28754,1.2878
11/15/2019 12:14,11/15/2019 14:06,GBPUSD,Buy,0.1,1.28712,1.28784
11/14/2019 18:12,11/14/2019 18:29,GBPUSD,Buy,0.05,1.28655,1.28772
11/14/2019 18:12,11/14/2019 18:28,GBPUSD,Buy,0.05,1.28653,1.28765
11/14/2019 18:13,11/14/2019 18:28,GBPUSD,Buy,0.1,1.28686,1.28767
11/14/2019 18:13,11/14/2019 18:28,GBPUSD,Buy,0.1,1.28686,1.28766
11/14/2019 18:08,11/14/2019 18:12,GBPUSD,Sell,0.05,1.28598,1.28647
11/14/2019 17:33,11/14/2019 18:11,GBPUSD,Sell,0.05,1.28498,1.28645
11/14/2019 17:54,11/14/2019 18:11,GBPUSD,Sell,0.05,1.28533,1.28649
11/14/2019 16:35,11/14/2019 17:00,GBPUSD,Sell,0.05,1.28433,1.28413
11/14/2019 16:45,11/14/2019 16:55,GBPUSD,Sell,0.05,1.28487,1.28442
11/13/2019 11:52,11/14/2019 11:30,GBPUSD,Buy,0.1,1.28556,1.28523
11/13/2019 11:53,11/14/2019 11:30,GBPUSD,Buy,0.1,1.28573,1.28526
11/13/2019 11:53,11/14/2019 11:30,GBPUSD,Buy,0.1,1.28577,1.28531
11/13/2019 11:59,11/14/2019 11:30,GBPUSD,Buy,0.05,1.28536,1.28539
11/13/2019 11:58,11/14/2019 11:30,GBPUSD,Buy,0.05,1.28538,1.2854
11/14/2019 07:59,11/14/2019 11:30,GBPUSD,Buy,0.05,1.28301,1.28543
11/14/2019 08:01,11/14/2019 11:30,GBPUSD,Buy,0.05,1.28294,1.28543
11/13/2019 12:14,11/13/2019 22:58,GBPUSD,Buy,0.05,1.28444,1.28515
11/13/2019 12:14,11/13/2019 22:58,GBPUSD,Buy,0.05,1.28445,1.28514
11/13/2019 17:16,11/13/2019 22:40,GBPUSD,Buy,0.05,1.28311,1.28463
11/13/2019 17:16,11/13/2019 22:40,GBPUSD,Buy,0.05,1.2832,1.28462
11/13/2019 17:17,11/13/2019 22:40,GBPUSD,Buy,0.05,1.28275,1.28462
11/13/2019 17:17,11/13/2019 22:40,GBPUSD,Buy,0.05,1.28288,1.28462
11/13/2019 10:41,11/13/2019 11:58,GBPUSD,Sell,0.05,1.28306,1.28534
11/13/2019 11:34,11/13/2019 11:58,GBPUSD,Sell,0.05,1.28394,1.28549
11/13/2019 11:34,11/13/2019 11:54,GBPUSD,Sell,0.05,1.28428,1.28574
11/13/2019 11:42,11/13/2019 11:54,GBPUSD,Sell,0.05,1.28487,1.28574
11/13/2019 11:38,11/13/2019 11:53,GBPUSD,Sell,0.05,1.28464,1.28573
11/13/2019 11:42,11/13/2019 11:53,GBPUSD,Sell,0.05,1.28492,1.28567
11/12/2019 12:07,11/12/2019 16:25,GBPUSD,Buy,0.05,1.28415,1.28443
11/12/2019 12:16,11/12/2019 16:13,GBPUSD,Buy,0.05,1.28336,1.28436
11/07/2019 10:55,11/07/2019 12:10,GBPUSD,Buy,0.05,1.28699,1.2875
11/07/2019 11:45,11/07/2019 12:00,GBPUSD,Buy,0.05,1.28644,1.28673
11/06/2019 12:40,11/06/2019 12:53,GBPUSD,Buy,0.05,1.28807,1.28863
11/05/2019 11:54,11/05/2019 15:58,GBPUSD,Sell,0.05,1.28893,1.28916
11/05/2019 03:58,11/05/2019 15:58,GBPUSD,Sell,0.05,1.28836,1.2892
11/05/2019 12:05,11/05/2019 15:58,GBPUSD,Sell,0.05,1.28934,1.2891
11/05/2019 15:14,11/05/2019 15:58,GBPUSD,Sell,0.05,1.28999,1.2891
11/05/2019 13:52,11/05/2019 14:42,GBPUSD,Sell,0.05,1.29087,1.28969
11/05/2019 12:22,11/05/2019 14:42,GBPUSD,Sell,0.05,1.29004,1.28968
11/05/2019 09:58,11/05/2019 10:46,GBPUSD,Sell,0.05,1.28934,1.28837
11/04/2019 17:37,11/04/2019 17:52,GBPUSD,Buy,0.05,1.29047,1.29147
11/01/2019 16:00,11/01/2019 16:50,GBPUSD,Buy,0.05,1.29622,1.29591
11/01/2019 16:00,11/01/2019 16:50,GBPUSD,Buy,0.05,1.29628,1.2959
11/01/2019 16:00,11/01/2019 16:50,GBPUSD,Buy,0.05,1.29632,1.2959
11/01/2019 16:00,11/01/2019 16:50,GBPUSD,Buy,0.05,1.29617,1.2959
11/01/2019 16:27,11/01/2019 16:49,GBPUSD,Buy,0.05,1.29573,1.2959
11/01/2019 16:36,11/01/2019 16:49,GBPUSD,Buy,0.05,1.29561,1.29594
11/01/2019 16:27,11/01/2019 16:49,GBPUSD,Buy,0.05,1.29573,1.29591
11/01/2019 16:43,11/01/2019 16:49,GBPUSD,Buy,0.05,1.29525,1.29599
11/01/2019 16:36,11/01/2019 16:49,GBPUSD,Buy,0.05,1.2956,1.29598
11/01/2019 16:43,11/01/2019 16:49,GBPUSD,Buy,0.05,1.29525,1.29599
11/01/2019 16:05,11/01/2019 16:22,GBPUSD,Buy,0.05,1.29603,1.29637
11/01/2019 16:05,11/01/2019 16:22,GBPUSD,Buy,0.05,1.29596,1.29641
11/01/2019 16:08,11/01/2019 16:22,GBPUSD,Buy,0.05,1.29577,1.29642
11/01/2019 16:11,11/01/2019 16:22,GBPUSD,Buy,0.05,1.29534,1.29642
11/01/2019 16:08,11/01/2019 16:22,GBPUSD,Buy,0.05,1.29584,1.29642
11/01/2019 16:11,11/01/2019 16:22,GBPUSD,Buy,0.05,1.29534,1.29642
11/01/2019 15:03,11/01/2019 16:00,GBPUSD,Sell,0.05,1.29436,1.29609
11/01/2019 14:59,11/01/2019 16:00,GBPUSD,Sell,0.05,1.29379,1.29609
11/01/2019 15:18,11/01/2019 15:37,GBPUSD,Sell,0.05,1.29503,1.29479
11/01/2019 15:23,11/01/2019 15:37,GBPUSD,Sell,0.05,1.29558,1.29479
11/01/2019 15:29,11/01/2019 15:37,GBPUSD,Sell,0.05,1.29546,1.2948
11/01/2019 13:23,11/01/2019 14:17,GBPUSD,Buy,0.05,1.29545,1.29628
11/01/2019 06:43,,,Withdrawal,0.01,0,0
10/31/2019 14:07,10/31/2019 14:55,GBPUSD,Sell,0.05,1.29621,1.29542
10/31/2019 13:54,10/31/2019 14:55,GBPUSD,Sell,0.05,1.29542,1.29542
10/31/2019 14:24,10/31/2019 14:53,GBPUSD,Sell,0.05,1.29742,1.29622
10/30/2019 08:55,10/30/2019 09:58,GBPUSD,Buy,0.05,1.28813,1.28913
10/29/2019 21:18,,,Withdrawal,0.01,0,0
10/29/2019 16:03,10/29/2019 16:13,GBPUSD,Buy,0.05,1.28734,1.28811
10/29/2019 15:55,10/29/2019 16:13,GBPUSD,Buy,0.05,1.28797,1.28809
10/29/2019 12:54,10/29/2019 12:59,GBPUSD,Buy,0.05,1.2844,1.28695
10/29/2019 12:54,10/29/2019 12:59,GBPUSD,Buy,0.05,1.28443,1.28675
10/29/2019 12:55,10/29/2019 12:59,GBPUSD,Buy,0.05,1.28436,1.28662
10/29/2019 12:47,10/29/2019 12:54,GBPUSD,Sell,0.05,1.28289,1.28452
10/29/2019 11:36,10/29/2019 12:54,GBPUSD,Sell,0.05,1.2817,1.28454
10/29/2019 11:42,10/29/2019 11:59,GBPUSD,Sell,0.05,1.2823,1.2822
10/28/2019 16:35,10/28/2019 17:21,GBPUSD,Buy,0.05,1.28765,1.28677
10/28/2019 16:39,10/28/2019 17:21,GBPUSD,Buy,0.05,1.28708,1.28675
10/28/2019 16:58,10/28/2019 17:16,GBPUSD,Buy,0.05,1.28539,1.28679
10/28/2019 16:40,10/28/2019 17:16,GBPUSD,Buy,0.05,1.28608,1.28676
10/28/2019 16:46,10/28/2019 17:16,GBPUSD,Buy,0.05,1.28572,1.28671
10/28/2019 17:00,10/28/2019 17:16,GBPUSD,Buy,0.05,1.2855,1.28668
10/28/2019 16:40,10/28/2019 17:16,GBPUSD,Buy,0.05,1.28639,1.28668
10/28/2019 16:39,10/28/2019 17:16,GBPUSD,Buy,0.05,1.28648,1.28659
10/28/2019 11:06,10/28/2019 12:26,GBPUSD,Sell,0.05,1.2828,1.2824
10/28/2019 11:12,10/28/2019 12:26,GBPUSD,Sell,0.05,1.28302,1.28247
10/28/2019 11:12,10/28/2019 12:26,GBPUSD,Sell,0.05,1.28324,1.28249
10/28/2019 11:24,10/28/2019 12:21,GBPUSD,Sell,0.05,1.2838,1.28369
10/28/2019 11:44,10/28/2019 12:21,GBPUSD,Sell,0.05,1.2848,1.2837
10/28/2019 11:39,10/28/2019 12:21,GBPUSD,Sell,0.05,1.28404,1.2837
10/28/2019 11:40,10/28/2019 12:21,GBPUSD,Sell,0.05,1.28421,1.28365
10/28/2019 11:39,10/28/2019 12:21,GBPUSD,Sell,0.05,1.28402,1.2837
10/28/2019 11:40,10/28/2019 12:21,GBPUSD,Sell,0.05,1.28417,1.28365
10/28/2019 11:40,10/28/2019 12:21,GBPUSD,Sell,0.05,1.28447,1.28363
10/28/2019 11:40,10/28/2019 12:21,GBPUSD,Sell,0.05,1.28443,1.28364
10/28/2019 06:38,10/28/2019 08:58,GBPUSD,Buy,0.05,1.28204,1.28304
10/25/2019 08:58,10/25/2019 09:38,GBPUSD,Buy,0.05,1.28475,1.28575
10/24/2019 17:00,10/24/2019 17:18,GBPUSD,Sell,0.05,1.28627,1.28547
10/24/2019 17:01,10/24/2019 17:18,GBPUSD,Sell,0.05,1.28673,1.28548
10/24/2019 05:04,10/24/2019 09:59,GBPUSD,Buy,0.05,1.29252,1.29352
10/23/2019 20:33,,,Withdrawal,0.01,0,0
10/23/2019 14:39,10/23/2019 20:17,GBPUSD,Sell,0.05,1.28688,1.28794
10/23/2019 20:01,10/23/2019 20:08,GBPUSD,Sell,0.05,1.28775,1.28754
10/23/2019 20:01,10/23/2019 20:08,GBPUSD,Sell,0.05,1.28777,1.28757
10/23/2019 20:06,10/23/2019 20:08,GBPUSD,Sell,0.05,1.28859,1.28766
10/23/2019 20:06,10/23/2019 20:08,GBPUSD,Sell,0.05,1.28856,1.28774
10/23/2019 20:06,10/23/2019 20:08,GBPUSD,Sell,0.05,1.28856,1.28765
10/23/2019 17:45,10/23/2019 19:35,GBPUSD,Sell,0.05,1.28768,1.28762
10/23/2019 17:47,10/23/2019 19:35,GBPUSD,Sell,0.05,1.28814,1.28758
10/23/2019 17:49,10/23/2019 19:35,GBPUSD,Sell,0.05,1.28855,1.28755
10/23/2019 15:12,10/23/2019 17:31,GBPUSD,Sell,0.05,1.28742,1.28737
10/23/2019 15:29,10/23/2019 17:30,GBPUSD,Sell,0.05,1.28768,1.28742
10/23/2019 15:39,10/23/2019 17:30,GBPUSD,Sell,0.05,1.28837,1.28739
10/23/2019 15:42,10/23/2019 17:30,GBPUSD,Sell,0.05,1.28878,1.28738
10/23/2019 14:49,10/23/2019 14:56,GBPUSD,Sell,0.05,1.28759,1.28683
10/23/2019 13:41,10/23/2019 14:02,GBPUSD,Sell,0.05,1.28718,1.28596
10/23/2019 13:33,10/23/2019 13:39,GBPUSD,Sell,0.05,1.28739,1.28668
10/23/2019 08:19,10/23/2019 11:51,GBPUSD,Sell,0.05,1.28557,1.28463
10/23/2019 11:01,10/23/2019 11:33,GBPUSD,Sell,0.05,1.28665,1.28546
10/23/2019 10:48,10/23/2019 10:59,GBPUSD,Sell,0.05,1.28676,1.28591
10/23/2019 10:53,10/23/2019 10:56,GBPUSD,Sell,0.05,1.28712,1.28668
10/23/2019 09:12,10/23/2019 10:28,GBPUSD,Sell,0.05,1.28742,1.28619
10/23/2019 01:03,10/23/2019 05:55,GBPUSD,Sell,0.05,1.28693,1.28521
10/22/2019 14:00,10/22/2019 14:28,GBPUSD,Buy,0.05,1.29563,1.29554
10/22/2019 14:19,10/22/2019 14:28,GBPUSD,Buy,0.05,1.29518,1.29553
10/22/2019 14:22,10/22/2019 14:28,GBPUSD,Buy,0.05,1.2946,1.29553
10/22/2019 10:48,10/22/2019 11:01,GBPUSD,Sell,0.05,1.29421,1.29417
10/22/2019 10:52,10/22/2019 11:01,GBPUSD,Sell,0.05,1.29502,1.29427
10/21/2019 14:58,10/21/2019 17:10,GBPUSD,Buy,0.05,1.30092,1.30059
10/21/2019 16:09,10/21/2019 17:10,GBPUSD,Buy,0.05,1.29806,1.30058
10/21/2019 15:01,10/21/2019 15:28,GBPUSD,Buy,0.05,1.29984,1.30106
10/21/2019 11:00,10/21/2019 11:16,GBPUSD,Buy,0.05,1.29552,1.29828
10/21/2019 09:08,10/21/2019 10:29,GBPUSD,Buy,0.05,1.29118,1.29245
10/21/2019 09:15,10/21/2019 10:29,GBPUSD,Buy,0.05,1.29059,1.29244
10/20/2019 00:40,,,Withdrawal,0.01,0,0
10/18/2019 17:03,10/18/2019 17:26,GBPUSD,Buy,0.05,1.28882,1.28982
10/18/2019 12:06,10/18/2019 12:40,GBPUSD,Buy,0.05,1.28837,1.28959
10/17/2019 21:27,,,Withdrawal,0.01,0,0
10/17/2019 14:51,10/17/2019 19:40,GBPUSD,Buy,0.05,1.28703,1.28589
10/17/2019 18:40,10/17/2019 19:40,GBPUSD,Buy,0.05,1.28544,1.28589
10/17/2019 19:05,10/17/2019 19:24,GBPUSD,Buy,0.05,1.28467,1.28524
10/17/2019 19:07,10/17/2019 19:18,GBPUSD,Buy,0.05,1.28405,1.28491
10/17/2019 18:46,10/17/2019 18:54,GBPUSD,Buy,0.05,1.28476,1.28545
10/17/2019 17:30,10/17/2019 18:30,GBPUSD,Buy,0.05,1.28574,1.28621
10/17/2019 17:57,10/17/2019 18:22,GBPUSD,Buy,0.05,1.28485,1.28559
10/17/2019 18:00,10/17/2019 18:22,GBPUSD,Buy,0.05,1.28428,1.28571
10/17/2019 18:04,10/17/2019 18:19,GBPUSD,Buy,0.05,1.28349,1.28396
10/17/2019 18:13,10/17/2019 18:19,GBPUSD,Buy,0.05,1.28249,1.28403
10/17/2019 14:55,10/17/2019 17:24,GBPUSD,Buy,0.05,1.2855,1.28684
10/17/2019 17:10,10/17/2019 17:24,GBPUSD,Buy,0.05,1.28337,1.28717
10/17/2019 15:10,10/17/2019 16:54,GBPUSD,Buy,0.05,1.28066,1.28335
10/17/2019 15:41,10/17/2019 16:54,GBPUSD,Buy,0.05,1.27849,1.28341
10/17/2019 15:00,10/17/2019 15:24,GBPUSD,Buy,0.05,1.2849,1.27924
10/17/2019 15:11,10/17/2019 15:24,GBPUSD,Buy,0.05,1.27879,1.27927
10/17/2019 15:07,10/17/2019 15:24,GBPUSD,Buy,0.05,1.282,1.27938
10/17/2019 15:17,10/17/2019 15:24,GBPUSD,Buy,0.05,1.2771,1.27946
10/17/2019 15:17,10/17/2019 15:24,GBPUSD,Buy,0.05,1.27617,1.27955
10/17/2019 15:17,10/17/2019 15:24,GBPUSD,Buy,0.05,1.2768,1.27954
10/17/2019 15:17,10/17/2019 15:24,GBPUSD,Buy,0.05,1.27628,1.27955
10/17/2019 13:52,10/17/2019 13:59,GBPUSD,Buy,0.05,1.28773,1.28826
10/17/2019 10:18,10/17/2019 12:22,GBPUSD,Buy,0.05,1.27855,1.28159
10/16/2019 21:09,,,Withdrawal,0.01,0,0
10/16/2019 20:42,10/16/2019 20:43,GBPUSD,Sell,0.05,1.28676,1.28338
10/16/2019 18:33,10/16/2019 20:43,GBPUSD,Sell,0.05,1.28376,1.28276
10/16/2019 19:33,10/16/2019 20:43,GBPUSD,Sell,0.05,1.28517,1.28417
10/16/2019 19:46,10/16/2019 19:52,GBPUSD,Sell,0.05,1.28593,1.28507
10/16/2019 19:47,10/16/2019 19:52,GBPUSD,Sell,0.05,1.28676,1.28513
10/16/2019 18:49,10/16/2019 18:52,GBPUSD,Sell,0.05,1.28676,1.28509
10/16/2019 15:37,10/16/2019 16:48,GBPUSD,Buy,0.05,1.27846,1.28248
10/16/2019 15:31,10/16/2019 16:48,GBPUSD,Buy,0.05,1.28048,1.28248
10/16/2019 15:24,10/16/2019 15:25,GBPUSD,Buy,0.05,1.28128,1.28328
10/16/2019 11:28,10/16/2019 12:56,GBPUSD,Buy,0.05,1.27319,1.27519
10/16/2019 12:02,10/16/2019 12:11,GBPUSD,Buy,0.05,1.267,1.27084
10/15/2019 17:29,10/15/2019 17:48,GBPUSD,Buy,0.05,1.273,1.27653
10/15/2019 17:27,10/15/2019 17:48,GBPUSD,Buy,0.05,1.27553,1.27653
10/15/2019 13:53,,,Withdrawal,0.01,0,0
10/15/2019 09:52,10/15/2019 13:51,GBPUSD,Buy,0.05,1.26682,1.26691
10/15/2019 12:20,10/15/2019 13:28,GBPUSD,Buy,0.05,1.2616,1.26572
10/15/2019 12:20,10/15/2019 13:28,GBPUSD,Buy,0.05,1.26159,1.26585
10/15/2019 12:20,10/15/2019 13:28,GBPUSD,Buy,0.05,1.26161,1.26578
10/15/2019 12:20,10/15/2019 13:28,GBPUSD,Buy,0.05,1.2616,1.26592
10/15/2019 12:24,10/15/2019 13:28,GBPUSD,Buy,0.05,1.26254,1.26616
10/15/2019 12:24,10/15/2019 13:28,GBPUSD,Buy,0.05,1.26259,1.26615
10/15/2019 12:24,10/15/2019 13:28,GBPUSD,Buy,0.05,1.26259,1.26626
10/15/2019 12:20,10/15/2019 13:28,GBPUSD,Buy,0.05,1.2616,1.26626
10/15/2019 12:24,10/15/2019 13:28,GBPUSD,Buy,0.05,1.2626,1.2662
10/15/2019 12:24,10/15/2019 13:28,GBPUSD,Buy,0.05,1.26259,1.26621
10/15/2019 12:17,10/15/2019 13:28,GBPUSD,Buy,0.05,1.26381,1.26566
10/15/2019 12:17,10/15/2019 13:28,GBPUSD,Buy,0.05,1.26381,1.26566
10/15/2019 12:17,10/15/2019 13:28,GBPUSD,Buy,0.05,1.26381,1.26566
10/15/2019 12:17,10/15/2019 13:28,GBPUSD,Buy,0.05,1.26381,1.26566
10/15/2019 12:17,10/15/2019 13:28,GBPUSD,Buy,0.05,1.26382,1.26566
10/15/2019 10:23,10/15/2019 13:28,GBPUSD,Buy,0.05,1.26385,1.26566
10/15/2019 12:17,10/15/2019 13:28,GBPUSD,Buy,0.05,1.26408,1.26566
10/15/2019 12:17,10/15/2019 13:28,GBPUSD,Buy,0.05,1.26418,1.26566
10/15/2019 10:21,10/15/2019 13:28,GBPUSD,Buy,0.05,1.2646,1.26566
10/14/2019 21:29,,,Withdrawal,0.01,0,0
10/14/2019 13:41,10/14/2019 16:48,GBPUSD,Buy,0.05,1.25605,1.25975
10/14/2019 13:41,10/14/2019 16:48,GBPUSD,Buy,0.05,1.25605,1.25975
10/14/2019 13:41,10/14/2019 16:48,GBPUSD,Buy,0.05,1.25605,1.25975
10/14/2019 13:41,10/14/2019 16:48,GBPUSD,Buy,0.05,1.25605,1.25975
10/14/2019 13:41,10/14/2019 16:48,GBPUSD,Buy,0.05,1.2561,1.2598
10/14/2019 13:41,10/14/2019 16:48,GBPUSD,Buy,0.05,1.2561,1.2598
10/14/2019 13:41,10/14/2019 16:48,GBPUSD,Buy,0.05,1.2561,1.2598
10/14/2019 09:50,10/14/2019 16:48,GBPUSD,Buy,0.05,1.25762,1.2598
10/14/2019 13:42,10/14/2019 16:48,GBPUSD,Buy,0.05,1.25586,1.25956
10/14/2019 13:42,10/14/2019 16:48,GBPUSD,Buy,0.05,1.25586,1.25956
10/11/2019 14:47,10/11/2019 16:47,EURUSD,Buy,0.05,1.10533,1.10557
10/11/2019 15:35,10/11/2019 16:39,GBPUSD,Buy,0.05,1.26014,1.26564
10/11/2019 15:35,10/11/2019 16:39,GBPUSD,Buy,0.05,1.26015,1.26565
10/11/2019 15:35,10/11/2019 16:39,GBPUSD,Buy,0.05,1.26015,1.26565
10/11/2019 15:35,10/11/2019 16:39,GBPUSD,Buy,0.05,1.26016,1.26566
10/11/2019 15:35,10/11/2019 16:39,GBPUSD,Buy,0.05,1.26015,1.26565
10/11/2019 15:35,10/11/2019 16:39,GBPUSD,Buy,0.05,1.26015,1.26565
10/11/2019 15:35,10/11/2019 16:39,GBPUSD,Buy,0.05,1.26015,1.26565
10/11/2019 15:35,10/11/2019 16:39,GBPUSD,Buy,0.05,1.26026,1.26576
10/11/2019 14:47,10/11/2019 15:05,GBPUSD,Buy,0.05,1.26488,1.2618
10/11/2019 14:40,,,Withdrawal,0.01,0,0
10/10/2019 12:46,10/10/2019 14:46,GBPUSD,Sell,0.05,1.22528,1.22328
10/10/2019 12:46,10/10/2019 14:46,GBPUSD,Sell,0.05,1.22528,1.22328
10/10/2019 12:46,10/10/2019 14:46,GBPUSD,Sell,0.05,1.22528,1.22328
10/10/2019 12:46,10/10/2019 14:46,GBPUSD,Sell,0.05,1.22528,1.22328
10/10/2019 12:46,10/10/2019 14:46,GBPUSD,Sell,0.05,1.22523,1.22328
10/10/2019 12:46,10/10/2019 14:46,GBPUSD,Sell,0.05,1.2253,1.2233
10/10/2019 12:46,10/10/2019 14:46,GBPUSD,Sell,0.05,1.22529,1.22329
10/10/2019 12:46,10/10/2019 14:46,GBPUSD,Sell,0.05,1.22523,1.22339
10/09/2019 13:23,10/10/2019 12:41,GBPUSD,Buy,0.05,1.22185,1.22585
10/09/2019 13:23,10/10/2019 12:41,GBPUSD,Buy,0.05,1.22183,1.22583
10/09/2019 13:23,10/10/2019 12:41,GBPUSD,Buy,0.05,1.22183,1.22583
10/09/2019 13:23,10/10/2019 12:41,GBPUSD,Buy,0.05,1.22183,1.22583
10/08/2019 18:06,10/08/2019 18:30,GBPUSD,Sell,0.05,1.22168,1.22048
10/08/2019 18:06,10/08/2019 18:18,GBPUSD,Sell,0.05,1.22174,1.22054
10/08/2019 18:06,10/08/2019 18:18,GBPUSD,Sell,0.05,1.22173,1.22053
10/08/2019 18:06,10/08/2019 18:17,GBPUSD,Sell,0.05,1.22177,1.22057
10/08/2019 17:28,10/08/2019 17:58,GBPUSD,Buy,0.05,1.22019,1.22169
10/08/2019 17:28,10/08/2019 17:58,GBPUSD,Buy,0.05,1.22019,1.22169
10/08/2019 15:54,10/08/2019 17:18,GBPUSD,Sell,0.07,1.22101,1.22001
10/08/2019 15:51,,,Deposit,0,0,0
